
ALL WIN21-MAX, WIN21-MIN, WIN51-MAX, WIN51-MIN data lines for each sequence
output header lines flagged by each data type for grep purposes

WHOLE-SEQ, ORF-ID,K-R,D-E,naa,totperc,A,C,D,E,F,G,H,I,K,L,M,N,P,Q,R,S,T,V,W,Y,K+R,D+E,K+R-D-E,K+R+D+E,F+W+Y,pI,KyteDoo,abs-charge,FoldIndex,disorder,entropy,betapropensity

WIN21-MAX, ORF-ID,K-R,D-E,naa,totperc,A,C,D,E,F,G,H,I,K,L,M,N,P,Q,R,S,T,V,W,Y,K+R,D+E,K+R-D-E,K+R+D+E,F+W+Y,pI,KyteDoo,abs-charge,FoldIndex,disorder,entropy,betapropensity

WIN21-MIN, ORF-ID,K-R,D-E,naa,totperc,A,C,D,E,F,G,H,I,K,L,M,N,P,Q,R,S,T,V,W,Y,K+R,D+E,K+R-D-E,K+R+D+E,F+W+Y,pI,KyteDoo,abs-charge,FoldIndex,disorder,entropy,betapropensity

WIN51-MAX, ORF-ID,K-R,D-E,naa,totperc,A,C,D,E,F,G,H,I,K,L,M,N,P,Q,R,S,T,V,W,Y,K+R,D+E,K+R-D-E,K+R+D+E,F+W+Y,pI,KyteDoo,abs-charge,FoldIndex,disorder,entropy,betapropensity

WIN51-MIN, ORF-ID,K-R,D-E,naa,totperc,A,C,D,E,F,G,H,I,K,L,M,N,P,Q,R,S,T,V,W,Y,K+R,D+E,K+R-D-E,K+R+D+E,F+W+Y,pI,KyteDoo,abs-charge,FoldIndex,disorder,entropy,betapropensity


WHOLE-SEQ,>65043,   1.65,   3.96,  303, 100.00, 11.22,  0.66,  6.27,  2.31,  3.30,  8.25,  0.99,  5.28,  4.29,  7.59,  2.31,  7.26,  4.62,  5.94,  2.64,  6.93,  5.61,  9.24,  2.64,  2.64,   6.93,   8.58,  -1.65,  15.51,   8.58,  5.21,   0.492,   0.017,   0.203,  -0.060,    4.085,    0.995
WIN21-MAX,>65043,  14.29,  14.29,   21, 100.00, 28.57,  9.52, 14.29, 14.29,  9.52, 28.57,  9.52, 14.29, 14.29, 28.57,  9.52, 19.05, 19.05, 14.29,  9.52, 23.81, 28.57, 28.57,  9.52,  9.52,  23.81,  23.81,  23.81,  33.33,  19.05, 14.00,   0.659,   0.238,   0.637,   0.099,    3.880,    1.220
WIN21-MIN,>65043,  -9.52,  -9.52,   21, 100.00,  0.00,  0.00,  0.00,  0.00,  0.00,  0.00,  0.00,  0.00,  0.00,  0.00,  0.00,  0.00,  0.00,  0.00,  0.00,  0.00,  0.00,  0.00,  0.00,  0.00,   0.00,   0.00, -23.81,   0.00,   0.00,  1.00,   0.394,   0.000,  -0.211,  -0.152,    2.715,    0.828
WIN51-MAX,>65043,   7.84,   9.80,   51, 100.00, 19.61,  3.92, 11.76,  5.88,  7.84, 15.69,  5.88,  9.80,  9.80, 15.69,  5.88, 15.69,  9.80,  9.80,  7.84, 13.73, 13.73, 15.69,  9.80,  5.88,  13.73,  15.69,  11.76,  25.49,  15.69, 11.46,   0.604,   0.118,   0.473,   0.020,    4.109,    1.111
WIN51-MIN,>65043,  -3.92,  -1.96,   51, 100.00,  0.00,  0.00,  0.00,  0.00,  0.00,  0.00,  0.00,  0.00,  0.00,  0.00,  0.00,  0.00,  0.00,  0.00,  0.00,  0.00,  0.00,  0.00,  0.00,  0.00,   0.00,   1.96,  -9.80,   5.88,   0.00,  1.00,   0.444,   0.000,  -0.022,  -0.110,    3.412,    0.932

WHOLE-SEQ,>23734,   1.65,   3.96,  303, 100.00, 11.22,  0.66,  6.27,  2.31,  3.30,  8.25,  0.99,  5.28,  4.29,  7.59,  2.31,  7.26,  4.62,  5.94,  2.64,  6.93,  5.61,  9.24,  2.64,  2.64,   6.93,   8.58,  -1.65,  15.51,   8.58,  5.21,   0.492,   0.017,   0.203,  -0.060,    4.085,    0.995
WIN21-MAX,>23734,  14.29,  14.29,   21, 100.00, 28.57,  9.52, 14.29, 14.29,  9.52, 28.57,  9.52, 14.29, 14.29, 28.57,  9.52, 19.05, 19.05, 14.29,  9.52, 19.05, 28.57, 28.57,  9.52,  9.52,  23.81,  23.81,  23.81,  33.33,  19.05, 14.00,   0.659,   0.238,   0.637,   0.093,    3.880,    1.220
WIN21-MIN,>23734,  -9.52,  -9.52,   21, 100.00,  0.00,  0.00,  0.00,  0.00,  0.00,  0.00,  0.00,  0.00,  0.00,  0.00,  0.00,  0.00,  0.00,  0.00,  0.00,  0.00,  0.00,  0.00,  0.00,  0.00,   0.00,   0.00, -23.81,   0.00,   0.00,  1.00,   0.394,   0.000,  -0.211,  -0.152,    2.715,    0.835
WIN51-MAX,>23734,   7.84,   9.80,   51, 100.00, 19.61,  3.92, 11.76,  5.88,  7.84, 15.69,  5.88,  9.80,  9.80, 15.69,  5.88, 13.73,  9.80,  9.80,  7.84, 11.76, 11.76, 15.69,  9.80,  5.88,  13.73,  15.69,  11.76,  25.49,  15.69, 11.46,   0.604,   0.118,   0.473,   0.017,    4.109,    1.113
WIN51-MIN,>23734,  -3.92,  -1.96,   51, 100.00,  0.00,  0.00,  0.00,  0.00,  0.00,  0.00,  0.00,  0.00,  0.00,  0.00,  0.00,  0.00,  0.00,  0.00,  0.00,  0.00,  0.00,  0.00,  0.00,  0.00,   0.00,   1.96,  -9.80,   5.88,   0.00,  1.00,   0.441,   0.000,  -0.006,  -0.105,    3.412,    0.932

WHOLE-SEQ,>121368,   1.65,   3.96,  303, 100.00, 11.22,  0.99,  5.94,  1.98,  2.97,  8.25,  0.99,  5.94,  4.29,  7.59,  1.98,  7.92,  4.62,  5.94,  2.64,  6.93,  5.61,  8.91,  2.64,  2.64,   6.93,   7.92,  -0.99,  14.85,   8.25,  5.73,   0.493,   0.010,   0.212,  -0.058,    4.082,    0.996
WIN21-MAX,>121368,  14.29,  14.29,   21, 100.00, 28.57,  9.52, 14.29,  9.52,  9.52, 28.57,  9.52, 14.29, 14.29, 28.57,  9.52, 19.05, 19.05, 14.29,  9.52, 19.05, 23.81, 28.57,  9.52,  9.52,  23.81,  19.05,  23.81,  33.33,  19.05, 14.00,   0.659,   0.238,   0.637,   0.093,    3.880,    1.199
WIN21-MIN,>121368,  -9.52,  -4.76,   21, 100.00,  0.00,  0.00,  0.00,  0.00,  0.00,  0.00,  0.00,  0.00,  0.00,  0.00,  0.00,  0.00,  0.00,  0.00,  0.00,  0.00,  0.00,  0.00,  0.00,  0.00,   0.00,   0.00, -19.05,   0.00,   0.00,  1.00,   0.380,   0.000,  -0.236,  -0.152,    2.715,    0.821
WIN51-MAX,>121368,   7.84,   9.80,   51, 100.00, 19.61,  3.92, 11.76,  3.92,  7.84, 15.69,  5.88, 11.76,  9.80, 15.69,  3.92, 13.73,  9.80,  9.80,  7.84, 11.76,  9.80, 15.69,  9.80,  5.88,  13.73,  15.69,  11.76,  25.49,  15.69, 11.46,   0.603,   0.118,   0.470,   0.017,    4.109,    1.129
WIN51-MIN,>121368,  -3.92,   0.00,   51, 100.00,  0.00,  0.00,  0.00,  0.00,  0.00,  0.00,  0.00,  0.00,  0.00,  0.00,  0.00,  0.00,  0.00,  0.00,  0.00,  0.00,  0.00,  0.00,  0.00,  0.00,   0.00,   1.96,  -9.80,   5.88,   0.00,  1.00,   0.438,   0.000,  -0.003,  -0.105,    3.412,    0.932

WHOLE-SEQ,>121726,   0.99,   3.63,  303, 100.00, 11.22,  0.99,  5.94,  2.31,  3.30,  8.25,  0.66,  5.61,  3.96,  7.59,  1.98,  7.59,  4.62,  5.94,  2.97,  7.26,  5.61,  8.91,  2.64,  2.64,   6.93,   8.25,  -1.32,  15.18,   8.58,  5.22,   0.493,   0.013,   0.209,  -0.059,    4.082,    0.996
WIN21-MAX,>121726,   9.52,  14.29,   21, 100.00, 28.57,  9.52, 14.29,  9.52,  9.52, 28.57,  4.76, 14.29, 14.29, 28.57,  9.52, 19.05, 19.05, 14.29,  9.52, 23.81, 28.57, 28.57,  9.52,  9.52,  23.81,  19.05,  23.81,  33.33,  19.05, 14.00,   0.659,   0.238,   0.637,   0.099,    3.880,    1.199
WIN21-MIN,>121726,  -9.52,  -4.76,   21, 100.00,  0.00,  0.00,  0.00,  0.00,  0.00,  0.00,  0.00,  0.00,  0.00,  0.00,  0.00,  0.00,  0.00,  0.00,  0.00,  0.00,  0.00,  0.00,  0.00,  0.00,   0.00,   0.00, -19.05,   0.00,   0.00,  1.00,   0.380,   0.000,  -0.236,  -0.152,    2.715,    0.821
WIN51-MAX,>121726,   7.84,   9.80,   51, 100.00, 19.61,  3.92, 11.76,  5.88,  7.84, 15.69,  3.92,  9.80,  9.80, 15.69,  3.92, 13.73,  9.80,  9.80,  7.84, 13.73, 11.76, 15.69,  9.80,  5.88,  13.73,  15.69,   9.80,  25.49,  17.65, 11.26,   0.603,   0.098,   0.470,   0.020,    4.109,    1.130
WIN51-MIN,>121726,  -3.92,   0.00,   51, 100.00,  0.00,  0.00,  0.00,  0.00,  0.00,  0.00,  0.00,  0.00,  0.00,  0.00,  0.00,  0.00,  0.00,  0.00,  0.00,  0.00,  0.00,  0.00,  0.00,  0.00,   0.00,   1.96,  -9.80,   5.88,   0.00,  1.00,   0.438,   0.000,  -0.003,  -0.105,    3.412,    0.932

WHOLE-SEQ,>53638,   1.32,   3.96,  303, 100.00, 11.55,  0.99,  5.94,  1.98,  3.63,  8.25,  0.66,  5.61,  3.96,  7.59,  1.65,  7.92,  4.62,  6.27,  2.64,  7.26,  5.61,  8.91,  2.31,  2.64,   6.60,   7.92,  -1.32,  14.52,   8.58,  5.18,   0.495,   0.013,   0.214,  -0.058,    4.062,    0.994
WIN21-MAX,>53638,   9.52,  14.29,   21, 100.00, 28.57,  9.52, 14.29,  9.52, 14.29, 28.57,  4.76, 14.29, 14.29, 28.57,  9.52, 19.05, 19.05, 14.29,  9.52, 23.81, 28.57, 28.57,  9.52,  9.52,  23.81,  19.05,  23.81,  33.33,  19.05, 14.00,   0.659,   0.238,   0.637,   0.096,    3.880,    1.220
WIN21-MIN,>53638,  -9.52,  -4.76,   21, 100.00,  0.00,  0.00,  0.00,  0.00,  0.00,  0.00,  0.00,  0.00,  0.00,  0.00,  0.00,  0.00,  0.00,  0.00,  0.00,  0.00,  0.00,  0.00,  0.00,  0.00,   0.00,   0.00, -19.05,   0.00,   0.00,  1.00,   0.380,   0.000,  -0.236,  -0.152,    2.715,    0.821
WIN51-MAX,>53638,   7.84,   9.80,   51, 100.00, 19.61,  3.92, 11.76,  3.92,  7.84, 15.69,  3.92,  9.80,  9.80, 15.69,  3.92, 13.73,  9.80,  9.80,  7.84, 13.73, 11.76, 15.69,  9.80,  5.88,  13.73,  15.69,  11.76,  25.49,  15.69, 11.46,   0.604,   0.118,   0.473,   0.019,    4.109,    1.115
WIN51-MIN,>53638,  -3.92,   0.00,   51, 100.00,  0.00,  0.00,  0.00,  0.00,  0.00,  0.00,  0.00,  0.00,  0.00,  0.00,  0.00,  0.00,  0.00,  0.00,  0.00,  0.00,  0.00,  0.00,  0.00,  0.00,   0.00,   1.96,  -9.80,   5.88,   0.00,  1.00,   0.438,   0.000,  -0.004,  -0.105,    3.412,    0.932

WHOLE-SEQ,>53136,   1.65,   3.96,  303, 100.00, 11.22,  0.99,  5.94,  1.98,  3.30,  8.25,  0.66,  5.61,  4.29,  7.59,  1.98,  7.92,  4.62,  5.94,  2.64,  6.93,  5.94,  8.91,  2.64,  2.64,   6.93,   7.92,  -0.99,  14.85,   8.58,  5.43,   0.493,   0.010,   0.213,  -0.058,    4.075,    0.996
WIN21-MAX,>53136,  14.29,  14.29,   21, 100.00, 28.57,  9.52, 14.29,  9.52,  9.52, 28.57,  4.76, 14.29, 14.29, 28.57,  9.52, 19.05, 19.05, 14.29,  9.52, 19.05, 28.57, 28.57,  9.52,  9.52,  23.81,  19.05,  23.81,  33.33,  19.05, 14.00,   0.659,   0.238,   0.637,   0.093,    3.880,    1.199
WIN21-MIN,>53136,  -9.52,  -4.76,   21, 100.00,  0.00,  0.00,  0.00,  0.00,  0.00,  0.00,  0.00,  0.00,  0.00,  0.00,  0.00,  0.00,  0.00,  0.00,  0.00,  0.00,  0.00,  0.00,  0.00,  0.00,   0.00,   0.00, -19.05,   0.00,   0.00,  1.00,   0.380,   0.000,  -0.236,  -0.152,    2.715,    0.821
WIN51-MAX,>53136,   7.84,   9.80,   51, 100.00, 19.61,  3.92, 11.76,  3.92,  7.84, 15.69,  3.92,  9.80,  9.80, 15.69,  3.92, 13.73,  9.80,  9.80,  7.84, 11.76, 11.76, 15.69,  9.80,  5.88,  13.73,  15.69,  11.76,  25.49,  17.65, 11.46,   0.603,   0.118,   0.470,   0.017,    4.109,    1.128
WIN51-MIN,>53136,  -3.92,   0.00,   51, 100.00,  0.00,  0.00,  0.00,  0.00,  0.00,  0.00,  0.00,  0.00,  0.00,  0.00,  0.00,  0.00,  0.00,  0.00,  0.00,  0.00,  0.00,  0.00,  0.00,  0.00,   0.00,   1.96,  -9.80,   5.88,   0.00,  1.00,   0.438,   0.000,  -0.003,  -0.105,    3.412,    0.932

WHOLE-SEQ,>120647,   1.65,   3.96,  303, 100.00, 11.22,  0.99,  5.94,  1.98,  3.30,  8.25,  0.66,  5.61,  4.29,  7.59,  1.98,  7.92,  4.62,  5.94,  2.64,  6.93,  5.94,  8.91,  2.64,  2.64,   6.93,   7.92,  -0.99,  14.85,   8.58,  5.43,   0.493,   0.010,   0.213,  -0.058,    4.075,    0.996
WIN21-MAX,>120647,  14.29,  14.29,   21, 100.00, 28.57,  9.52, 14.29,  9.52,  9.52, 28.57,  4.76, 14.29, 14.29, 28.57,  9.52, 19.05, 19.05, 14.29,  9.52, 23.81, 28.57, 28.57,  9.52,  9.52,  23.81,  19.05,  23.81,  33.33,  19.05, 14.00,   0.659,   0.238,   0.637,   0.099,    3.880,    1.199
WIN21-MIN,>120647,  -9.52,  -4.76,   21, 100.00,  0.00,  0.00,  0.00,  0.00,  0.00,  0.00,  0.00,  0.00,  0.00,  0.00,  0.00,  0.00,  0.00,  0.00,  0.00,  0.00,  0.00,  0.00,  0.00,  0.00,   0.00,   0.00, -19.05,   0.00,   0.00,  1.00,   0.380,   0.000,  -0.236,  -0.152,    2.715,    0.821
WIN51-MAX,>120647,   7.84,   9.80,   51, 100.00, 19.61,  3.92, 11.76,  3.92,  7.84, 15.69,  3.92,  9.80,  9.80, 15.69,  3.92, 15.69,  9.80,  9.80,  7.84, 13.73, 13.73, 15.69,  9.80,  5.88,  13.73,  15.69,  11.76,  25.49,  17.65, 11.46,   0.603,   0.118,   0.470,   0.020,    4.109,    1.123
WIN51-MIN,>120647,  -3.92,   0.00,   51, 100.00,  0.00,  0.00,  0.00,  0.00,  0.00,  0.00,  0.00,  0.00,  0.00,  0.00,  0.00,  0.00,  0.00,  0.00,  0.00,  0.00,  0.00,  0.00,  0.00,  0.00,   0.00,   1.96,  -9.80,   5.88,   0.00,  1.00,   0.438,   0.000,  -0.003,  -0.110,    3.412,    0.932

WHOLE-SEQ,>15315,   0.99,   3.96,  303, 100.00, 11.22,  0.99,  5.94,  1.98,  3.30,  8.25,  0.99,  5.61,  3.96,  7.59,  1.65,  7.92,  4.62,  5.94,  2.97,  6.93,  5.61,  9.24,  2.64,  2.64,   6.93,   7.92,  -0.99,  14.85,   8.58,  5.73,   0.493,   0.010,   0.212,  -0.059,    4.079,    0.999
WIN21-MAX,>15315,   9.52,  14.29,   21, 100.00, 28.57,  9.52, 14.29,  9.52,  9.52, 28.57,  9.52, 14.29, 14.29, 28.57,  9.52, 19.05, 19.05, 14.29,  9.52, 19.05, 28.57, 28.57,  9.52,  9.52,  23.81,  19.05,  23.81,  33.33,  19.05, 14.00,   0.659,   0.238,   0.637,   0.093,    3.880,    1.220
WIN21-MIN,>15315,  -9.52,  -4.76,   21, 100.00,  0.00,  0.00,  0.00,  0.00,  0.00,  0.00,  0.00,  0.00,  0.00,  0.00,  0.00,  0.00,  0.00,  0.00,  0.00,  0.00,  0.00,  0.00,  0.00,  0.00,   0.00,   0.00, -19.05,   0.00,   0.00,  1.00,   0.394,   0.000,  -0.202,  -0.152,    2.715,    0.835
WIN51-MAX,>15315,   7.84,   9.80,   51, 100.00, 19.61,  3.92, 11.76,  3.92,  7.84, 15.69,  5.88,  9.80,  9.80, 15.69,  3.92, 13.73,  9.80,  9.80,  7.84, 11.76, 11.76, 15.69,  9.80,  5.88,  13.73,  15.69,  11.76,  25.49,  15.69, 11.46,   0.604,   0.118,   0.473,   0.017,    4.109,    1.119
WIN51-MIN,>15315,  -3.92,   0.00,   51, 100.00,  0.00,  0.00,  0.00,  0.00,  0.00,  0.00,  0.00,  0.00,  0.00,  0.00,  0.00,  0.00,  0.00,  0.00,  0.00,  0.00,  0.00,  0.00,  0.00,  0.00,   0.00,   1.96,  -9.80,   5.88,   0.00,  1.00,   0.441,   0.000,  -0.002,  -0.105,    3.412,    0.932

WHOLE-SEQ,>37601,   1.65,   3.96,  303, 100.00, 11.22,  0.99,  5.94,  1.98,  3.30,  8.25,  0.66,  5.61,  4.29,  7.59,  1.98,  7.92,  4.62,  5.94,  2.64,  6.93,  5.94,  8.91,  2.64,  2.64,   6.93,   7.92,  -0.99,  14.85,   8.58,  5.43,   0.493,   0.010,   0.213,  -0.058,    4.075,    0.996
WIN21-MAX,>37601,   9.52,  14.29,   21, 100.00, 28.57,  9.52, 14.29,  9.52, 14.29, 28.57,  4.76, 14.29, 14.29, 28.57,  9.52, 19.05, 19.05, 14.29,  9.52, 19.05, 28.57, 28.57,  9.52,  9.52,  23.81,  19.05,  23.81,  33.33,  23.81, 14.00,   0.659,   0.238,   0.637,   0.091,    3.916,    1.199
WIN21-MIN,>37601,  -9.52,  -4.76,   21, 100.00,  0.00,  0.00,  0.00,  0.00,  0.00,  0.00,  0.00,  0.00,  0.00,  0.00,  0.00,  0.00,  0.00,  0.00,  0.00,  0.00,  0.00,  0.00,  0.00,  0.00,   0.00,   0.00, -19.05,   0.00,   0.00,  1.00,   0.380,   0.000,  -0.236,  -0.152,    2.715,    0.821
WIN51-MAX,>37601,   7.84,   9.80,   51, 100.00, 19.61,  3.92, 11.76,  3.92,  7.84, 15.69,  3.92,  9.80,  9.80, 15.69,  3.92, 13.73,  9.80,  9.80,  7.84, 11.76, 11.76, 15.69,  9.80,  5.88,  13.73,  15.69,  11.76,  25.49,  15.69, 11.46,   0.603,   0.118,   0.470,   0.016,    4.109,    1.115
WIN51-MIN,>37601,  -3.92,   0.00,   51, 100.00,  0.00,  0.00,  0.00,  0.00,  0.00,  0.00,  0.00,  0.00,  0.00,  0.00,  0.00,  0.00,  0.00,  0.00,  0.00,  0.00,  0.00,  0.00,  0.00,  0.00,   0.00,   1.96,  -9.80,   5.88,   0.00,  1.00,   0.437,   0.000,  -0.004,  -0.105,    3.412,    0.932

WHOLE-SEQ,>46533,   0.99,   3.96,  303, 100.00, 11.22,  0.99,  5.94,  1.98,  3.30,  8.25,  0.99,  5.61,  3.96,  7.59,  1.65,  7.92,  4.62,  5.94,  2.97,  6.93,  5.61,  9.24,  2.64,  2.64,   6.93,   7.92,  -0.99,  14.85,   8.58,  5.73,   0.493,   0.010,   0.212,  -0.059,    4.079,    0.999
WIN21-MAX,>46533,   9.52,  14.29,   21, 100.00, 28.57,  9.52, 14.29,  9.52,  9.52, 28.57,  9.52, 14.29, 14.29, 28.57,  9.52, 19.05, 19.05, 14.29,  9.52, 23.81, 28.57, 28.57,  9.52,  9.52,  23.81,  19.05,  23.81,  33.33,  19.05, 14.00,   0.659,   0.238,   0.637,   0.099,    3.880,    1.220
WIN21-MIN,>46533,  -9.52,  -4.76,   21, 100.00,  0.00,  0.00,  0.00,  0.00,  0.00,  0.00,  0.00,  0.00,  0.00,  0.00,  0.00,  0.00,  0.00,  0.00,  0.00,  0.00,  0.00,  0.00,  0.00,  0.00,   0.00,   0.00, -19.05,   0.00,   0.00,  1.00,   0.394,   0.000,  -0.202,  -0.152,    2.715,    0.828
WIN51-MAX,>46533,   7.84,   9.80,   51, 100.00, 19.61,  3.92, 11.76,  3.92,  7.84, 15.69,  5.88,  9.80,  9.80, 15.69,  3.92, 15.69,  9.80,  9.80,  7.84, 13.73, 13.73, 15.69,  9.80,  5.88,  13.73,  15.69,  11.76,  25.49,  15.69, 11.46,   0.604,   0.118,   0.473,   0.020,    4.109,    1.115
WIN51-MIN,>46533,  -3.92,   0.00,   51, 100.00,  0.00,  0.00,  0.00,  0.00,  0.00,  0.00,  0.00,  0.00,  0.00,  0.00,  0.00,  0.00,  0.00,  0.00,  0.00,  0.00,  0.00,  0.00,  0.00,  0.00,   0.00,   1.96,  -9.80,   5.88,   0.00,  1.00,   0.444,   0.000,  -0.019,  -0.110,    3.412,    0.932

WHOLE-SEQ,>38012,   1.65,   3.96,  303, 100.00, 11.22,  0.66,  6.27,  2.31,  3.63,  8.25,  0.66,  5.94,  4.29,  7.59,  1.98,  7.59,  4.62,  5.94,  2.64,  6.60,  5.61,  8.91,  2.64,  2.64,   6.93,   8.58,  -1.65,  15.51,   8.91,  5.01,   0.494,   0.017,   0.209,  -0.061,    4.075,    0.998
WIN21-MAX,>38012,   9.52,  14.29,   21, 100.00, 28.57,  9.52, 14.29,  9.52, 14.29, 28.57,  4.76, 14.29, 14.29, 28.57,  9.52, 19.05, 19.05, 14.29,  9.52, 19.05, 23.81, 28.57,  9.52,  9.52,  23.81,  19.05,  23.81,  33.33,  23.81, 14.00,   0.659,   0.238,   0.637,   0.091,    3.916,    1.220
WIN21-MIN,>38012,  -9.52,  -4.76,   21, 100.00,  0.00,  0.00,  0.00,  0.00,  0.00,  0.00,  0.00,  0.00,  0.00,  0.00,  0.00,  0.00,  0.00,  0.00,  0.00,  0.00,  0.00,  0.00,  0.00,  0.00,   0.00,   0.00, -19.05,   0.00,   0.00,  1.00,   0.380,   0.000,  -0.236,  -0.152,    2.715,    0.821
WIN51-MAX,>38012,   7.84,   9.80,   51, 100.00, 19.61,  3.92, 11.76,  5.88,  7.84, 15.69,  3.92, 11.76,  9.80, 15.69,  5.88, 13.73,  9.80,  9.80,  7.84, 11.76,  9.80, 15.69,  9.80,  5.88,  13.73,  15.69,   9.80,  25.49,  15.69, 11.26,   0.604,   0.098,   0.473,   0.016,    4.109,    1.115
WIN51-MIN,>38012,  -3.92,   0.00,   51, 100.00,  0.00,  0.00,  0.00,  0.00,  0.00,  0.00,  0.00,  0.00,  0.00,  0.00,  0.00,  0.00,  0.00,  0.00,  0.00,  0.00,  0.00,  0.00,  0.00,  0.00,   0.00,   1.96,  -9.80,   5.88,   0.00,  1.00,   0.437,   0.000,   0.009,  -0.107,    3.412,    0.930

WHOLE-SEQ,>105665,   0.99,   3.63,  303, 100.00, 11.22,  0.99,  5.94,  2.31,  3.30,  8.25,  0.66,  5.61,  3.96,  7.59,  1.98,  7.59,  4.62,  5.94,  2.97,  7.26,  5.61,  8.91,  2.64,  2.64,   6.93,   8.25,  -1.32,  15.18,   8.58,  5.22,   0.493,   0.013,   0.209,  -0.059,    4.082,    0.996
WIN21-MAX,>105665,   9.52,  14.29,   21, 100.00, 28.57,  9.52, 14.29, 14.29,  9.52, 28.57,  4.76, 14.29, 14.29, 28.57,  9.52, 19.05, 19.05, 14.29,  9.52, 23.81, 28.57, 28.57,  9.52,  9.52,  23.81,  23.81,  23.81,  33.33,  19.05, 14.00,   0.659,   0.238,   0.637,   0.099,    3.880,    1.199
WIN21-MIN,>105665,  -9.52,  -9.52,   21, 100.00,  0.00,  0.00,  0.00,  0.00,  0.00,  0.00,  0.00,  0.00,  0.00,  0.00,  0.00,  0.00,  0.00,  0.00,  0.00,  0.00,  0.00,  0.00,  0.00,  0.00,   0.00,   0.00, -23.81,   0.00,   0.00,  1.00,   0.380,   0.000,  -0.283,  -0.152,    2.715,    0.826
WIN51-MAX,>105665,   7.84,   9.80,   51, 100.00, 19.61,  3.92, 11.76,  5.88,  7.84, 15.69,  3.92,  9.80,  9.80, 15.69,  3.92, 13.73,  9.80,  9.80,  7.84, 13.73, 11.76, 15.69,  9.80,  5.88,  13.73,  15.69,  11.76,  25.49,  17.65, 11.46,   0.603,   0.118,   0.470,   0.020,    4.109,    1.128
WIN51-MIN,>105665,  -3.92,  -1.96,   51, 100.00,  0.00,  0.00,  0.00,  0.00,  0.00,  0.00,  0.00,  0.00,  0.00,  0.00,  0.00,  0.00,  0.00,  0.00,  0.00,  0.00,  0.00,  0.00,  0.00,  0.00,   0.00,   1.96,  -9.80,   5.88,   0.00,  1.00,   0.438,   0.000,  -0.022,  -0.108,    3.412,    0.932

WHOLE-SEQ,>34585,   1.32,   4.29,  303, 100.00, 11.22,  0.66,  6.27,  1.98,  3.63,  8.25,  0.66,  5.94,  4.29,  7.59,  1.98,  7.92,  4.62,  5.61,  2.97,  6.60,  5.28,  9.24,  2.64,  2.64,   7.26,   8.25,  -0.99,  15.51,   8.91,  5.44,   0.496,   0.010,   0.220,  -0.061,    4.070,    1.000
WIN21-MAX,>34585,   9.52,  14.29,   21, 100.00, 28.57,  9.52, 14.29,  9.52,  9.52, 28.57,  4.76, 14.29, 14.29, 28.57,  9.52, 19.05, 19.05, 14.29,  9.52, 19.05, 23.81, 28.57,  9.52,  9.52,  23.81,  19.05,  23.81,  33.33,  19.05, 14.00,   0.659,   0.238,   0.637,   0.093,    3.880,    1.220
WIN21-MIN,>34585,  -9.52,  -4.76,   21, 100.00,  0.00,  0.00,  0.00,  0.00,  0.00,  0.00,  0.00,  0.00,  0.00,  0.00,  0.00,  0.00,  0.00,  0.00,  0.00,  0.00,  0.00,  0.00,  0.00,  0.00,   0.00,   0.00, -19.05,   0.00,   0.00,  1.00,   0.394,   0.000,  -0.202,  -0.152,    2.715,    0.835
WIN51-MAX,>34585,   7.84,   9.80,   51, 100.00, 19.61,  3.92, 11.76,  3.92,  7.84, 15.69,  3.92, 11.76,  9.80, 15.69,  5.88, 15.69,  9.80,  7.84,  7.84, 11.76,  9.80, 15.69,  9.80,  5.88,  13.73,  15.69,  11.76,  25.49,  17.65, 11.46,   0.604,   0.118,   0.473,   0.017,    4.109,    1.126
WIN51-MIN,>34585,  -3.92,   0.00,   51, 100.00,  0.00,  0.00,  0.00,  0.00,  0.00,  0.00,  0.00,  0.00,  0.00,  0.00,  0.00,  0.00,  0.00,  0.00,  0.00,  0.00,  0.00,  0.00,  0.00,  0.00,   0.00,   1.96,  -9.80,   5.88,   0.00,  1.00,   0.447,   0.000,   0.044,  -0.105,    3.412,    0.932

WHOLE-SEQ,>96165,   2.31,   4.29,  303, 100.00, 11.22,  0.66,  6.27,  1.98,  3.30,  8.25,  0.66,  5.94,  4.62,  7.59,  2.31,  7.59,  4.62,  5.94,  2.31,  6.93,  5.61,  8.91,  2.64,  2.64,   6.93,   8.25,  -1.32,  15.18,   8.58,  5.20,   0.495,   0.013,   0.215,  -0.060,    4.069,    0.996
WIN21-MAX,>96165,  14.29,  14.29,   21, 100.00, 28.57,  9.52, 14.29,  9.52, 14.29, 28.57,  4.76, 14.29, 14.29, 28.57,  9.52, 19.05, 19.05, 14.29,  9.52, 23.81, 23.81, 28.57,  9.52,  9.52,  23.81,  19.05,  23.81,  33.33,  23.81, 14.00,   0.659,   0.238,   0.637,   0.097,    3.916,    1.199
WIN21-MIN,>96165,  -9.52,  -4.76,   21, 100.00,  0.00,  0.00,  0.00,  0.00,  0.00,  0.00,  0.00,  0.00,  0.00,  0.00,  0.00,  0.00,  0.00,  0.00,  0.00,  0.00,  0.00,  0.00,  0.00,  0.00,   0.00,   0.00, -19.05,   0.00,   0.00,  1.00,   0.380,   0.000,  -0.236,  -0.152,    2.715,    0.821
WIN51-MAX,>96165,   7.84,   9.80,   51, 100.00, 19.61,  3.92, 11.76,  3.92,  7.84, 15.69,  3.92, 11.76,  9.80, 15.69,  5.88, 15.69,  9.80,  9.80,  7.84, 13.73, 11.76, 15.69,  9.80,  5.88,  13.73,  15.69,  11.76,  25.49,  15.69, 11.46,   0.603,   0.118,   0.470,   0.019,    4.109,    1.117
WIN51-MIN,>96165,  -3.92,   0.00,   51, 100.00,  0.00,  0.00,  0.00,  0.00,  0.00,  0.00,  0.00,  0.00,  0.00,  0.00,  0.00,  0.00,  0.00,  0.00,  0.00,  0.00,  0.00,  0.00,  0.00,  0.00,   0.00,   1.96,  -9.80,   5.88,   0.00,  1.00,   0.437,   0.000,   0.007,  -0.110,    3.412,    0.930

WHOLE-SEQ,>85382,   1.65,   3.63,  303, 100.00, 11.22,  0.66,  5.94,  2.31,  3.63,  8.25,  0.66,  5.94,  4.29,  7.59,  1.98,  7.92,  4.62,  5.94,  2.64,  6.60,  5.61,  8.91,  2.64,  2.64,   6.93,   8.25,  -1.32,  15.18,   8.91,  5.22,   0.494,   0.013,   0.213,  -0.061,    4.074,    0.998
WIN21-MAX,>85382,   9.52,  14.29,   21, 100.00, 28.57,  9.52, 14.29, 14.29, 14.29, 28.57,  4.76, 14.29, 14.29, 28.57,  9.52, 19.05, 19.05, 14.29,  9.52, 19.05, 23.81, 28.57,  9.52,  9.52,  23.81,  23.81,  23.81,  33.33,  23.81, 14.00,   0.659,   0.238,   0.637,   0.091,    3.880,    1.220
WIN21-MIN,>85382,  -9.52,  -9.52,   21, 100.00,  0.00,  0.00,  0.00,  0.00,  0.00,  0.00,  0.00,  0.00,  0.00,  0.00,  0.00,  0.00,  0.00,  0.00,  0.00,  0.00,  0.00,  0.00,  0.00,  0.00,   0.00,   0.00, -23.81,   0.00,   0.00,  1.00,   0.380,   0.000,  -0.283,  -0.152,    2.715,    0.826
WIN51-MAX,>85382,   7.84,   9.80,   51, 100.00, 19.61,  3.92, 11.76,  5.88,  7.84, 15.69,  3.92, 11.76,  9.80, 15.69,  5.88, 15.69,  9.80,  9.80,  7.84, 11.76,  9.80, 15.69,  9.80,  5.88,  13.73,  15.69,  11.76,  25.49,  15.69, 11.46,   0.604,   0.118,   0.473,   0.016,    4.109,    1.113
WIN51-MIN,>85382,  -3.92,  -1.96,   51, 100.00,  0.00,  0.00,  0.00,  0.00,  0.00,  0.00,  0.00,  0.00,  0.00,  0.00,  0.00,  0.00,  0.00,  0.00,  0.00,  0.00,  0.00,  0.00,  0.00,  0.00,   0.00,   1.96,  -9.80,   5.88,   0.00,  1.00,   0.437,   0.000,  -0.011,  -0.106,    3.412,    0.932

WHOLE-SEQ,>39234,   2.31,   4.29,  303, 100.00, 11.22,  0.66,  6.27,  1.98,  3.30,  8.25,  0.66,  5.94,  4.62,  7.59,  2.31,  7.59,  4.62,  5.94,  2.31,  6.93,  5.61,  8.91,  2.64,  2.64,   6.93,   8.25,  -1.32,  15.18,   8.58,  5.20,   0.495,   0.013,   0.215,  -0.060,    4.069,    0.996
WIN21-MAX,>39234,  14.29,  14.29,   21, 100.00, 28.57,  9.52, 14.29,  9.52, 14.29, 28.57,  4.76, 14.29, 14.29, 28.57,  9.52, 19.05, 19.05, 14.29,  9.52, 19.05, 23.81, 28.57,  9.52,  9.52,  23.81,  19.05,  23.81,  33.33,  23.81, 14.00,   0.659,   0.238,   0.637,   0.091,    3.916,    1.199
WIN21-MIN,>39234,  -9.52,  -4.76,   21, 100.00,  0.00,  0.00,  0.00,  0.00,  0.00,  0.00,  0.00,  0.00,  0.00,  0.00,  0.00,  0.00,  0.00,  0.00,  0.00,  0.00,  0.00,  0.00,  0.00,  0.00,   0.00,   0.00, -19.05,   0.00,   0.00,  1.00,   0.380,   0.000,  -0.236,  -0.152,    2.715,    0.821
WIN51-MAX,>39234,   7.84,   9.80,   51, 100.00, 19.61,  3.92, 11.76,  3.92,  7.84, 15.69,  3.92, 11.76,  9.80, 15.69,  5.88, 13.73,  9.80,  9.80,  7.84, 11.76,  9.80, 15.69,  9.80,  5.88,  13.73,  15.69,  11.76,  25.49,  15.69, 11.46,   0.603,   0.118,   0.470,   0.016,    4.109,    1.118
WIN51-MIN,>39234,  -3.92,   0.00,   51, 100.00,  0.00,  0.00,  0.00,  0.00,  0.00,  0.00,  0.00,  0.00,  0.00,  0.00,  0.00,  0.00,  0.00,  0.00,  0.00,  0.00,  0.00,  0.00,  0.00,  0.00,   0.00,   1.96,  -9.80,   5.88,   0.00,  1.00,   0.437,   0.000,   0.015,  -0.105,    3.412,    0.932

WHOLE-SEQ,>122479,   1.98,   3.96,  303, 100.00, 11.22,  0.99,  5.94,  1.98,  3.30,  8.25,  0.66,  5.61,  4.29,  7.59,  1.98,  7.92,  4.62,  6.27,  2.31,  7.26,  5.61,  8.91,  2.64,  2.64,   6.60,   7.92,  -1.32,  14.52,   8.58,  5.18,   0.494,   0.013,   0.211,  -0.057,    4.070,    0.995
WIN21-MAX,>122479,  14.29,  14.29,   21, 100.00, 28.57,  9.52, 14.29,  9.52, 14.29, 28.57,  4.76, 14.29, 14.29, 28.57,  9.52, 19.05, 19.05, 14.29,  9.52, 23.81, 28.57, 28.57,  9.52,  9.52,  23.81,  19.05,  23.81,  33.33,  23.81, 14.00,   0.659,   0.238,   0.637,   0.097,    3.880,    1.199
WIN21-MIN,>122479,  -9.52,  -4.76,   21, 100.00,  0.00,  0.00,  0.00,  0.00,  0.00,  0.00,  0.00,  0.00,  0.00,  0.00,  0.00,  0.00,  0.00,  0.00,  0.00,  0.00,  0.00,  0.00,  0.00,  0.00,   0.00,   0.00, -19.05,   0.00,   0.00,  1.00,   0.380,   0.000,  -0.236,  -0.152,    2.715,    0.821
WIN51-MAX,>122479,   7.84,   9.80,   51, 100.00, 19.61,  3.92, 11.76,  3.92,  7.84, 15.69,  3.92,  9.80,  9.80, 15.69,  3.92, 13.73,  9.80,  9.80,  7.84, 13.73, 11.76, 15.69,  9.80,  5.88,  13.73,  15.69,  11.76,  25.49,  15.69, 11.46,   0.603,   0.118,   0.470,   0.019,    4.109,    1.115
WIN51-MIN,>122479,  -3.92,   0.00,   51, 100.00,  0.00,  0.00,  0.00,  0.00,  0.00,  0.00,  0.00,  0.00,  0.00,  0.00,  0.00,  0.00,  0.00,  0.00,  0.00,  0.00,  0.00,  0.00,  0.00,  0.00,   0.00,   1.96,  -9.80,   5.88,   0.00,  1.00,   0.438,   0.000,  -0.004,  -0.105,    3.412,    0.932

WHOLE-SEQ,>95877,   1.65,   3.63,  303, 100.00, 11.22,  0.66,  5.94,  2.31,  3.63,  8.25,  0.66,  5.94,  4.29,  7.59,  1.98,  7.92,  4.62,  5.94,  2.64,  6.60,  5.61,  8.91,  2.64,  2.64,   6.93,   8.25,  -1.32,  15.18,   8.91,  5.22,   0.494,   0.013,   0.213,  -0.061,    4.074,    0.998
WIN21-MAX,>95877,   9.52,  14.29,   21, 100.00, 28.57,  9.52, 14.29,  9.52, 14.29, 28.57,  4.76, 14.29, 14.29, 28.57,  9.52, 19.05, 19.05, 14.29,  9.52, 19.05, 23.81, 28.57,  9.52,  9.52,  23.81,  19.05,  23.81,  33.33,  23.81, 14.00,   0.659,   0.238,   0.637,   0.091,    3.916,    1.220
WIN21-MIN,>95877,  -9.52,  -4.76,   21, 100.00,  0.00,  0.00,  0.00,  0.00,  0.00,  0.00,  0.00,  0.00,  0.00,  0.00,  0.00,  0.00,  0.00,  0.00,  0.00,  0.00,  0.00,  0.00,  0.00,  0.00,   0.00,   0.00, -19.05,   0.00,   0.00,  1.00,   0.380,   0.000,  -0.236,  -0.152,    2.715,    0.821
WIN51-MAX,>95877,   7.84,   9.80,   51, 100.00, 19.61,  3.92, 11.76,  5.88,  7.84, 15.69,  3.92, 11.76,  9.80, 15.69,  5.88, 13.73,  9.80,  9.80,  7.84, 11.76,  9.80, 15.69,  9.80,  5.88,  13.73,  15.69,   9.80,  25.49,  15.69, 11.26,   0.604,   0.098,   0.473,   0.016,    4.109,    1.115
WIN51-MIN,>95877,  -3.92,   0.00,   51, 100.00,  0.00,  0.00,  0.00,  0.00,  0.00,  0.00,  0.00,  0.00,  0.00,  0.00,  0.00,  0.00,  0.00,  0.00,  0.00,  0.00,  0.00,  0.00,  0.00,  0.00,   0.00,   1.96,  -9.80,   5.88,   0.00,  1.00,   0.437,   0.000,   0.009,  -0.107,    3.412,    0.930

WHOLE-SEQ,>111565,   1.65,   3.96,  303, 100.00, 11.22,  0.99,  5.94,  1.98,  2.97,  8.25,  0.99,  5.61,  4.29,  7.59,  1.98,  7.92,  4.62,  5.94,  2.64,  6.60,  5.94,  9.24,  2.64,  2.64,   6.93,   7.92,  -0.99,  14.85,   8.25,  5.73,   0.493,   0.010,   0.212,  -0.059,    4.080,    0.998
WIN21-MAX,>111565,  14.29,  14.29,   21, 100.00, 28.57,  9.52, 14.29,  9.52,  9.52, 28.57,  9.52, 14.29, 14.29, 28.57,  9.52, 19.05, 19.05, 14.29,  9.52, 19.05, 28.57, 28.57,  9.52,  9.52,  23.81,  19.05,  23.81,  33.33,  19.05, 14.00,   0.659,   0.238,   0.637,   0.093,    3.880,    1.199
WIN21-MIN,>111565,  -9.52,  -4.76,   21, 100.00,  0.00,  0.00,  0.00,  0.00,  0.00,  0.00,  0.00,  0.00,  0.00,  0.00,  0.00,  0.00,  0.00,  0.00,  0.00,  0.00,  0.00,  0.00,  0.00,  0.00,   0.00,   0.00, -19.05,   0.00,   0.00,  1.00,   0.394,   0.000,  -0.202,  -0.152,    2.715,    0.835
WIN51-MAX,>111565,   7.84,   9.80,   51, 100.00, 19.61,  3.92, 11.76,  3.92,  7.84, 15.69,  5.88,  9.80,  9.80, 15.69,  3.92, 15.69,  9.80,  9.80,  7.84, 11.76, 13.73, 15.69,  9.80,  5.88,  13.73,  15.69,  11.76,  25.49,  15.69, 11.46,   0.603,   0.118,   0.470,   0.017,    4.109,    1.115
WIN51-MIN,>111565,  -3.92,   0.00,   51, 100.00,  0.00,  0.00,  0.00,  0.00,  0.00,  0.00,  0.00,  0.00,  0.00,  0.00,  0.00,  0.00,  0.00,  0.00,  0.00,  0.00,  0.00,  0.00,  0.00,  0.00,   0.00,   1.96,  -9.80,   5.88,   0.00,  1.00,   0.444,   0.000,  -0.019,  -0.110,    3.412,    0.932

WHOLE-SEQ,>106664,   1.65,   3.63,  303, 100.00, 11.22,  0.66,  5.94,  2.31,  3.63,  8.25,  0.66,  5.94,  4.29,  7.59,  1.98,  7.92,  4.62,  5.94,  2.64,  6.60,  5.61,  8.91,  2.64,  2.64,   6.93,   8.25,  -1.32,  15.18,   8.91,  5.22,   0.494,   0.013,   0.213,  -0.061,    4.074,    0.998
WIN21-MAX,>106664,  14.29,  14.29,   21, 100.00, 28.57,  9.52, 14.29, 14.29,  9.52, 28.57,  4.76, 14.29, 14.29, 28.57,  9.52, 19.05, 19.05, 14.29,  9.52, 19.05, 23.81, 28.57,  9.52,  9.52,  23.81,  23.81,  23.81,  33.33,  19.05, 14.00,   0.659,   0.238,   0.637,   0.093,    3.880,    1.220
WIN21-MIN,>106664,  -9.52,  -9.52,   21, 100.00,  0.00,  0.00,  0.00,  0.00,  0.00,  0.00,  0.00,  0.00,  0.00,  0.00,  0.00,  0.00,  0.00,  0.00,  0.00,  0.00,  0.00,  0.00,  0.00,  0.00,   0.00,   0.00, -23.81,   0.00,   0.00,  1.00,   0.380,   0.000,  -0.283,  -0.152,    2.715,    0.826
WIN51-MAX,>106664,   7.84,   9.80,   51, 100.00, 19.61,  3.92, 11.76,  5.88,  7.84, 15.69,  3.92, 11.76,  9.80, 15.69,  5.88, 15.69,  9.80,  9.80,  7.84, 11.76,  9.80, 15.69,  9.80,  5.88,  13.73,  15.69,  11.76,  25.49,  17.65, 11.46,   0.604,   0.118,   0.473,   0.017,    4.109,    1.126
WIN51-MIN,>106664,  -3.92,  -1.96,   51, 100.00,  0.00,  0.00,  0.00,  0.00,  0.00,  0.00,  0.00,  0.00,  0.00,  0.00,  0.00,  0.00,  0.00,  0.00,  0.00,  0.00,  0.00,  0.00,  0.00,  0.00,   0.00,   1.96,  -9.80,   5.88,   0.00,  1.00,   0.438,   0.000,  -0.022,  -0.108,    3.412,    0.932

WHOLE-SEQ,>112669,   0.99,   3.96,  303, 100.00, 11.55,  0.99,  5.94,  1.98,  3.30,  8.25,  0.66,  5.61,  3.96,  7.59,  1.98,  7.92,  4.62,  5.94,  2.97,  6.93,  5.61,  9.24,  2.31,  2.64,   6.93,   7.92,  -0.99,  14.85,   8.25,  5.43,   0.496,   0.010,   0.220,  -0.059,    4.068,    0.997
WIN21-MAX,>112669,   9.52,  14.29,   21, 100.00, 28.57,  9.52, 14.29,  9.52,  9.52, 28.57,  4.76, 14.29, 14.29, 28.57,  9.52, 19.05, 19.05, 14.29,  9.52, 19.05, 28.57, 28.57,  9.52,  9.52,  23.81,  19.05,  23.81,  33.33,  19.05, 14.00,   0.659,   0.238,   0.637,   0.092,    3.880,    1.199
WIN21-MIN,>112669,  -9.52,  -4.76,   21, 100.00,  0.00,  0.00,  0.00,  0.00,  0.00,  0.00,  0.00,  0.00,  0.00,  0.00,  0.00,  0.00,  0.00,  0.00,  0.00,  0.00,  0.00,  0.00,  0.00,  0.00,   0.00,   0.00, -19.05,   0.00,   0.00,  1.00,   0.394,   0.000,  -0.202,  -0.152,    2.715,    0.820
WIN51-MAX,>112669,   7.84,   9.80,   51, 100.00, 19.61,  3.92, 11.76,  3.92,  7.84, 15.69,  3.92,  9.80,  9.80, 15.69,  3.92, 13.73,  9.80,  9.80,  7.84, 11.76, 11.76, 15.69,  9.80,  5.88,  13.73,  15.69,  11.76,  25.49,  17.65, 11.46,   0.603,   0.118,   0.470,   0.017,    4.109,    1.128
WIN51-MIN,>112669,  -3.92,   0.00,   51, 100.00,  0.00,  0.00,  0.00,  0.00,  0.00,  0.00,  0.00,  0.00,  0.00,  0.00,  0.00,  0.00,  0.00,  0.00,  0.00,  0.00,  0.00,  0.00,  0.00,  0.00,   0.00,   1.96,  -9.80,   5.88,   0.00,  1.00,   0.441,   0.000,   0.018,  -0.105,    3.412,    0.932

WHOLE-SEQ,>32951,   1.65,   3.96,  303, 100.00, 11.22,  0.66,  6.27,  2.31,  3.63,  8.25,  0.66,  5.94,  4.29,  7.59,  1.98,  7.59,  4.62,  5.94,  2.64,  6.60,  5.61,  8.91,  2.64,  2.64,   6.93,   8.58,  -1.65,  15.51,   8.91,  5.01,   0.494,   0.017,   0.209,  -0.061,    4.075,    0.998
WIN21-MAX,>32951,   9.52,  14.29,   21, 100.00, 28.57,  9.52, 14.29, 14.29, 14.29, 28.57,  4.76, 14.29, 14.29, 28.57,  9.52, 19.05, 19.05, 14.29,  9.52, 19.05, 23.81, 28.57,  9.52,  9.52,  23.81,  23.81,  23.81,  33.33,  23.81, 14.00,   0.659,   0.238,   0.637,   0.091,    3.880,    1.220
WIN21-MIN,>32951,  -9.52,  -9.52,   21, 100.00,  0.00,  0.00,  0.00,  0.00,  0.00,  0.00,  0.00,  0.00,  0.00,  0.00,  0.00,  0.00,  0.00,  0.00,  0.00,  0.00,  0.00,  0.00,  0.00,  0.00,   0.00,   0.00, -23.81,   0.00,   0.00,  1.00,   0.380,   0.000,  -0.283,  -0.152,    2.715,    0.826
WIN51-MAX,>32951,   7.84,   9.80,   51, 100.00, 19.61,  3.92, 11.76,  5.88,  7.84, 15.69,  3.92, 11.76,  9.80, 15.69,  5.88, 15.69,  9.80,  9.80,  7.84, 11.76,  9.80, 15.69,  9.80,  5.88,  13.73,  15.69,  11.76,  25.49,  15.69, 11.46,   0.604,   0.118,   0.473,   0.016,    4.109,    1.113
WIN51-MIN,>32951,  -3.92,  -1.96,   51, 100.00,  0.00,  0.00,  0.00,  0.00,  0.00,  0.00,  0.00,  0.00,  0.00,  0.00,  0.00,  0.00,  0.00,  0.00,  0.00,  0.00,  0.00,  0.00,  0.00,  0.00,   0.00,   1.96,  -9.80,   5.88,   0.00,  1.00,   0.437,   0.000,  -0.011,  -0.106,    3.412,    0.932

WHOLE-SEQ,>47424,   1.65,   3.96,  303, 100.00, 11.22,  0.66,  6.27,  2.31,  3.30,  8.25,  0.99,  5.61,  4.29,  7.59,  1.98,  7.59,  4.62,  5.94,  2.64,  6.60,  5.61,  9.24,  2.64,  2.64,   6.93,   8.58,  -1.65,  15.51,   8.58,  5.21,   0.492,   0.017,   0.203,  -0.060,    4.080,    0.997
WIN21-MAX,>47424,  14.29,  14.29,   21, 100.00, 28.57,  9.52, 14.29,  9.52,  9.52, 28.57,  9.52, 14.29, 14.29, 28.57,  9.52, 19.05, 19.05, 14.29,  9.52, 19.05, 28.57, 28.57,  9.52,  9.52,  23.81,  19.05,  23.81,  33.33,  19.05, 14.00,   0.659,   0.238,   0.637,   0.093,    3.880,    1.220
WIN21-MIN,>47424,  -9.52,  -4.76,   21, 100.00,  0.00,  0.00,  0.00,  0.00,  0.00,  0.00,  0.00,  0.00,  0.00,  0.00,  0.00,  0.00,  0.00,  0.00,  0.00,  0.00,  0.00,  0.00,  0.00,  0.00,   0.00,   0.00, -19.05,   0.00,   0.00,  1.00,   0.394,   0.000,  -0.202,  -0.152,    2.715,    0.835
WIN51-MAX,>47424,   7.84,   9.80,   51, 100.00, 19.61,  3.92, 11.76,  5.88,  7.84, 15.69,  5.88,  9.80,  9.80, 15.69,  5.88, 13.73,  9.80,  9.80,  7.84, 11.76, 11.76, 15.69,  9.80,  5.88,  13.73,  15.69,   9.80,  25.49,  15.69, 10.98,   0.604,   0.098,   0.473,   0.017,    4.109,    1.110
WIN51-MIN,>47424,  -3.92,   0.00,   51, 100.00,  0.00,  0.00,  0.00,  0.00,  0.00,  0.00,  0.00,  0.00,  0.00,  0.00,  0.00,  0.00,  0.00,  0.00,  0.00,  0.00,  0.00,  0.00,  0.00,  0.00,   0.00,   1.96,  -9.80,   5.88,   0.00,  1.00,   0.441,   0.000,  -0.003,  -0.105,    3.412,    0.932

WHOLE-SEQ,>71599,   1.65,   3.96,  303, 100.00, 11.22,  0.99,  5.94,  1.98,  3.30,  8.25,  0.99,  5.28,  4.29,  7.59,  1.98,  7.92,  4.62,  5.94,  2.64,  6.93,  5.61,  9.24,  2.64,  2.64,   6.93,   7.92,  -0.99,  14.85,   8.58,  5.73,   0.492,   0.010,   0.210,  -0.058,    4.082,    0.996
WIN21-MAX,>71599,  14.29,  14.29,   21, 100.00, 28.57,  9.52, 14.29,  9.52,  9.52, 28.57,  9.52, 14.29, 14.29, 28.57,  9.52, 19.05, 19.05, 14.29,  9.52, 19.05, 28.57, 28.57,  9.52,  9.52,  23.81,  19.05,  23.81,  33.33,  19.05, 14.00,   0.659,   0.238,   0.637,   0.093,    3.880,    1.220
WIN21-MIN,>71599,  -9.52,  -4.76,   21, 100.00,  0.00,  0.00,  0.00,  0.00,  0.00,  0.00,  0.00,  0.00,  0.00,  0.00,  0.00,  0.00,  0.00,  0.00,  0.00,  0.00,  0.00,  0.00,  0.00,  0.00,   0.00,   0.00, -19.05,   0.00,   0.00,  1.00,   0.394,   0.000,  -0.202,  -0.152,    2.715,    0.835
WIN51-MAX,>71599,   7.84,   9.80,   51, 100.00, 19.61,  3.92, 11.76,  3.92,  7.84, 15.69,  5.88,  9.80,  9.80, 15.69,  3.92, 13.73,  9.80,  9.80,  7.84, 11.76, 11.76, 15.69,  9.80,  5.88,  13.73,  15.69,  11.76,  25.49,  15.69, 11.46,   0.604,   0.118,   0.473,   0.017,    4.109,    1.119
WIN51-MIN,>71599,  -3.92,   0.00,   51, 100.00,  0.00,  0.00,  0.00,  0.00,  0.00,  0.00,  0.00,  0.00,  0.00,  0.00,  0.00,  0.00,  0.00,  0.00,  0.00,  0.00,  0.00,  0.00,  0.00,  0.00,   0.00,   1.96,  -9.80,   5.88,   0.00,  1.00,   0.441,   0.000,  -0.002,  -0.105,    3.412,    0.932

WHOLE-SEQ,>48530,   1.32,   3.96,  303, 100.00, 11.22,  0.66,  5.94,  1.98,  3.63,  8.25,  0.66,  5.94,  4.29,  7.59,  1.98,  7.92,  4.29,  5.94,  2.97,  6.93,  5.28,  9.24,  2.64,  2.64,   7.26,   7.92,  -0.66,  15.18,   8.91,  5.84,   0.496,   0.007,   0.224,  -0.064,    4.068,    1.002
WIN21-MAX,>48530,   9.52,  14.29,   21, 100.00, 28.57,  9.52, 14.29,  9.52,  9.52, 28.57,  4.76, 14.29, 14.29, 28.57,  9.52, 19.05, 19.05, 14.29,  9.52, 19.05, 23.81, 28.57,  9.52,  9.52,  23.81,  19.05,  23.81,  33.33,  19.05, 14.00,   0.659,   0.238,   0.637,   0.093,    3.880,    1.220
WIN21-MIN,>48530,  -9.52,  -4.76,   21, 100.00,  0.00,  0.00,  0.00,  0.00,  0.00,  0.00,  0.00,  0.00,  0.00,  0.00,  0.00,  0.00,  0.00,  0.00,  0.00,  0.00,  0.00,  0.00,  0.00,  0.00,   0.00,   0.00, -19.05,   0.00,   0.00,  1.00,   0.394,   0.000,  -0.202,  -0.183,    2.715,    0.835
WIN51-MAX,>48530,   7.84,   9.80,   51, 100.00, 19.61,  3.92, 11.76,  3.92,  7.84, 15.69,  3.92, 11.76,  9.80, 15.69,  5.88, 13.73,  9.80,  9.80,  7.84, 11.76,  9.80, 15.69,  9.80,  5.88,  15.69,  15.69,  11.76,  27.45,  17.65, 11.46,   0.604,   0.118,   0.473,   0.017,    4.045,    1.131
WIN51-MIN,>48530,  -1.96,   0.00,   51, 100.00,  0.00,  0.00,  0.00,  0.00,  0.00,  0.00,  0.00,  0.00,  0.00,  0.00,  0.00,  0.00,  0.00,  0.00,  0.00,  0.00,  0.00,  0.00,  0.00,  0.00,   0.00,   1.96,  -9.80,   5.88,   0.00,  1.00,   0.448,   0.000,   0.027,  -0.118,    3.412,    0.932

WHOLE-SEQ,>113707,   1.32,   3.96,  303, 100.00, 11.22,  0.66,  5.94,  1.98,  3.63,  8.25,  0.66,  5.94,  4.29,  7.59,  1.98,  7.92,  4.29,  5.94,  2.97,  6.93,  5.28,  9.24,  2.64,  2.64,   7.26,   7.92,  -0.66,  15.18,   8.91,  5.84,   0.496,   0.007,   0.224,  -0.064,    4.068,    1.002
WIN21-MAX,>113707,   9.52,  14.29,   21, 100.00, 28.57,  9.52, 14.29,  9.52,  9.52, 28.57,  4.76, 14.29, 14.29, 28.57,  9.52, 19.05, 19.05, 14.29,  9.52, 23.81, 23.81, 28.57,  9.52,  9.52,  23.81,  19.05,  23.81,  33.33,  19.05, 14.00,   0.659,   0.238,   0.637,   0.099,    3.880,    1.220
WIN21-MIN,>113707,  -9.52,  -4.76,   21, 100.00,  0.00,  0.00,  0.00,  0.00,  0.00,  0.00,  0.00,  0.00,  0.00,  0.00,  0.00,  0.00,  0.00,  0.00,  0.00,  0.00,  0.00,  0.00,  0.00,  0.00,   0.00,   0.00, -19.05,   0.00,   0.00,  1.00,   0.394,   0.000,  -0.202,  -0.183,    2.715,    0.828
WIN51-MAX,>113707,   7.84,   9.80,   51, 100.00, 19.61,  3.92, 11.76,  3.92,  7.84, 15.69,  3.92, 11.76,  9.80, 15.69,  5.88, 15.69,  9.80,  9.80,  7.84, 13.73, 11.76, 15.69,  9.80,  5.88,  15.69,  15.69,  11.76,  27.45,  17.65, 11.46,   0.604,   0.118,   0.473,   0.020,    4.045,    1.126
WIN51-MIN,>113707,  -1.96,   0.00,   51, 100.00,  0.00,  0.00,  0.00,  0.00,  0.00,  0.00,  0.00,  0.00,  0.00,  0.00,  0.00,  0.00,  0.00,  0.00,  0.00,  0.00,  0.00,  0.00,  0.00,  0.00,   0.00,   1.96,  -9.80,   5.88,   0.00,  1.00,   0.448,   0.000,   0.027,  -0.123,    3.412,    0.932

WHOLE-SEQ,>54026,   1.65,   3.96,  303, 100.00, 11.22,  0.66,  6.27,  2.31,  3.63,  8.25,  0.66,  5.94,  4.29,  7.59,  1.98,  7.59,  4.62,  5.94,  2.64,  6.60,  5.61,  8.91,  2.64,  2.64,   6.93,   8.58,  -1.65,  15.51,   8.91,  5.01,   0.494,   0.017,   0.209,  -0.061,    4.075,    0.998
WIN21-MAX,>54026,  14.29,  14.29,   21, 100.00, 28.57,  9.52, 14.29,  9.52,  9.52, 28.57,  4.76, 14.29, 14.29, 28.57,  9.52, 19.05, 19.05, 14.29,  9.52, 19.05, 23.81, 28.57,  9.52,  9.52,  23.81,  19.05,  23.81,  33.33,  19.05, 14.00,   0.659,   0.238,   0.637,   0.093,    3.880,    1.220
WIN21-MIN,>54026,  -9.52,  -4.76,   21, 100.00,  0.00,  0.00,  0.00,  0.00,  0.00,  0.00,  0.00,  0.00,  0.00,  0.00,  0.00,  0.00,  0.00,  0.00,  0.00,  0.00,  0.00,  0.00,  0.00,  0.00,   0.00,   0.00, -19.05,   0.00,   0.00,  1.00,   0.380,   0.000,  -0.236,  -0.152,    2.715,    0.821
WIN51-MAX,>54026,   7.84,   9.80,   51, 100.00, 19.61,  3.92, 11.76,  5.88,  7.84, 15.69,  3.92, 11.76,  9.80, 15.69,  5.88, 13.73,  9.80,  9.80,  7.84, 11.76,  9.80, 15.69,  9.80,  5.88,  13.73,  15.69,   9.80,  25.49,  17.65, 10.98,   0.604,   0.098,   0.473,   0.017,    4.109,    1.128
WIN51-MIN,>54026,  -3.92,   0.00,   51, 100.00,  0.00,  0.00,  0.00,  0.00,  0.00,  0.00,  0.00,  0.00,  0.00,  0.00,  0.00,  0.00,  0.00,  0.00,  0.00,  0.00,  0.00,  0.00,  0.00,  0.00,   0.00,   1.96,  -9.80,   5.88,   0.00,  1.00,   0.438,   0.000,  -0.003,  -0.107,    3.412,    0.932

WHOLE-SEQ,>122989,   1.65,   3.63,  303, 100.00, 11.22,  0.66,  5.94,  2.31,  3.63,  8.25,  0.66,  5.94,  4.29,  7.59,  1.98,  7.92,  4.62,  5.94,  2.64,  6.60,  5.61,  8.91,  2.64,  2.64,   6.93,   8.25,  -1.32,  15.18,   8.91,  5.22,   0.494,   0.013,   0.213,  -0.061,    4.074,    0.998
WIN21-MAX,>122989,  14.29,  14.29,   21, 100.00, 28.57,  9.52, 14.29,  9.52,  9.52, 28.57,  4.76, 14.29, 14.29, 28.57,  9.52, 19.05, 19.05, 14.29,  9.52, 19.05, 23.81, 28.57,  9.52,  9.52,  23.81,  19.05,  23.81,  33.33,  19.05, 14.00,   0.659,   0.238,   0.637,   0.093,    3.880,    1.220
WIN21-MIN,>122989,  -9.52,  -4.76,   21, 100.00,  0.00,  0.00,  0.00,  0.00,  0.00,  0.00,  0.00,  0.00,  0.00,  0.00,  0.00,  0.00,  0.00,  0.00,  0.00,  0.00,  0.00,  0.00,  0.00,  0.00,   0.00,   0.00, -19.05,   0.00,   0.00,  1.00,   0.380,   0.000,  -0.236,  -0.152,    2.715,    0.821
WIN51-MAX,>122989,   7.84,   9.80,   51, 100.00, 19.61,  3.92, 11.76,  5.88,  7.84, 15.69,  3.92, 11.76,  9.80, 15.69,  5.88, 13.73,  9.80,  9.80,  7.84, 11.76,  9.80, 15.69,  9.80,  5.88,  13.73,  15.69,   9.80,  25.49,  17.65, 10.98,   0.604,   0.098,   0.473,   0.017,    4.109,    1.128
WIN51-MIN,>122989,  -3.92,   0.00,   51, 100.00,  0.00,  0.00,  0.00,  0.00,  0.00,  0.00,  0.00,  0.00,  0.00,  0.00,  0.00,  0.00,  0.00,  0.00,  0.00,  0.00,  0.00,  0.00,  0.00,  0.00,   0.00,   1.96,  -9.80,   5.88,   0.00,  1.00,   0.438,   0.000,  -0.003,  -0.107,    3.412,    0.932

WHOLE-SEQ,>121403,   1.98,   3.96,  303, 100.00, 11.22,  0.99,  5.94,  1.98,  2.97,  8.25,  0.99,  5.94,  4.62,  7.59,  1.98,  7.59,  4.29,  5.94,  2.64,  6.93,  5.94,  8.91,  2.64,  2.64,   7.26,   7.92,  -0.66,  15.18,   8.25,  6.15,   0.493,   0.007,   0.216,  -0.061,    4.083,    1.000
WIN21-MAX,>121403,  14.29,  14.29,   21, 100.00, 28.57,  9.52, 14.29,  9.52,  9.52, 28.57,  9.52, 14.29, 14.29, 28.57,  9.52, 19.05, 19.05, 14.29,  9.52, 19.05, 23.81, 28.57,  9.52,  9.52,  23.81,  19.05,  23.81,  33.33,  19.05, 14.00,   0.659,   0.238,   0.637,   0.093,    3.880,    1.199
WIN21-MIN,>121403,  -9.52,  -4.76,   21, 100.00,  0.00,  0.00,  0.00,  0.00,  0.00,  0.00,  0.00,  0.00,  0.00,  0.00,  0.00,  0.00,  0.00,  0.00,  0.00,  0.00,  0.00,  0.00,  0.00,  0.00,   0.00,   0.00, -19.05,   0.00,   0.00,  1.00,   0.380,   0.000,  -0.236,  -0.183,    2.715,    0.821
WIN51-MAX,>121403,   7.84,   9.80,   51, 100.00, 19.61,  3.92, 11.76,  3.92,  7.84, 15.69,  5.88, 11.76,  9.80, 15.69,  3.92, 13.73,  9.80,  9.80,  7.84, 11.76, 11.76, 15.69,  9.80,  5.88,  15.69,  15.69,  11.76,  27.45,  15.69, 11.46,   0.603,   0.118,   0.470,   0.017,    4.045,    1.129
WIN51-MIN,>121403,  -1.96,   0.00,   51, 100.00,  0.00,  0.00,  0.00,  0.00,  0.00,  0.00,  0.00,  0.00,  0.00,  0.00,  0.00,  0.00,  0.00,  0.00,  0.00,  0.00,  0.00,  0.00,  0.00,  0.00,   0.00,   1.96,  -9.80,   5.88,   0.00,  1.00,   0.438,   0.000,  -0.003,  -0.123,    3.412,    0.932

WHOLE-SEQ,>121977,   1.65,   3.96,  303, 100.00, 11.22,  0.99,  5.94,  1.98,  3.30,  8.25,  0.66,  5.61,  4.29,  7.59,  1.98,  7.92,  4.62,  5.94,  2.64,  7.26,  5.61,  8.91,  2.64,  2.64,   6.93,   7.92,  -0.99,  14.85,   8.58,  5.43,   0.493,   0.010,   0.213,  -0.057,    4.074,    0.995
WIN21-MAX,>121977,  14.29,  14.29,   21, 100.00, 28.57,  9.52, 14.29,  9.52,  9.52, 28.57,  4.76, 14.29, 14.29, 28.57,  9.52, 19.05, 19.05, 14.29,  9.52, 23.81, 28.57, 28.57,  9.52,  9.52,  23.81,  19.05,  23.81,  33.33,  19.05, 14.00,   0.659,   0.238,   0.637,   0.099,    3.880,    1.199
WIN21-MIN,>121977,  -9.52,  -4.76,   21, 100.00,  0.00,  0.00,  0.00,  0.00,  0.00,  0.00,  0.00,  0.00,  0.00,  0.00,  0.00,  0.00,  0.00,  0.00,  0.00,  0.00,  0.00,  0.00,  0.00,  0.00,   0.00,   0.00, -19.05,   0.00,   0.00,  1.00,   0.380,   0.000,  -0.236,  -0.152,    2.715,    0.821
WIN51-MAX,>121977,   7.84,   9.80,   51, 100.00, 19.61,  3.92, 11.76,  3.92,  7.84, 15.69,  3.92,  9.80,  9.80, 15.69,  3.92, 13.73,  9.80,  9.80,  7.84, 13.73, 11.76, 15.69,  9.80,  5.88,  13.73,  15.69,  11.76,  25.49,  17.65, 11.46,   0.603,   0.118,   0.470,   0.020,    4.109,    1.128
WIN51-MIN,>121977,  -3.92,   0.00,   51, 100.00,  0.00,  0.00,  0.00,  0.00,  0.00,  0.00,  0.00,  0.00,  0.00,  0.00,  0.00,  0.00,  0.00,  0.00,  0.00,  0.00,  0.00,  0.00,  0.00,  0.00,   0.00,   1.96,  -9.80,   5.88,   0.00,  1.00,   0.438,   0.000,  -0.003,  -0.105,    3.412,    0.932

WHOLE-SEQ,>52720,   0.99,   3.96,  303, 100.00, 11.22,  0.99,  5.94,  1.98,  3.30,  8.25,  0.99,  5.94,  3.96,  7.59,  1.65,  7.92,  4.62,  5.94,  2.97,  7.26,  5.28,  8.91,  2.64,  2.64,   6.93,   7.92,  -0.99,  14.85,   8.58,  5.73,   0.493,   0.010,   0.213,  -0.058,    4.080,    0.997
WIN21-MAX,>52720,   9.52,  14.29,   21, 100.00, 28.57,  9.52, 14.29,  9.52,  9.52, 28.57,  9.52, 14.29, 14.29, 28.57,  9.52, 19.05, 19.05, 14.29,  9.52, 23.81, 23.81, 28.57,  9.52,  9.52,  23.81,  19.05,  23.81,  33.33,  19.05, 14.00,   0.659,   0.238,   0.637,   0.099,    3.880,    1.220
WIN21-MIN,>52720,  -9.52,  -4.76,   21, 100.00,  0.00,  0.00,  0.00,  0.00,  0.00,  0.00,  0.00,  0.00,  0.00,  0.00,  0.00,  0.00,  0.00,  0.00,  0.00,  0.00,  0.00,  0.00,  0.00,  0.00,   0.00,   0.00, -19.05,   0.00,   0.00,  1.00,   0.380,   0.000,  -0.236,  -0.152,    2.715,    0.821
WIN51-MAX,>52720,   7.84,   9.80,   51, 100.00, 19.61,  3.92, 11.76,  3.92,  7.84, 15.69,  5.88, 11.76,  9.80, 15.69,  3.92, 13.73,  9.80,  9.80,  7.84, 13.73,  9.80, 15.69,  9.80,  5.88,  13.73,  15.69,  11.76,  25.49,  15.69, 11.46,   0.604,   0.118,   0.473,   0.020,    4.109,    1.129
WIN51-MIN,>52720,  -3.92,   0.00,   51, 100.00,  0.00,  0.00,  0.00,  0.00,  0.00,  0.00,  0.00,  0.00,  0.00,  0.00,  0.00,  0.00,  0.00,  0.00,  0.00,  0.00,  0.00,  0.00,  0.00,  0.00,   0.00,   1.96,  -9.80,   5.88,   0.00,  1.00,   0.438,   0.000,  -0.003,  -0.105,    3.412,    0.932

WHOLE-SEQ,>77508,   1.65,   3.96,  303, 100.00, 11.22,  0.99,  5.94,  1.98,  3.30,  8.25,  0.99,  5.61,  4.29,  7.59,  1.98,  7.59,  4.62,  5.94,  2.64,  7.26,  5.61,  8.91,  2.64,  2.64,   6.93,   7.92,  -0.99,  14.85,   8.58,  5.73,   0.493,   0.010,   0.213,  -0.058,    4.085,    0.996
WIN21-MAX,>77508,  14.29,  14.29,   21, 100.00, 28.57,  9.52, 14.29,  9.52,  9.52, 28.57,  9.52, 14.29, 14.29, 28.57,  9.52, 19.05, 19.05, 14.29,  9.52, 23.81, 23.81, 28.57,  9.52,  9.52,  23.81,  19.05,  23.81,  33.33,  19.05, 14.00,   0.659,   0.238,   0.637,   0.099,    3.880,    1.220
WIN21-MIN,>77508,  -9.52,  -4.76,   21, 100.00,  0.00,  0.00,  0.00,  0.00,  0.00,  0.00,  0.00,  0.00,  0.00,  0.00,  0.00,  0.00,  0.00,  0.00,  0.00,  0.00,  0.00,  0.00,  0.00,  0.00,   0.00,   0.00, -19.05,   0.00,   0.00,  1.00,   0.380,   0.000,  -0.236,  -0.152,    2.715,    0.821
WIN51-MAX,>77508,   7.84,   9.80,   51, 100.00, 19.61,  3.92, 11.76,  3.92,  7.84, 15.69,  5.88, 11.76,  9.80, 15.69,  3.92, 13.73,  9.80,  9.80,  7.84, 13.73, 11.76, 15.69,  9.80,  5.88,  13.73,  15.69,  11.76,  25.49,  15.69, 11.46,   0.604,   0.118,   0.473,   0.020,    4.109,    1.129
WIN51-MIN,>77508,  -3.92,   0.00,   51, 100.00,  0.00,  0.00,  0.00,  0.00,  0.00,  0.00,  0.00,  0.00,  0.00,  0.00,  0.00,  0.00,  0.00,  0.00,  0.00,  0.00,  0.00,  0.00,  0.00,  0.00,   0.00,   1.96,  -9.80,   5.88,   0.00,  1.00,   0.436,   0.000,  -0.003,  -0.110,    3.412,    0.932

WHOLE-SEQ,>5261,   1.32,   4.29,  303, 100.00, 11.22,  0.66,  6.27,  1.98,  3.63,  8.25,  0.99,  5.61,  3.96,  7.59,  1.98,  7.59,  4.62,  5.94,  2.64,  7.26,  5.61,  8.91,  2.64,  2.64,   6.60,   8.25,  -1.65,  14.85,   8.91,  5.18,   0.494,   0.017,   0.207,  -0.058,    4.076,    0.996
WIN21-MAX,>5261,   9.52,  14.29,   21, 100.00, 28.57,  9.52, 14.29,  9.52, 14.29, 28.57,  9.52, 14.29, 14.29, 28.57,  9.52, 19.05, 19.05, 14.29,  9.52, 23.81, 28.57, 28.57,  9.52,  9.52,  23.81,  19.05,  23.81,  33.33,  23.81, 14.00,   0.659,   0.238,   0.637,   0.097,    3.880,    1.220
WIN21-MIN,>5261,  -9.52,  -4.76,   21, 100.00,  0.00,  0.00,  0.00,  0.00,  0.00,  0.00,  0.00,  0.00,  0.00,  0.00,  0.00,  0.00,  0.00,  0.00,  0.00,  0.00,  0.00,  0.00,  0.00,  0.00,   0.00,   0.00, -19.05,   0.00,   0.00,  1.00,   0.380,   0.000,  -0.236,  -0.152,    2.715,    0.821
WIN51-MAX,>5261,   7.84,   9.80,   51, 100.00, 19.61,  3.92, 11.76,  3.92,  7.84, 15.69,  5.88,  9.80,  9.80, 15.69,  5.88, 13.73,  9.80,  9.80,  7.84, 13.73, 11.76, 15.69,  9.80,  5.88,  13.73,  15.69,  11.76,  25.49,  15.69, 11.46,   0.604,   0.118,   0.473,   0.019,    4.109,    1.113
WIN51-MIN,>5261,  -3.92,   0.00,   51, 100.00,  0.00,  0.00,  0.00,  0.00,  0.00,  0.00,  0.00,  0.00,  0.00,  0.00,  0.00,  0.00,  0.00,  0.00,  0.00,  0.00,  0.00,  0.00,  0.00,  0.00,   0.00,   1.96,  -9.80,   5.88,   0.00,  1.00,   0.438,   0.000,  -0.006,  -0.105,    3.412,    0.932

WHOLE-SEQ,>95133,   1.65,   3.96,  303, 100.00, 11.22,  0.99,  5.94,  1.98,  3.30,  8.25,  0.66,  5.61,  4.29,  7.59,  1.98,  7.92,  4.62,  5.94,  2.64,  7.26,  5.61,  8.91,  2.64,  2.64,   6.93,   7.92,  -0.99,  14.85,   8.58,  5.43,   0.493,   0.010,   0.213,  -0.057,    4.074,    0.995
WIN21-MAX,>95133,   9.52,  14.29,   21, 100.00, 28.57,  9.52, 14.29,  9.52, 14.29, 28.57,  4.76, 14.29, 14.29, 28.57,  9.52, 19.05, 19.05, 14.29,  9.52, 23.81, 28.57, 28.57,  9.52,  9.52,  23.81,  19.05,  23.81,  33.33,  23.81, 14.00,   0.659,   0.238,   0.637,   0.097,    3.916,    1.199
WIN21-MIN,>95133,  -9.52,  -4.76,   21, 100.00,  0.00,  0.00,  0.00,  0.00,  0.00,  0.00,  0.00,  0.00,  0.00,  0.00,  0.00,  0.00,  0.00,  0.00,  0.00,  0.00,  0.00,  0.00,  0.00,  0.00,   0.00,   0.00, -19.05,   0.00,   0.00,  1.00,   0.380,   0.000,  -0.236,  -0.152,    2.715,    0.821
WIN51-MAX,>95133,   7.84,   9.80,   51, 100.00, 19.61,  3.92, 11.76,  3.92,  7.84, 15.69,  3.92,  9.80,  9.80, 15.69,  3.92, 13.73,  9.80,  9.80,  7.84, 13.73, 11.76, 15.69,  9.80,  5.88,  13.73,  15.69,  11.76,  25.49,  15.69, 11.46,   0.603,   0.118,   0.470,   0.019,    4.109,    1.115
WIN51-MIN,>95133,  -3.92,   0.00,   51, 100.00,  0.00,  0.00,  0.00,  0.00,  0.00,  0.00,  0.00,  0.00,  0.00,  0.00,  0.00,  0.00,  0.00,  0.00,  0.00,  0.00,  0.00,  0.00,  0.00,  0.00,   0.00,   1.96,  -9.80,   5.88,   0.00,  1.00,   0.437,   0.000,  -0.004,  -0.105,    3.412,    0.932

WHOLE-SEQ,>112326,   1.65,   3.96,  303, 100.00, 11.22,  0.99,  5.94,  1.98,  3.30,  8.25,  0.99,  5.61,  4.29,  7.59,  1.65,  7.92,  4.62,  5.94,  2.64,  7.26,  5.28,  9.24,  2.64,  2.64,   6.93,   7.92,  -0.99,  14.85,   8.58,  5.73,   0.493,   0.010,   0.213,  -0.058,    4.076,    0.997
WIN21-MAX,>112326,  14.29,  14.29,   21, 100.00, 28.57,  9.52, 14.29,  9.52,  9.52, 28.57,  9.52, 14.29, 14.29, 28.57,  9.52, 19.05, 19.05, 14.29,  9.52, 23.81, 28.57, 28.57,  9.52,  9.52,  23.81,  19.05,  23.81,  33.33,  19.05, 14.00,   0.659,   0.238,   0.637,   0.099,    3.880,    1.220
WIN21-MIN,>112326,  -9.52,  -4.76,   21, 100.00,  0.00,  0.00,  0.00,  0.00,  0.00,  0.00,  0.00,  0.00,  0.00,  0.00,  0.00,  0.00,  0.00,  0.00,  0.00,  0.00,  0.00,  0.00,  0.00,  0.00,   0.00,   0.00, -19.05,   0.00,   0.00,  1.00,   0.394,   0.000,  -0.202,  -0.152,    2.715,    0.828
WIN51-MAX,>112326,   7.84,   9.80,   51, 100.00, 19.61,  3.92, 11.76,  3.92,  7.84, 15.69,  5.88,  9.80,  9.80, 15.69,  3.92, 13.73,  9.80,  9.80,  7.84, 13.73, 11.76, 15.69,  9.80,  5.88,  13.73,  15.69,  11.76,  25.49,  15.69, 11.46,   0.604,   0.118,   0.473,   0.020,    4.109,    1.119
WIN51-MIN,>112326,  -3.92,   0.00,   51, 100.00,  0.00,  0.00,  0.00,  0.00,  0.00,  0.00,  0.00,  0.00,  0.00,  0.00,  0.00,  0.00,  0.00,  0.00,  0.00,  0.00,  0.00,  0.00,  0.00,  0.00,   0.00,   1.96,  -9.80,   5.88,   0.00,  1.00,   0.441,   0.000,  -0.002,  -0.105,    3.412,    0.932

WHOLE-SEQ,>99872,   1.32,   3.63,  303, 100.00, 11.55,  0.99,  5.94,  2.31,  3.30,  8.25,  0.66,  5.61,  4.29,  7.59,  1.98,  7.26,  4.29,  6.27,  2.97,  6.93,  5.61,  9.24,  2.31,  2.64,   7.26,   8.25,  -0.99,  15.51,   8.25,  5.45,   0.495,   0.010,   0.218,  -0.064,    4.075,    0.999
WIN21-MAX,>99872,   9.52,  14.29,   21, 100.00, 28.57,  9.52, 14.29, 14.29,  9.52, 28.57,  4.76, 14.29, 14.29, 28.57,  9.52, 19.05, 19.05, 14.29,  9.52, 19.05, 28.57, 28.57,  9.52,  9.52,  23.81,  23.81,  23.81,  33.33,  19.05, 14.00,   0.659,   0.238,   0.637,   0.092,    3.880,    1.220
WIN21-MIN,>99872,  -9.52,  -9.52,   21, 100.00,  0.00,  0.00,  0.00,  0.00,  0.00,  0.00,  0.00,  0.00,  0.00,  0.00,  0.00,  0.00,  0.00,  0.00,  0.00,  0.00,  0.00,  0.00,  0.00,  0.00,   0.00,   0.00, -23.81,   0.00,   0.00,  1.00,   0.394,   0.000,  -0.211,  -0.183,    2.715,    0.820
WIN51-MAX,>99872,   7.84,   9.80,   51, 100.00, 19.61,  3.92, 11.76,  5.88,  7.84, 15.69,  3.92,  9.80,  9.80, 15.69,  5.88, 13.73,  9.80,  9.80,  7.84, 11.76, 13.73, 15.69,  9.80,  5.88,  15.69,  15.69,  11.76,  27.45,  15.69, 11.46,   0.604,   0.118,   0.473,   0.017,    4.045,    1.119
WIN51-MIN,>99872,  -1.96,  -1.96,   51, 100.00,  0.00,  0.00,  0.00,  0.00,  0.00,  0.00,  0.00,  0.00,  0.00,  0.00,  0.00,  0.00,  0.00,  0.00,  0.00,  0.00,  0.00,  0.00,  0.00,  0.00,   0.00,   1.96,  -9.80,   5.88,   0.00,  1.00,   0.447,   0.000,  -0.004,  -0.123,    3.412,    0.927

WHOLE-SEQ,>112908,   1.32,   3.63,  303, 100.00, 11.55,  0.99,  5.94,  2.31,  3.30,  8.25,  0.66,  5.61,  4.29,  7.59,  1.98,  7.26,  4.29,  6.27,  2.97,  6.93,  5.61,  9.24,  2.31,  2.64,   7.26,   8.25,  -0.99,  15.51,   8.25,  5.45,   0.495,   0.010,   0.218,  -0.064,    4.075,    0.999
WIN21-MAX,>112908,   9.52,  14.29,   21, 100.00, 28.57,  9.52, 14.29,  9.52,  9.52, 28.57,  4.76, 14.29, 14.29, 28.57,  9.52, 19.05, 19.05, 14.29,  9.52, 19.05, 28.57, 28.57,  9.52,  9.52,  23.81,  19.05,  23.81,  33.33,  19.05, 14.00,   0.659,   0.238,   0.637,   0.092,    3.880,    1.220
WIN21-MIN,>112908,  -9.52,  -4.76,   21, 100.00,  0.00,  0.00,  0.00,  0.00,  0.00,  0.00,  0.00,  0.00,  0.00,  0.00,  0.00,  0.00,  0.00,  0.00,  0.00,  0.00,  0.00,  0.00,  0.00,  0.00,   0.00,   0.00, -19.05,   0.00,   0.00,  1.00,   0.394,   0.000,  -0.202,  -0.183,    2.715,    0.820
WIN51-MAX,>112908,   7.84,   9.80,   51, 100.00, 19.61,  3.92, 11.76,  5.88,  7.84, 15.69,  3.92,  9.80,  9.80, 15.69,  5.88, 13.73,  9.80,  9.80,  7.84, 11.76, 13.73, 15.69,  9.80,  5.88,  15.69,  15.69,   9.80,  27.45,  15.69, 11.26,   0.604,   0.098,   0.473,   0.017,    4.053,    1.119
WIN51-MIN,>112908,  -1.96,   0.00,   51, 100.00,  0.00,  0.00,  0.00,  0.00,  0.00,  0.00,  0.00,  0.00,  0.00,  0.00,  0.00,  0.00,  0.00,  0.00,  0.00,  0.00,  0.00,  0.00,  0.00,  0.00,   0.00,   1.96,  -9.80,   5.88,   0.00,  1.00,   0.447,   0.000,   0.015,  -0.123,    3.412,    0.927

WHOLE-SEQ,>85123,   1.32,   3.63,  303, 100.00, 11.22,  0.66,  5.94,  2.31,  3.63,  8.25,  0.66,  5.94,  4.29,  7.59,  1.98,  7.92,  4.62,  5.61,  2.97,  6.60,  5.61,  8.91,  2.64,  2.64,   7.26,   8.25,  -0.99,  15.51,   8.91,  5.45,   0.494,   0.010,   0.215,  -0.061,    4.077,    0.998
WIN21-MAX,>85123,   9.52,  14.29,   21, 100.00, 28.57,  9.52, 14.29, 14.29,  9.52, 28.57,  4.76, 14.29, 14.29, 28.57,  9.52, 19.05, 19.05, 14.29,  9.52, 19.05, 23.81, 28.57,  9.52,  9.52,  23.81,  23.81,  23.81,  33.33,  19.05, 14.00,   0.659,   0.238,   0.637,   0.093,    3.880,    1.220
WIN21-MIN,>85123,  -9.52,  -9.52,   21, 100.00,  0.00,  0.00,  0.00,  0.00,  0.00,  0.00,  0.00,  0.00,  0.00,  0.00,  0.00,  0.00,  0.00,  0.00,  0.00,  0.00,  0.00,  0.00,  0.00,  0.00,   0.00,   0.00, -23.81,   0.00,   0.00,  1.00,   0.380,   0.000,  -0.283,  -0.152,    2.715,    0.826
WIN51-MAX,>85123,   7.84,   9.80,   51, 100.00, 19.61,  3.92, 11.76,  5.88,  7.84, 15.69,  3.92, 11.76,  9.80, 15.69,  5.88, 15.69,  9.80,  7.84,  7.84, 11.76,  9.80, 15.69,  9.80,  5.88,  13.73,  15.69,  11.76,  25.49,  17.65, 11.46,   0.604,   0.118,   0.473,   0.017,    4.109,    1.126
WIN51-MIN,>85123,  -3.92,  -1.96,   51, 100.00,  0.00,  0.00,  0.00,  0.00,  0.00,  0.00,  0.00,  0.00,  0.00,  0.00,  0.00,  0.00,  0.00,  0.00,  0.00,  0.00,  0.00,  0.00,  0.00,  0.00,   0.00,   1.96,  -9.80,   5.88,   0.00,  1.00,   0.437,   0.000,  -0.005,  -0.106,    3.412,    0.932

WHOLE-SEQ,>97538,   2.31,   3.96,  303, 100.00, 11.22,  0.66,  5.94,  1.98,  3.30,  8.25,  0.66,  5.94,  4.62,  7.59,  2.31,  7.92,  4.62,  5.94,  2.31,  6.93,  5.61,  8.91,  2.64,  2.64,   6.93,   7.92,  -0.99,  14.85,   8.58,  5.43,   0.495,   0.010,   0.218,  -0.060,    4.068,    0.997
WIN21-MAX,>97538,  14.29,  14.29,   21, 100.00, 28.57,  9.52, 14.29,  9.52, 14.29, 28.57,  4.76, 14.29, 14.29, 28.57,  9.52, 19.05, 19.05, 14.29,  9.52, 19.05, 23.81, 28.57,  9.52,  9.52,  23.81,  19.05,  23.81,  33.33,  23.81, 14.00,   0.659,   0.238,   0.637,   0.091,    3.916,    1.199
WIN21-MIN,>97538,  -9.52,  -4.76,   21, 100.00,  0.00,  0.00,  0.00,  0.00,  0.00,  0.00,  0.00,  0.00,  0.00,  0.00,  0.00,  0.00,  0.00,  0.00,  0.00,  0.00,  0.00,  0.00,  0.00,  0.00,   0.00,   0.00, -19.05,   0.00,   0.00,  1.00,   0.380,   0.000,  -0.236,  -0.152,    2.715,    0.821
WIN51-MAX,>97538,   7.84,   9.80,   51, 100.00, 19.61,  3.92, 11.76,  3.92,  7.84, 15.69,  3.92, 11.76,  9.80, 15.69,  5.88, 13.73,  9.80,  9.80,  7.84, 11.76,  9.80, 15.69,  9.80,  5.88,  13.73,  15.69,  11.76,  25.49,  15.69, 11.46,   0.603,   0.118,   0.470,   0.016,    4.109,    1.118
WIN51-MIN,>97538,  -3.92,   0.00,   51, 100.00,  0.00,  0.00,  0.00,  0.00,  0.00,  0.00,  0.00,  0.00,  0.00,  0.00,  0.00,  0.00,  0.00,  0.00,  0.00,  0.00,  0.00,  0.00,  0.00,  0.00,   0.00,   1.96,  -9.80,   5.88,   0.00,  1.00,   0.437,   0.000,   0.015,  -0.105,    3.412,    0.932

WHOLE-SEQ,>11720,   1.65,   4.29,  303, 100.00, 11.22,  0.66,  6.27,  1.98,  3.63,  8.25,  0.66,  5.94,  4.29,  7.59,  1.98,  7.92,  4.62,  5.94,  2.64,  6.60,  5.61,  8.91,  2.64,  2.64,   6.93,   8.25,  -1.32,  15.18,   8.91,  5.20,   0.494,   0.013,   0.213,  -0.060,    4.069,    0.997
WIN21-MAX,>11720,   9.52,  14.29,   21, 100.00, 28.57,  9.52, 14.29,  9.52, 14.29, 28.57,  4.76, 14.29, 14.29, 28.57,  9.52, 19.05, 19.05, 14.29,  9.52, 19.05, 23.81, 28.57,  9.52,  9.52,  23.81,  19.05,  23.81,  33.33,  23.81, 14.00,   0.659,   0.238,   0.637,   0.091,    3.916,    1.220
WIN21-MIN,>11720,  -9.52,  -4.76,   21, 100.00,  0.00,  0.00,  0.00,  0.00,  0.00,  0.00,  0.00,  0.00,  0.00,  0.00,  0.00,  0.00,  0.00,  0.00,  0.00,  0.00,  0.00,  0.00,  0.00,  0.00,   0.00,   0.00, -19.05,   0.00,   0.00,  1.00,   0.380,   0.000,  -0.236,  -0.152,    2.715,    0.821
WIN51-MAX,>11720,   7.84,   9.80,   51, 100.00, 19.61,  3.92, 11.76,  3.92,  7.84, 15.69,  3.92, 11.76,  9.80, 15.69,  5.88, 15.69,  9.80,  9.80,  7.84, 11.76,  9.80, 15.69,  9.80,  5.88,  13.73,  15.69,  11.76,  25.49,  15.69, 11.46,   0.604,   0.118,   0.473,   0.016,    4.109,    1.113
WIN51-MIN,>11720,  -3.92,   0.00,   51, 100.00,  0.00,  0.00,  0.00,  0.00,  0.00,  0.00,  0.00,  0.00,  0.00,  0.00,  0.00,  0.00,  0.00,  0.00,  0.00,  0.00,  0.00,  0.00,  0.00,  0.00,   0.00,   1.96,  -9.80,   5.88,   0.00,  1.00,   0.437,   0.000,   0.007,  -0.105,    3.412,    0.930

WHOLE-SEQ,>40273,   1.65,   3.96,  303, 100.00, 11.22,  0.66,  6.27,  2.31,  3.30,  8.25,  0.99,  5.61,  4.29,  7.59,  1.98,  7.59,  4.62,  5.94,  2.64,  6.60,  5.61,  9.24,  2.64,  2.64,   6.93,   8.58,  -1.65,  15.51,   8.58,  5.21,   0.492,   0.017,   0.203,  -0.060,    4.080,    0.997
WIN21-MAX,>40273,  14.29,  14.29,   21, 100.00, 28.57,  9.52, 14.29, 14.29,  9.52, 28.57,  9.52, 14.29, 14.29, 28.57,  9.52, 19.05, 19.05, 14.29,  9.52, 19.05, 28.57, 28.57,  9.52,  9.52,  23.81,  23.81,  23.81,  33.33,  19.05, 14.00,   0.659,   0.238,   0.637,   0.093,    3.880,    1.220
WIN21-MIN,>40273,  -9.52,  -9.52,   21, 100.00,  0.00,  0.00,  0.00,  0.00,  0.00,  0.00,  0.00,  0.00,  0.00,  0.00,  0.00,  0.00,  0.00,  0.00,  0.00,  0.00,  0.00,  0.00,  0.00,  0.00,   0.00,   0.00, -23.81,   0.00,   0.00,  1.00,   0.394,   0.000,  -0.211,  -0.152,    2.715,    0.835
WIN51-MAX,>40273,   7.84,   9.80,   51, 100.00, 19.61,  3.92, 11.76,  5.88,  7.84, 15.69,  5.88,  9.80,  9.80, 15.69,  5.88, 15.69,  9.80,  9.80,  7.84, 11.76, 11.76, 15.69,  9.80,  5.88,  13.73,  15.69,  11.76,  25.49,  15.69, 11.46,   0.604,   0.118,   0.473,   0.017,    4.109,    1.108
WIN51-MIN,>40273,  -3.92,  -1.96,   51, 100.00,  0.00,  0.00,  0.00,  0.00,  0.00,  0.00,  0.00,  0.00,  0.00,  0.00,  0.00,  0.00,  0.00,  0.00,  0.00,  0.00,  0.00,  0.00,  0.00,  0.00,   0.00,   1.96,  -9.80,   5.88,   0.00,  1.00,   0.441,   0.000,  -0.022,  -0.108,    3.412,    0.932

WHOLE-SEQ,>67566,   1.65,   3.96,  303, 100.00, 11.22,  0.99,  6.27,  2.31,  3.30,  8.25,  0.99,  5.61,  4.29,  7.59,  1.98,  6.93,  4.62,  5.94,  2.64,  7.26,  5.61,  8.91,  2.64,  2.64,   6.93,   8.58,  -1.65,  15.51,   8.58,  5.21,   0.493,   0.017,   0.207,  -0.060,    4.092,    0.996
WIN21-MAX,>67566,  14.29,  14.29,   21, 100.00, 28.57,  9.52, 14.29, 14.29,  9.52, 28.57,  9.52, 14.29, 14.29, 28.57,  9.52, 19.05, 19.05, 14.29,  9.52, 23.81, 23.81, 28.57,  9.52,  9.52,  23.81,  23.81,  23.81,  33.33,  19.05, 14.00,   0.659,   0.238,   0.637,   0.099,    3.880,    1.220
WIN21-MIN,>67566,  -9.52,  -9.52,   21, 100.00,  0.00,  0.00,  0.00,  0.00,  0.00,  0.00,  0.00,  0.00,  0.00,  0.00,  0.00,  0.00,  0.00,  0.00,  0.00,  0.00,  0.00,  0.00,  0.00,  0.00,   0.00,   0.00, -23.81,   0.00,   0.00,  1.00,   0.380,   0.000,  -0.283,  -0.152,    2.715,    0.826
WIN51-MAX,>67566,   7.84,   9.80,   51, 100.00, 19.61,  3.92, 11.76,  5.88,  7.84, 15.69,  5.88, 11.76,  9.80, 15.69,  3.92, 13.73,  9.80,  9.80,  7.84, 13.73, 11.76, 15.69,  9.80,  5.88,  13.73,  15.69,  11.76,  25.49,  15.69, 11.46,   0.604,   0.118,   0.473,   0.020,    4.109,    1.129
WIN51-MIN,>67566,  -3.92,  -1.96,   51, 100.00,  0.00,  0.00,  0.00,  0.00,  0.00,  0.00,  0.00,  0.00,  0.00,  0.00,  0.00,  0.00,  0.00,  0.00,  0.00,  0.00,  0.00,  0.00,  0.00,  0.00,   0.00,   1.96,  -9.80,   5.88,   0.00,  1.00,   0.436,   0.000,  -0.022,  -0.110,    3.412,    0.932

WHOLE-SEQ,>88467,   1.32,   3.96,  303, 100.00, 11.22,  0.99,  5.94,  1.98,  3.63,  8.25,  0.66,  5.94,  4.29,  7.59,  1.65,  7.92,  4.62,  5.61,  2.97,  6.93,  5.28,  9.24,  2.64,  2.64,   7.26,   7.92,  -0.66,  15.18,   8.91,  5.84,   0.497,   0.007,   0.227,  -0.061,    4.073,    1.002
WIN21-MAX,>88467,   9.52,  14.29,   21, 100.00, 28.57,  9.52, 14.29,  9.52,  9.52, 28.57,  4.76, 14.29, 14.29, 28.57,  9.52, 19.05, 19.05, 14.29,  9.52, 19.05, 23.81, 28.57,  9.52,  9.52,  23.81,  19.05,  23.81,  33.33,  19.05, 14.00,   0.659,   0.238,   0.637,   0.093,    3.880,    1.220
WIN21-MIN,>88467,  -9.52,  -4.76,   21, 100.00,  0.00,  0.00,  0.00,  0.00,  0.00,  0.00,  0.00,  0.00,  0.00,  0.00,  0.00,  0.00,  0.00,  0.00,  0.00,  0.00,  0.00,  0.00,  0.00,  0.00,   0.00,   0.00, -19.05,   0.00,   0.00,  1.00,   0.394,   0.000,  -0.202,  -0.152,    2.715,    0.835
WIN51-MAX,>88467,   7.84,   9.80,   51, 100.00, 19.61,  3.92, 11.76,  3.92,  7.84, 15.69,  3.92, 11.76,  9.80, 15.69,  3.92, 13.73,  9.80,  7.84,  7.84, 11.76,  9.80, 15.69,  9.80,  5.88,  13.73,  15.69,  11.76,  25.49,  17.65, 11.46,   0.604,   0.118,   0.473,   0.017,    4.109,    1.137
WIN51-MIN,>88467,  -3.92,   0.00,   51, 100.00,  0.00,  0.00,  0.00,  0.00,  0.00,  0.00,  0.00,  0.00,  0.00,  0.00,  0.00,  0.00,  0.00,  0.00,  0.00,  0.00,  0.00,  0.00,  0.00,  0.00,   0.00,   1.96,  -9.80,   5.88,   0.00,  1.00,   0.447,   0.000,   0.044,  -0.105,    3.412,    0.932

WHOLE-SEQ,>18648,   1.32,   3.96,  303, 100.00, 11.55,  0.99,  5.94,  1.98,  3.63,  8.25,  0.66,  5.61,  3.96,  7.59,  1.65,  7.92,  4.62,  6.27,  2.64,  6.93,  5.94,  8.91,  2.31,  2.64,   6.60,   7.92,  -1.32,  14.52,   8.58,  5.18,   0.495,   0.013,   0.214,  -0.058,    4.063,    0.996
WIN21-MAX,>18648,   9.52,  14.29,   21, 100.00, 28.57,  9.52, 14.29,  9.52, 14.29, 28.57,  4.76, 14.29, 14.29, 28.57,  9.52, 19.05, 19.05, 14.29,  9.52, 19.05, 28.57, 28.57,  9.52,  9.52,  23.81,  19.05,  23.81,  33.33,  19.05, 14.00,   0.659,   0.238,   0.637,   0.090,    3.880,    1.220
WIN21-MIN,>18648,  -9.52,  -4.76,   21, 100.00,  0.00,  0.00,  0.00,  0.00,  0.00,  0.00,  0.00,  0.00,  0.00,  0.00,  0.00,  0.00,  0.00,  0.00,  0.00,  0.00,  0.00,  0.00,  0.00,  0.00,   0.00,   0.00, -19.05,   0.00,   0.00,  1.00,   0.380,   0.000,  -0.236,  -0.152,    2.715,    0.821
WIN51-MAX,>18648,   7.84,   9.80,   51, 100.00, 19.61,  3.92, 11.76,  3.92,  7.84, 15.69,  3.92,  9.80,  9.80, 15.69,  3.92, 13.73,  9.80,  9.80,  7.84, 11.76, 11.76, 15.69,  9.80,  5.88,  13.73,  15.69,  11.76,  25.49,  15.69, 11.46,   0.604,   0.118,   0.473,   0.016,    4.109,    1.115
WIN51-MIN,>18648,  -3.92,   0.00,   51, 100.00,  0.00,  0.00,  0.00,  0.00,  0.00,  0.00,  0.00,  0.00,  0.00,  0.00,  0.00,  0.00,  0.00,  0.00,  0.00,  0.00,  0.00,  0.00,  0.00,  0.00,   0.00,   1.96,  -9.80,   5.88,   0.00,  1.00,   0.438,   0.000,  -0.004,  -0.105,    3.412,    0.932

WHOLE-SEQ,>52572,   1.32,   3.96,  303, 100.00, 11.55,  0.99,  5.94,  1.98,  3.63,  8.25,  0.66,  5.61,  3.96,  7.59,  1.65,  7.92,  4.62,  6.27,  2.64,  6.93,  5.94,  8.91,  2.31,  2.64,   6.60,   7.92,  -1.32,  14.52,   8.58,  5.18,   0.495,   0.013,   0.214,  -0.058,    4.063,    0.996
WIN21-MAX,>52572,   9.52,  14.29,   21, 100.00, 28.57,  9.52, 14.29,  9.52, 14.29, 28.57,  4.76, 14.29, 14.29, 28.57,  9.52, 19.05, 19.05, 14.29,  9.52, 23.81, 28.57, 28.57,  9.52,  9.52,  23.81,  19.05,  23.81,  33.33,  19.05, 14.00,   0.659,   0.238,   0.637,   0.096,    3.880,    1.220
WIN21-MIN,>52572,  -9.52,  -4.76,   21, 100.00,  0.00,  0.00,  0.00,  0.00,  0.00,  0.00,  0.00,  0.00,  0.00,  0.00,  0.00,  0.00,  0.00,  0.00,  0.00,  0.00,  0.00,  0.00,  0.00,  0.00,   0.00,   0.00, -19.05,   0.00,   0.00,  1.00,   0.380,   0.000,  -0.236,  -0.152,    2.715,    0.821
WIN51-MAX,>52572,   7.84,   9.80,   51, 100.00, 19.61,  3.92, 11.76,  3.92,  7.84, 15.69,  3.92,  9.80,  9.80, 15.69,  3.92, 15.69,  9.80,  9.80,  7.84, 13.73, 13.73, 15.69,  9.80,  5.88,  13.73,  15.69,  11.76,  25.49,  15.69, 11.46,   0.604,   0.118,   0.473,   0.019,    4.109,    1.111
WIN51-MIN,>52572,  -3.92,   0.00,   51, 100.00,  0.00,  0.00,  0.00,  0.00,  0.00,  0.00,  0.00,  0.00,  0.00,  0.00,  0.00,  0.00,  0.00,  0.00,  0.00,  0.00,  0.00,  0.00,  0.00,  0.00,   0.00,   1.96,  -9.80,   5.88,   0.00,  1.00,   0.438,   0.000,  -0.021,  -0.110,    3.412,    0.932

WHOLE-SEQ,>124391,   1.65,   3.96,  303, 100.00, 11.22,  0.66,  6.27,  2.31,  3.30,  8.25,  0.66,  5.94,  4.29,  7.59,  2.31,  7.26,  4.62,  5.94,  2.64,  7.26,  5.28,  8.91,  2.64,  2.64,   6.93,   8.58,  -1.65,  15.51,   8.58,  5.01,   0.495,   0.017,   0.211,  -0.061,    4.077,    0.996
WIN21-MAX,>124391,  14.29,  14.29,   21, 100.00, 28.57,  9.52, 14.29,  9.52,  9.52, 28.57,  4.76, 14.29, 14.29, 28.57,  9.52, 19.05, 19.05, 14.29,  9.52, 23.81, 23.81, 28.57,  9.52,  9.52,  23.81,  19.05,  23.81,  33.33,  19.05, 14.00,   0.659,   0.238,   0.637,   0.099,    3.880,    1.199
WIN21-MIN,>124391,  -9.52,  -4.76,   21, 100.00,  0.00,  0.00,  0.00,  0.00,  0.00,  0.00,  0.00,  0.00,  0.00,  0.00,  0.00,  0.00,  0.00,  0.00,  0.00,  0.00,  0.00,  0.00,  0.00,  0.00,   0.00,   0.00, -19.05,   0.00,   0.00,  1.00,   0.380,   0.000,  -0.236,  -0.152,    2.715,    0.821
WIN51-MAX,>124391,   7.84,   9.80,   51, 100.00, 19.61,  3.92, 11.76,  5.88,  7.84, 15.69,  3.92, 11.76,  9.80, 15.69,  5.88, 11.76,  9.80,  9.80,  7.84, 13.73,  9.80, 15.69,  9.80,  5.88,  13.73,  15.69,   9.80,  25.49,  17.65, 10.98,   0.603,   0.098,   0.470,   0.020,    4.109,    1.133
WIN51-MIN,>124391,  -3.92,   0.00,   51, 100.00,  0.00,  0.00,  0.00,  0.00,  0.00,  0.00,  0.00,  0.00,  0.00,  0.00,  0.00,  0.00,  0.00,  0.00,  0.00,  0.00,  0.00,  0.00,  0.00,  0.00,   0.00,   1.96,  -9.80,   5.88,   0.00,  1.00,   0.438,   0.000,  -0.003,  -0.107,    3.412,    0.932

WHOLE-SEQ,>4048,   1.65,   4.29,  303, 100.00, 11.22,  0.66,  6.27,  1.98,  3.63,  8.25,  0.66,  5.61,  4.29,  7.59,  1.98,  7.26,  4.29,  6.27,  2.64,  7.26,  5.61,  9.24,  2.64,  2.64,   6.93,   8.25,  -1.32,  15.18,   8.91,  5.20,   0.496,   0.013,   0.216,  -0.063,    4.066,    1.000
WIN21-MAX,>4048,   9.52,  14.29,   21, 100.00, 28.57,  9.52, 14.29,  9.52, 14.29, 28.57,  4.76, 14.29, 14.29, 28.57,  9.52, 19.05, 19.05, 14.29,  9.52, 23.81, 28.57, 28.57,  9.52,  9.52,  23.81,  19.05,  23.81,  33.33,  23.81, 14.00,   0.659,   0.238,   0.637,   0.097,    3.880,    1.220
WIN21-MIN,>4048,  -9.52,  -4.76,   21, 100.00,  0.00,  0.00,  0.00,  0.00,  0.00,  0.00,  0.00,  0.00,  0.00,  0.00,  0.00,  0.00,  0.00,  0.00,  0.00,  0.00,  0.00,  0.00,  0.00,  0.00,   0.00,   0.00, -19.05,   0.00,   0.00,  1.00,   0.394,   0.000,  -0.202,  -0.183,    2.715,    0.835
WIN51-MAX,>4048,   7.84,   9.80,   51, 100.00, 19.61,  3.92, 11.76,  3.92,  7.84, 15.69,  3.92,  9.80,  9.80, 15.69,  5.88, 13.73,  9.80,  9.80,  7.84, 13.73, 13.73, 15.69,  9.80,  5.88,  15.69,  15.69,  11.76,  27.45,  15.69, 11.46,   0.604,   0.118,   0.473,   0.019,    4.045,    1.119
WIN51-MIN,>4048,  -1.96,   0.00,   51, 100.00,  0.00,  0.00,  0.00,  0.00,  0.00,  0.00,  0.00,  0.00,  0.00,  0.00,  0.00,  0.00,  0.00,  0.00,  0.00,  0.00,  0.00,  0.00,  0.00,  0.00,   0.00,   1.96,  -9.80,   5.88,   0.00,  1.00,   0.447,   0.000,  -0.008,  -0.123,    3.412,    0.932

WHOLE-SEQ,>120266,   1.32,   3.96,  303, 100.00, 11.22,  0.99,  5.94,  1.98,  3.63,  8.25,  0.99,  5.61,  3.96,  7.59,  1.65,  8.25,  4.62,  5.94,  2.64,  6.93,  5.61,  8.91,  2.64,  2.64,   6.60,   7.92,  -1.32,  14.52,   8.91,  5.40,   0.493,   0.013,   0.209,  -0.057,    4.078,    0.996
WIN21-MAX,>120266,   9.52,  14.29,   21, 100.00, 28.57,  9.52, 14.29,  9.52, 14.29, 28.57,  9.52, 14.29, 14.29, 28.57,  9.52, 19.05, 19.05, 14.29,  9.52, 23.81, 28.57, 28.57,  9.52,  9.52,  23.81,  19.05,  23.81,  33.33,  23.81, 14.00,   0.659,   0.238,   0.637,   0.097,    3.880,    1.220
WIN21-MIN,>120266,  -9.52,  -4.76,   21, 100.00,  0.00,  0.00,  0.00,  0.00,  0.00,  0.00,  0.00,  0.00,  0.00,  0.00,  0.00,  0.00,  0.00,  0.00,  0.00,  0.00,  0.00,  0.00,  0.00,  0.00,   0.00,   0.00, -19.05,   0.00,   0.00,  1.00,   0.380,   0.000,  -0.236,  -0.152,    2.715,    0.821
WIN51-MAX,>120266,   7.84,   9.80,   51, 100.00, 19.61,  3.92, 11.76,  3.92,  7.84, 15.69,  5.88,  9.80,  9.80, 15.69,  3.92, 15.69,  9.80,  9.80,  7.84, 13.73, 11.76, 15.69,  9.80,  5.88,  13.73,  15.69,  11.76,  25.49,  15.69, 11.46,   0.604,   0.118,   0.473,   0.019,    4.109,    1.115
WIN51-MIN,>120266,  -3.92,   0.00,   51, 100.00,  0.00,  0.00,  0.00,  0.00,  0.00,  0.00,  0.00,  0.00,  0.00,  0.00,  0.00,  0.00,  0.00,  0.00,  0.00,  0.00,  0.00,  0.00,  0.00,  0.00,   0.00,   1.96,  -9.80,   5.88,   0.00,  1.00,   0.438,   0.000,  -0.019,  -0.105,    3.412,    0.932

WHOLE-SEQ,>53637,   1.32,   3.96,  303, 100.00, 11.22,  0.99,  5.94,  1.98,  3.30,  8.25,  0.66,  5.61,  3.96,  7.59,  1.98,  7.92,  4.62,  6.27,  2.64,  7.26,  5.61,  8.91,  2.64,  2.64,   6.60,   7.92,  -1.32,  14.52,   8.58,  5.18,   0.493,   0.013,   0.210,  -0.058,    4.073,    0.995
WIN21-MAX,>53637,   9.52,  14.29,   21, 100.00, 28.57,  9.52, 14.29,  9.52, 14.29, 28.57,  4.76, 14.29, 14.29, 28.57,  9.52, 19.05, 19.05, 14.29,  9.52, 23.81, 28.57, 28.57,  9.52,  9.52,  23.81,  19.05,  23.81,  33.33,  23.81, 14.00,   0.659,   0.238,   0.637,   0.097,    3.880,    1.199
WIN21-MIN,>53637,  -9.52,  -4.76,   21, 100.00,  0.00,  0.00,  0.00,  0.00,  0.00,  0.00,  0.00,  0.00,  0.00,  0.00,  0.00,  0.00,  0.00,  0.00,  0.00,  0.00,  0.00,  0.00,  0.00,  0.00,   0.00,   0.00, -19.05,   0.00,   0.00,  1.00,   0.380,   0.000,  -0.236,  -0.152,    2.715,    0.821
WIN51-MAX,>53637,   7.84,   9.80,   51, 100.00, 19.61,  3.92, 11.76,  3.92,  7.84, 15.69,  3.92,  9.80,  9.80, 15.69,  3.92, 13.73,  9.80,  9.80,  7.84, 13.73, 11.76, 15.69,  9.80,  5.88,  13.73,  15.69,  11.76,  25.49,  15.69, 11.46,   0.603,   0.118,   0.470,   0.019,    4.109,    1.115
WIN51-MIN,>53637,  -3.92,   0.00,   51, 100.00,  0.00,  0.00,  0.00,  0.00,  0.00,  0.00,  0.00,  0.00,  0.00,  0.00,  0.00,  0.00,  0.00,  0.00,  0.00,  0.00,  0.00,  0.00,  0.00,  0.00,   0.00,   1.96,  -9.80,   5.88,   0.00,  1.00,   0.438,   0.000,  -0.004,  -0.105,    3.412,    0.932

WHOLE-SEQ,>112320,   1.65,   3.96,  303, 100.00, 11.22,  0.99,  5.94,  1.98,  2.97,  8.25,  0.99,  5.61,  4.29,  7.59,  1.98,  7.92,  4.62,  5.94,  2.64,  6.93,  5.61,  9.24,  2.64,  2.64,   6.93,   7.92,  -0.99,  14.85,   8.25,  5.73,   0.493,   0.010,   0.212,  -0.058,    4.080,    0.997
WIN21-MAX,>112320,  14.29,  14.29,   21, 100.00, 28.57,  9.52, 14.29,  9.52,  9.52, 28.57,  9.52, 14.29, 14.29, 28.57,  9.52, 19.05, 19.05, 14.29,  9.52, 19.05, 28.57, 28.57,  9.52,  9.52,  23.81,  19.05,  23.81,  33.33,  19.05, 14.00,   0.659,   0.238,   0.637,   0.093,    3.880,    1.199
WIN21-MIN,>112320,  -9.52,  -4.76,   21, 100.00,  0.00,  0.00,  0.00,  0.00,  0.00,  0.00,  0.00,  0.00,  0.00,  0.00,  0.00,  0.00,  0.00,  0.00,  0.00,  0.00,  0.00,  0.00,  0.00,  0.00,   0.00,   0.00, -19.05,   0.00,   0.00,  1.00,   0.394,   0.000,  -0.202,  -0.152,    2.715,    0.835
WIN51-MAX,>112320,   7.84,   9.80,   51, 100.00, 19.61,  3.92, 11.76,  3.92,  7.84, 15.69,  5.88,  9.80,  9.80, 15.69,  3.92, 13.73,  9.80,  9.80,  7.84, 11.76, 11.76, 15.69,  9.80,  5.88,  13.73,  15.69,  11.76,  25.49,  15.69, 11.46,   0.603,   0.118,   0.470,   0.017,    4.109,    1.119
WIN51-MIN,>112320,  -3.92,   0.00,   51, 100.00,  0.00,  0.00,  0.00,  0.00,  0.00,  0.00,  0.00,  0.00,  0.00,  0.00,  0.00,  0.00,  0.00,  0.00,  0.00,  0.00,  0.00,  0.00,  0.00,  0.00,   0.00,   1.96,  -9.80,   5.88,   0.00,  1.00,   0.441,   0.000,  -0.002,  -0.105,    3.412,    0.932

WHOLE-SEQ,>45120,   1.98,   3.63,  303, 100.00, 11.22,  0.66,  5.94,  2.31,  3.63,  8.25,  0.66,  5.61,  4.29,  7.59,  1.98,  7.59,  4.62,  6.27,  2.31,  7.26,  5.61,  8.91,  2.64,  2.64,   6.60,   8.25,  -1.65,  14.85,   8.91,  4.99,   0.494,   0.017,   0.208,  -0.060,    4.069,    0.995
WIN21-MAX,>45120,  14.29,  14.29,   21, 100.00, 28.57,  9.52, 14.29, 14.29, 14.29, 28.57,  4.76, 14.29, 14.29, 28.57,  9.52, 19.05, 19.05, 14.29,  9.52, 23.81, 28.57, 28.57,  9.52,  9.52,  23.81,  23.81,  23.81,  33.33,  23.81, 14.00,   0.659,   0.238,   0.637,   0.097,    3.880,    1.220
WIN21-MIN,>45120,  -9.52,  -9.52,   21, 100.00,  0.00,  0.00,  0.00,  0.00,  0.00,  0.00,  0.00,  0.00,  0.00,  0.00,  0.00,  0.00,  0.00,  0.00,  0.00,  0.00,  0.00,  0.00,  0.00,  0.00,   0.00,   0.00, -23.81,   0.00,   0.00,  1.00,   0.380,   0.000,  -0.283,  -0.152,    2.715,    0.826
WIN51-MAX,>45120,   7.84,   9.80,   51, 100.00, 19.61,  3.92, 11.76,  5.88,  7.84, 15.69,  3.92,  9.80,  9.80, 15.69,  5.88, 13.73,  9.80,  9.80,  7.84, 13.73, 11.76, 15.69,  9.80,  5.88,  13.73,  15.69,  11.76,  25.49,  15.69, 11.46,   0.604,   0.118,   0.473,   0.019,    4.109,    1.108
WIN51-MIN,>45120,  -3.92,  -1.96,   51, 100.00,  0.00,  0.00,  0.00,  0.00,  0.00,  0.00,  0.00,  0.00,  0.00,  0.00,  0.00,  0.00,  0.00,  0.00,  0.00,  0.00,  0.00,  0.00,  0.00,  0.00,   0.00,   1.96,  -9.80,   5.88,   0.00,  1.00,   0.438,   0.000,  -0.022,  -0.108,    3.412,    0.932

WHOLE-SEQ,>121533,   1.32,   3.96,  303, 100.00, 11.22,  0.99,  5.94,  1.98,  3.30,  8.25,  0.99,  5.61,  3.96,  7.59,  1.98,  7.92,  4.62,  5.94,  2.64,  7.26,  5.61,  8.91,  2.64,  2.64,   6.60,   7.92,  -1.32,  14.52,   8.58,  5.40,   0.494,   0.013,   0.210,  -0.057,    4.082,    0.996
WIN21-MAX,>121533,   9.52,  14.29,   21, 100.00, 28.57,  9.52, 14.29,  9.52, 14.29, 28.57,  9.52, 14.29, 14.29, 28.57,  9.52, 19.05, 19.05, 14.29,  9.52, 23.81, 28.57, 28.57,  9.52,  9.52,  23.81,  19.05,  23.81,  33.33,  23.81, 14.00,   0.659,   0.238,   0.637,   0.097,    3.880,    1.199
WIN21-MIN,>121533,  -9.52,  -4.76,   21, 100.00,  0.00,  0.00,  0.00,  0.00,  0.00,  0.00,  0.00,  0.00,  0.00,  0.00,  0.00,  0.00,  0.00,  0.00,  0.00,  0.00,  0.00,  0.00,  0.00,  0.00,   0.00,   0.00, -19.05,   0.00,   0.00,  1.00,   0.380,   0.000,  -0.236,  -0.152,    2.715,    0.821
WIN51-MAX,>121533,   7.84,   9.80,   51, 100.00, 19.61,  3.92, 11.76,  3.92,  7.84, 15.69,  5.88,  9.80,  9.80, 15.69,  3.92, 13.73,  9.80,  9.80,  7.84, 13.73, 11.76, 15.69,  9.80,  5.88,  13.73,  15.69,  11.76,  25.49,  15.69, 11.46,   0.603,   0.118,   0.470,   0.019,    4.109,    1.119
WIN51-MIN,>121533,  -3.92,   0.00,   51, 100.00,  0.00,  0.00,  0.00,  0.00,  0.00,  0.00,  0.00,  0.00,  0.00,  0.00,  0.00,  0.00,  0.00,  0.00,  0.00,  0.00,  0.00,  0.00,  0.00,  0.00,   0.00,   1.96,  -9.80,   5.88,   0.00,  1.00,   0.438,   0.000,  -0.003,  -0.105,    3.412,    0.932

WHOLE-SEQ,>99369,   0.99,   3.63,  303, 100.00, 11.22,  0.99,  5.94,  2.31,  3.30,  8.25,  0.99,  5.61,  3.96,  7.59,  1.65,  7.59,  4.62,  5.94,  2.97,  7.26,  5.28,  9.24,  2.64,  2.64,   6.93,   8.25,  -1.32,  15.18,   8.58,  5.42,   0.493,   0.013,   0.209,  -0.060,    4.084,    0.998
WIN21-MAX,>99369,   9.52,  14.29,   21, 100.00, 28.57,  9.52, 14.29, 14.29,  9.52, 28.57,  9.52, 14.29, 14.29, 28.57,  9.52, 19.05, 19.05, 14.29,  9.52, 23.81, 28.57, 28.57,  9.52,  9.52,  23.81,  23.81,  23.81,  33.33,  19.05, 14.00,   0.659,   0.238,   0.637,   0.099,    3.880,    1.220
WIN21-MIN,>99369,  -9.52,  -9.52,   21, 100.00,  0.00,  0.00,  0.00,  0.00,  0.00,  0.00,  0.00,  0.00,  0.00,  0.00,  0.00,  0.00,  0.00,  0.00,  0.00,  0.00,  0.00,  0.00,  0.00,  0.00,   0.00,   0.00, -23.81,   0.00,   0.00,  1.00,   0.394,   0.000,  -0.211,  -0.152,    2.715,    0.828
WIN51-MAX,>99369,   7.84,   9.80,   51, 100.00, 19.61,  3.92, 11.76,  5.88,  7.84, 15.69,  5.88,  9.80,  9.80, 15.69,  3.92, 13.73,  9.80,  9.80,  7.84, 13.73, 11.76, 15.69,  9.80,  5.88,  13.73,  15.69,  11.76,  25.49,  15.69, 11.46,   0.604,   0.118,   0.473,   0.020,    4.109,    1.119
WIN51-MIN,>99369,  -3.92,  -1.96,   51, 100.00,  0.00,  0.00,  0.00,  0.00,  0.00,  0.00,  0.00,  0.00,  0.00,  0.00,  0.00,  0.00,  0.00,  0.00,  0.00,  0.00,  0.00,  0.00,  0.00,  0.00,   0.00,   1.96,  -9.80,   5.88,   0.00,  1.00,   0.441,   0.000,  -0.002,  -0.108,    3.412,    0.932

WHOLE-SEQ,>18644,   1.32,   4.29,  303, 100.00, 11.22,  0.99,  6.27,  1.98,  3.30,  8.25,  0.66,  5.61,  3.96,  7.59,  1.98,  7.59,  4.62,  6.27,  2.64,  7.26,  5.61,  8.91,  2.64,  2.64,   6.60,   8.25,  -1.65,  14.85,   8.58,  4.98,   0.493,   0.017,   0.207,  -0.058,    4.074,    0.995
WIN21-MAX,>18644,   9.52,  14.29,   21, 100.00, 28.57,  9.52, 14.29,  9.52, 14.29, 28.57,  4.76, 14.29, 14.29, 28.57,  9.52, 19.05, 19.05, 14.29,  9.52, 23.81, 28.57, 28.57,  9.52,  9.52,  23.81,  19.05,  23.81,  33.33,  23.81, 14.00,   0.659,   0.238,   0.637,   0.097,    3.880,    1.199
WIN21-MIN,>18644,  -9.52,  -4.76,   21, 100.00,  0.00,  0.00,  0.00,  0.00,  0.00,  0.00,  0.00,  0.00,  0.00,  0.00,  0.00,  0.00,  0.00,  0.00,  0.00,  0.00,  0.00,  0.00,  0.00,  0.00,   0.00,   0.00, -19.05,   0.00,   0.00,  1.00,   0.380,   0.000,  -0.236,  -0.152,    2.715,    0.821
WIN51-MAX,>18644,   7.84,   9.80,   51, 100.00, 19.61,  3.92, 11.76,  3.92,  7.84, 15.69,  3.92,  9.80,  9.80, 15.69,  3.92, 13.73,  9.80,  9.80,  7.84, 13.73, 11.76, 15.69,  9.80,  5.88,  13.73,  15.69,  11.76,  25.49,  15.69, 11.46,   0.603,   0.118,   0.470,   0.019,    4.109,    1.115
WIN51-MIN,>18644,  -3.92,   0.00,   51, 100.00,  0.00,  0.00,  0.00,  0.00,  0.00,  0.00,  0.00,  0.00,  0.00,  0.00,  0.00,  0.00,  0.00,  0.00,  0.00,  0.00,  0.00,  0.00,  0.00,  0.00,   0.00,   1.96,  -9.80,   5.88,   0.00,  1.00,   0.438,   0.000,  -0.004,  -0.105,    3.412,    0.932

WHOLE-SEQ,>111700,   0.99,   3.96,  303, 100.00, 11.22,  0.99,  5.94,  1.98,  3.63,  8.25,  0.66,  5.61,  3.96,  7.59,  1.65,  8.25,  4.62,  5.94,  2.97,  6.93,  5.28,  9.24,  2.64,  2.64,   6.93,   7.92,  -0.99,  14.85,   8.91,  5.43,   0.494,   0.010,   0.216,  -0.059,    4.070,    0.998
WIN21-MAX,>111700,   9.52,  14.29,   21, 100.00, 28.57,  9.52, 14.29,  9.52,  9.52, 28.57,  4.76, 14.29, 14.29, 28.57,  9.52, 19.05, 19.05, 14.29,  9.52, 23.81, 28.57, 28.57,  9.52,  9.52,  23.81,  19.05,  23.81,  33.33,  19.05, 14.00,   0.659,   0.238,   0.637,   0.099,    3.880,    1.220
WIN21-MIN,>111700,  -9.52,  -4.76,   21, 100.00,  0.00,  0.00,  0.00,  0.00,  0.00,  0.00,  0.00,  0.00,  0.00,  0.00,  0.00,  0.00,  0.00,  0.00,  0.00,  0.00,  0.00,  0.00,  0.00,  0.00,   0.00,   0.00, -19.05,   0.00,   0.00,  1.00,   0.394,   0.000,  -0.202,  -0.152,    2.715,    0.828
WIN51-MAX,>111700,   7.84,   9.80,   51, 100.00, 19.61,  3.92, 11.76,  3.92,  7.84, 15.69,  3.92,  9.80,  9.80, 15.69,  3.92, 15.69,  9.80,  9.80,  7.84, 13.73, 11.76, 15.69,  9.80,  5.88,  13.73,  15.69,  11.76,  25.49,  17.65, 11.46,   0.604,   0.118,   0.473,   0.020,    4.109,    1.123
WIN51-MIN,>111700,  -3.92,   0.00,   51, 100.00,  0.00,  0.00,  0.00,  0.00,  0.00,  0.00,  0.00,  0.00,  0.00,  0.00,  0.00,  0.00,  0.00,  0.00,  0.00,  0.00,  0.00,  0.00,  0.00,  0.00,   0.00,   1.96,  -9.80,   5.88,   0.00,  1.00,   0.441,   0.000,   0.018,  -0.105,    3.412,    0.932

WHOLE-SEQ,>112150,   0.99,   3.63,  303, 100.00, 11.22,  0.99,  5.94,  2.31,  3.30,  8.25,  0.99,  5.61,  3.96,  7.59,  1.65,  7.59,  4.62,  5.94,  2.97,  7.26,  5.28,  9.24,  2.64,  2.64,   6.93,   8.25,  -1.32,  15.18,   8.58,  5.42,   0.493,   0.013,   0.209,  -0.060,    4.084,    0.998
WIN21-MAX,>112150,   9.52,  14.29,   21, 100.00, 28.57,  9.52, 14.29,  9.52,  9.52, 28.57,  9.52, 14.29, 14.29, 28.57,  9.52, 19.05, 19.05, 14.29,  9.52, 23.81, 28.57, 28.57,  9.52,  9.52,  23.81,  19.05,  23.81,  33.33,  19.05, 14.00,   0.659,   0.238,   0.637,   0.099,    3.880,    1.220
WIN21-MIN,>112150,  -9.52,  -4.76,   21, 100.00,  0.00,  0.00,  0.00,  0.00,  0.00,  0.00,  0.00,  0.00,  0.00,  0.00,  0.00,  0.00,  0.00,  0.00,  0.00,  0.00,  0.00,  0.00,  0.00,  0.00,   0.00,   0.00, -19.05,   0.00,   0.00,  1.00,   0.394,   0.000,  -0.202,  -0.152,    2.715,    0.828
WIN51-MAX,>112150,   7.84,   9.80,   51, 100.00, 19.61,  3.92, 11.76,  5.88,  7.84, 15.69,  5.88,  9.80,  9.80, 15.69,  3.92, 13.73,  9.80,  9.80,  7.84, 13.73, 11.76, 15.69,  9.80,  5.88,  13.73,  15.69,   9.80,  25.49,  15.69, 11.26,   0.604,   0.098,   0.473,   0.020,    4.109,    1.121
WIN51-MIN,>112150,  -3.92,   0.00,   51, 100.00,  0.00,  0.00,  0.00,  0.00,  0.00,  0.00,  0.00,  0.00,  0.00,  0.00,  0.00,  0.00,  0.00,  0.00,  0.00,  0.00,  0.00,  0.00,  0.00,  0.00,   0.00,   1.96,  -9.80,   5.88,   0.00,  1.00,   0.441,   0.000,   0.017,  -0.105,    3.412,    0.932

WHOLE-SEQ,>77309,   1.98,   3.96,  303, 100.00, 11.22,  0.99,  5.94,  1.98,  3.63,  8.25,  0.66,  5.28,  4.29,  7.59,  1.98,  7.92,  4.62,  6.27,  2.31,  6.93,  5.94,  8.91,  2.64,  2.64,   6.60,   7.92,  -1.32,  14.52,   8.91,  5.18,   0.493,   0.013,   0.209,  -0.057,    4.073,    0.995
WIN21-MAX,>77309,  14.29,  14.29,   21, 100.00, 28.57,  9.52, 14.29,  9.52, 14.29, 28.57,  4.76, 14.29, 14.29, 28.57,  9.52, 19.05, 19.05, 14.29,  9.52, 23.81, 28.57, 28.57,  9.52,  9.52,  23.81,  19.05,  23.81,  33.33,  23.81, 14.00,   0.659,   0.238,   0.637,   0.097,    3.880,    1.220
WIN21-MIN,>77309,  -9.52,  -4.76,   21, 100.00,  0.00,  0.00,  0.00,  0.00,  0.00,  0.00,  0.00,  0.00,  0.00,  0.00,  0.00,  0.00,  0.00,  0.00,  0.00,  0.00,  0.00,  0.00,  0.00,  0.00,   0.00,   0.00, -19.05,   0.00,   0.00,  1.00,   0.380,   0.000,  -0.236,  -0.152,    2.715,    0.821
WIN51-MAX,>77309,   7.84,   9.80,   51, 100.00, 19.61,  3.92, 11.76,  3.92,  7.84, 15.69,  3.92,  9.80,  9.80, 15.69,  3.92, 15.69,  9.80,  9.80,  7.84, 13.73, 13.73, 15.69,  9.80,  5.88,  13.73,  15.69,  11.76,  25.49,  15.69, 11.46,   0.604,   0.118,   0.473,   0.019,    4.109,    1.111
WIN51-MIN,>77309,  -3.92,   0.00,   51, 100.00,  0.00,  0.00,  0.00,  0.00,  0.00,  0.00,  0.00,  0.00,  0.00,  0.00,  0.00,  0.00,  0.00,  0.00,  0.00,  0.00,  0.00,  0.00,  0.00,  0.00,   0.00,   1.96,  -9.80,   5.88,   0.00,  1.00,   0.436,   0.000,  -0.021,  -0.110,    3.412,    0.932

WHOLE-SEQ,>93912,   1.98,   3.96,  303, 100.00, 11.22,  0.99,  5.94,  1.98,  3.30,  8.25,  0.66,  5.94,  4.62,  7.59,  1.98,  7.92,  4.62,  5.94,  2.64,  6.60,  5.61,  8.91,  2.64,  2.64,   7.26,   7.92,  -0.66,  15.18,   8.58,  5.84,   0.494,   0.007,   0.219,  -0.060,    4.077,    0.998
WIN21-MAX,>93912,  14.29,  14.29,   21, 100.00, 28.57,  9.52, 14.29,  9.52,  9.52, 28.57,  4.76, 14.29, 14.29, 28.57,  9.52, 19.05, 19.05, 14.29,  9.52, 19.05, 23.81, 28.57,  9.52,  9.52,  23.81,  19.05,  23.81,  33.33,  19.05, 14.00,   0.659,   0.238,   0.637,   0.093,    3.916,    1.220
WIN21-MIN,>93912,  -9.52,  -4.76,   21, 100.00,  0.00,  0.00,  0.00,  0.00,  0.00,  0.00,  0.00,  0.00,  0.00,  0.00,  0.00,  0.00,  0.00,  0.00,  0.00,  0.00,  0.00,  0.00,  0.00,  0.00,   0.00,   0.00, -19.05,   0.00,   0.00,  1.00,   0.380,   0.000,  -0.236,  -0.152,    2.715,    0.821
WIN51-MAX,>93912,   7.84,   9.80,   51, 100.00, 19.61,  3.92, 11.76,  3.92,  7.84, 15.69,  3.92, 11.76,  9.80, 15.69,  5.88, 15.69,  9.80,  9.80,  7.84, 11.76, 11.76, 15.69,  9.80,  5.88,  13.73,  15.69,  11.76,  25.49,  15.69, 11.46,   0.604,   0.118,   0.473,   0.017,    4.109,    1.120
WIN51-MIN,>93912,  -3.92,   0.00,   51, 100.00,  0.00,  0.00,  0.00,  0.00,  0.00,  0.00,  0.00,  0.00,  0.00,  0.00,  0.00,  0.00,  0.00,  0.00,  0.00,  0.00,  0.00,  0.00,  0.00,  0.00,   0.00,   1.96,  -9.80,   5.88,   0.00,  1.00,   0.437,   0.000,   0.011,  -0.110,    3.412,    0.927

WHOLE-SEQ,>55921,   1.98,   3.63,  303, 100.00, 11.22,  0.66,  5.94,  2.31,  3.63,  8.25,  0.66,  5.61,  4.29,  7.59,  1.98,  7.59,  4.62,  6.27,  2.31,  7.26,  5.61,  8.91,  2.64,  2.64,   6.60,   8.25,  -1.65,  14.85,   8.91,  4.99,   0.494,   0.017,   0.208,  -0.060,    4.069,    0.995
WIN21-MAX,>55921,  14.29,  14.29,   21, 100.00, 28.57,  9.52, 14.29,  9.52, 14.29, 28.57,  4.76, 14.29, 14.29, 28.57,  9.52, 19.05, 19.05, 14.29,  9.52, 23.81, 28.57, 28.57,  9.52,  9.52,  23.81,  19.05,  23.81,  33.33,  23.81, 14.00,   0.659,   0.238,   0.637,   0.097,    3.880,    1.220
WIN21-MIN,>55921,  -9.52,  -4.76,   21, 100.00,  0.00,  0.00,  0.00,  0.00,  0.00,  0.00,  0.00,  0.00,  0.00,  0.00,  0.00,  0.00,  0.00,  0.00,  0.00,  0.00,  0.00,  0.00,  0.00,  0.00,   0.00,   0.00, -19.05,   0.00,   0.00,  1.00,   0.380,   0.000,  -0.236,  -0.152,    2.715,    0.821
WIN51-MAX,>55921,   7.84,   9.80,   51, 100.00, 19.61,  3.92, 11.76,  5.88,  7.84, 15.69,  3.92,  9.80,  9.80, 15.69,  5.88, 13.73,  9.80,  9.80,  7.84, 13.73, 11.76, 15.69,  9.80,  5.88,  13.73,  15.69,   9.80,  25.49,  15.69, 10.98,   0.604,   0.098,   0.473,   0.019,    4.109,    1.110
WIN51-MIN,>55921,  -3.92,   0.00,   51, 100.00,  0.00,  0.00,  0.00,  0.00,  0.00,  0.00,  0.00,  0.00,  0.00,  0.00,  0.00,  0.00,  0.00,  0.00,  0.00,  0.00,  0.00,  0.00,  0.00,  0.00,   0.00,   1.96,  -9.80,   5.88,   0.00,  1.00,   0.438,   0.000,  -0.003,  -0.105,    3.412,    0.932

WHOLE-SEQ,>46862,   0.99,   3.96,  303, 100.00, 11.22,  0.99,  5.94,  1.98,  3.30,  8.25,  0.99,  5.61,  3.96,  7.59,  1.65,  7.92,  4.62,  5.94,  2.97,  7.26,  5.28,  9.24,  2.64,  2.64,   6.93,   7.92,  -0.99,  14.85,   8.58,  5.73,   0.493,   0.010,   0.212,  -0.058,    4.078,    0.997
WIN21-MAX,>46862,   9.52,  14.29,   21, 100.00, 28.57,  9.52, 14.29,  9.52,  9.52, 28.57,  9.52, 14.29, 14.29, 28.57,  9.52, 19.05, 19.05, 14.29,  9.52, 23.81, 28.57, 28.57,  9.52,  9.52,  23.81,  19.05,  23.81,  33.33,  19.05, 14.00,   0.659,   0.238,   0.637,   0.099,    3.880,    1.220
WIN21-MIN,>46862,  -9.52,  -4.76,   21, 100.00,  0.00,  0.00,  0.00,  0.00,  0.00,  0.00,  0.00,  0.00,  0.00,  0.00,  0.00,  0.00,  0.00,  0.00,  0.00,  0.00,  0.00,  0.00,  0.00,  0.00,   0.00,   0.00, -19.05,   0.00,   0.00,  1.00,   0.394,   0.000,  -0.202,  -0.152,    2.715,    0.828
WIN51-MAX,>46862,   7.84,   9.80,   51, 100.00, 19.61,  3.92, 11.76,  3.92,  7.84, 15.69,  5.88,  9.80,  9.80, 15.69,  3.92, 13.73,  9.80,  9.80,  7.84, 13.73, 11.76, 15.69,  9.80,  5.88,  13.73,  15.69,  11.76,  25.49,  15.69, 11.46,   0.604,   0.118,   0.473,   0.020,    4.109,    1.119
WIN51-MIN,>46862,  -3.92,   0.00,   51, 100.00,  0.00,  0.00,  0.00,  0.00,  0.00,  0.00,  0.00,  0.00,  0.00,  0.00,  0.00,  0.00,  0.00,  0.00,  0.00,  0.00,  0.00,  0.00,  0.00,  0.00,   0.00,   1.96,  -9.80,   5.88,   0.00,  1.00,   0.441,   0.000,  -0.002,  -0.105,    3.412,    0.932

WHOLE-SEQ,>29522,   1.65,   3.96,  303, 100.00, 11.22,  0.99,  5.94,  1.98,  3.30,  8.25,  0.66,  5.61,  4.29,  7.59,  1.98,  7.59,  4.62,  6.27,  2.64,  7.26,  5.61,  8.91,  2.64,  2.64,   6.93,   7.92,  -0.99,  14.85,   8.58,  5.43,   0.493,   0.010,   0.213,  -0.059,    4.076,    0.996
WIN21-MAX,>29522,  14.29,  14.29,   21, 100.00, 28.57,  9.52, 14.29,  9.52,  9.52, 28.57,  4.76, 14.29, 14.29, 28.57,  9.52, 19.05, 19.05, 14.29,  9.52, 23.81, 23.81, 28.57,  9.52,  9.52,  23.81,  19.05,  23.81,  33.33,  19.05, 14.00,   0.659,   0.238,   0.637,   0.099,    3.880,    1.220
WIN21-MIN,>29522,  -9.52,  -4.76,   21, 100.00,  0.00,  0.00,  0.00,  0.00,  0.00,  0.00,  0.00,  0.00,  0.00,  0.00,  0.00,  0.00,  0.00,  0.00,  0.00,  0.00,  0.00,  0.00,  0.00,  0.00,   0.00,   0.00, -19.05,   0.00,   0.00,  1.00,   0.380,   0.000,  -0.236,  -0.152,    2.715,    0.821
WIN51-MAX,>29522,   7.84,   9.80,   51, 100.00, 19.61,  3.92, 11.76,  3.92,  7.84, 15.69,  3.92, 11.76,  9.80, 15.69,  3.92, 13.73,  9.80,  9.80,  7.84, 13.73, 11.76, 15.69,  9.80,  5.88,  13.73,  15.69,  11.76,  25.49,  15.69, 11.46,   0.604,   0.118,   0.473,   0.020,    4.109,    1.124
WIN51-MIN,>29522,  -3.92,   0.00,   51, 100.00,  0.00,  0.00,  0.00,  0.00,  0.00,  0.00,  0.00,  0.00,  0.00,  0.00,  0.00,  0.00,  0.00,  0.00,  0.00,  0.00,  0.00,  0.00,  0.00,  0.00,   0.00,   1.96,  -9.80,   5.88,   0.00,  1.00,   0.436,   0.000,  -0.003,  -0.110,    3.412,    0.932

WHOLE-SEQ,>52826,   1.32,   4.29,  303, 100.00, 11.22,  0.99,  6.27,  1.98,  3.30,  8.25,  0.99,  5.61,  3.96,  7.59,  1.98,  7.59,  4.62,  5.94,  2.64,  7.26,  5.61,  8.91,  2.64,  2.64,   6.60,   8.25,  -1.65,  14.85,   8.58,  5.18,   0.494,   0.017,   0.207,  -0.057,    4.083,    0.995
WIN21-MAX,>52826,   9.52,  14.29,   21, 100.00, 28.57,  9.52, 14.29,  9.52, 14.29, 28.57,  9.52, 14.29, 14.29, 28.57,  9.52, 19.05, 19.05, 14.29,  9.52, 23.81, 28.57, 28.57,  9.52,  9.52,  23.81,  19.05,  23.81,  33.33,  23.81, 14.00,   0.659,   0.238,   0.637,   0.097,    3.880,    1.199
WIN21-MIN,>52826,  -9.52,  -4.76,   21, 100.00,  0.00,  0.00,  0.00,  0.00,  0.00,  0.00,  0.00,  0.00,  0.00,  0.00,  0.00,  0.00,  0.00,  0.00,  0.00,  0.00,  0.00,  0.00,  0.00,  0.00,   0.00,   0.00, -19.05,   0.00,   0.00,  1.00,   0.380,   0.000,  -0.236,  -0.152,    2.715,    0.821
WIN51-MAX,>52826,   7.84,   9.80,   51, 100.00, 19.61,  3.92, 11.76,  3.92,  7.84, 15.69,  5.88,  9.80,  9.80, 15.69,  3.92, 13.73,  9.80,  9.80,  7.84, 13.73, 11.76, 15.69,  9.80,  5.88,  13.73,  15.69,  11.76,  25.49,  15.69, 11.46,   0.603,   0.118,   0.470,   0.019,    4.109,    1.119
WIN51-MIN,>52826,  -3.92,   0.00,   51, 100.00,  0.00,  0.00,  0.00,  0.00,  0.00,  0.00,  0.00,  0.00,  0.00,  0.00,  0.00,  0.00,  0.00,  0.00,  0.00,  0.00,  0.00,  0.00,  0.00,  0.00,   0.00,   1.96,  -9.80,   5.88,   0.00,  1.00,   0.438,   0.000,  -0.003,  -0.105,    3.412,    0.932

WHOLE-SEQ,>12424,   1.65,   3.96,  303, 100.00, 11.22,  0.66,  5.94,  1.98,  3.63,  8.25,  0.66,  5.61,  4.29,  7.59,  1.98,  7.92,  4.62,  5.94,  2.64,  7.26,  5.61,  8.91,  2.64,  2.64,   6.93,   7.92,  -0.99,  14.85,   8.91,  5.43,   0.493,   0.010,   0.213,  -0.058,    4.068,    0.995
WIN21-MAX,>12424,   9.52,  14.29,   21, 100.00, 28.57,  9.52, 14.29,  9.52, 14.29, 28.57,  4.76, 14.29, 14.29, 28.57,  9.52, 19.05, 19.05, 14.29,  9.52, 23.81, 28.57, 28.57,  9.52,  9.52,  23.81,  19.05,  23.81,  33.33,  23.81, 14.00,   0.659,   0.238,   0.637,   0.097,    3.916,    1.220
WIN21-MIN,>12424,  -9.52,  -4.76,   21, 100.00,  0.00,  0.00,  0.00,  0.00,  0.00,  0.00,  0.00,  0.00,  0.00,  0.00,  0.00,  0.00,  0.00,  0.00,  0.00,  0.00,  0.00,  0.00,  0.00,  0.00,   0.00,   0.00, -19.05,   0.00,   0.00,  1.00,   0.380,   0.000,  -0.236,  -0.152,    2.715,    0.821
WIN51-MAX,>12424,   7.84,   9.80,   51, 100.00, 19.61,  3.92, 11.76,  3.92,  7.84, 15.69,  3.92,  9.80,  9.80, 15.69,  5.88, 13.73,  9.80,  9.80,  7.84, 13.73, 11.76, 15.69,  9.80,  5.88,  13.73,  15.69,  11.76,  25.49,  15.69, 11.46,   0.604,   0.118,   0.473,   0.019,    4.109,    1.108
WIN51-MIN,>12424,  -3.92,   0.00,   51, 100.00,  0.00,  0.00,  0.00,  0.00,  0.00,  0.00,  0.00,  0.00,  0.00,  0.00,  0.00,  0.00,  0.00,  0.00,  0.00,  0.00,  0.00,  0.00,  0.00,  0.00,   0.00,   1.96,  -9.80,   5.88,   0.00,  1.00,   0.437,   0.000,  -0.008,  -0.105,    3.412,    0.932

WHOLE-SEQ,>97014,   1.98,   3.96,  303, 100.00, 11.22,  0.66,  5.94,  1.98,  3.30,  8.25,  0.66,  5.94,  4.62,  7.59,  2.31,  7.92,  4.62,  5.61,  2.64,  6.93,  5.61,  8.91,  2.64,  2.64,   7.26,   7.92,  -0.66,  15.18,   8.58,  5.84,   0.495,   0.007,   0.221,  -0.060,    4.072,    0.997
WIN21-MAX,>97014,  14.29,  14.29,   21, 100.00, 28.57,  9.52, 14.29,  9.52,  9.52, 28.57,  4.76, 14.29, 14.29, 28.57,  9.52, 19.05, 19.05, 14.29,  9.52, 19.05, 23.81, 28.57,  9.52,  9.52,  23.81,  19.05,  23.81,  33.33,  19.05, 14.00,   0.659,   0.238,   0.637,   0.093,    3.916,    1.199
WIN21-MIN,>97014,  -9.52,  -4.76,   21, 100.00,  0.00,  0.00,  0.00,  0.00,  0.00,  0.00,  0.00,  0.00,  0.00,  0.00,  0.00,  0.00,  0.00,  0.00,  0.00,  0.00,  0.00,  0.00,  0.00,  0.00,   0.00,   0.00, -19.05,   0.00,   0.00,  1.00,   0.380,   0.000,  -0.236,  -0.152,    2.715,    0.821
WIN51-MAX,>97014,   7.84,   9.80,   51, 100.00, 19.61,  3.92, 11.76,  3.92,  7.84, 15.69,  3.92, 11.76,  9.80, 15.69,  5.88, 13.73,  9.80,  7.84,  7.84, 11.76,  9.80, 15.69,  9.80,  5.88,  13.73,  15.69,  11.76,  25.49,  17.65, 11.46,   0.603,   0.118,   0.470,   0.017,    4.109,    1.131
WIN51-MIN,>97014,  -3.92,   0.00,   51, 100.00,  0.00,  0.00,  0.00,  0.00,  0.00,  0.00,  0.00,  0.00,  0.00,  0.00,  0.00,  0.00,  0.00,  0.00,  0.00,  0.00,  0.00,  0.00,  0.00,  0.00,   0.00,   1.96,  -9.80,   5.88,   0.00,  1.00,   0.437,   0.000,   0.015,  -0.105,    3.412,    0.932

WHOLE-SEQ,>123033,   1.65,   3.96,  303, 100.00, 11.22,  0.66,  6.27,  2.31,  3.30,  8.25,  0.66,  5.94,  4.29,  7.59,  2.31,  7.26,  4.62,  5.94,  2.64,  6.93,  5.61,  8.91,  2.64,  2.64,   6.93,   8.58,  -1.65,  15.51,   8.58,  5.01,   0.495,   0.017,   0.211,  -0.061,    4.078,    0.997
WIN21-MAX,>123033,  14.29,  14.29,   21, 100.00, 28.57,  9.52, 14.29,  9.52,  9.52, 28.57,  4.76, 14.29, 14.29, 28.57,  9.52, 19.05, 19.05, 14.29,  9.52, 23.81, 23.81, 28.57,  9.52,  9.52,  23.81,  19.05,  23.81,  33.33,  19.05, 14.00,   0.659,   0.238,   0.637,   0.099,    3.880,    1.199
WIN21-MIN,>123033,  -9.52,  -4.76,   21, 100.00,  0.00,  0.00,  0.00,  0.00,  0.00,  0.00,  0.00,  0.00,  0.00,  0.00,  0.00,  0.00,  0.00,  0.00,  0.00,  0.00,  0.00,  0.00,  0.00,  0.00,   0.00,   0.00, -19.05,   0.00,   0.00,  1.00,   0.380,   0.000,  -0.236,  -0.152,    2.715,    0.821
WIN51-MAX,>123033,   7.84,   9.80,   51, 100.00, 19.61,  3.92, 11.76,  5.88,  7.84, 15.69,  3.92, 11.76,  9.80, 15.69,  5.88, 13.73,  9.80,  9.80,  7.84, 13.73, 11.76, 15.69,  9.80,  5.88,  13.73,  15.69,   9.80,  25.49,  17.65, 10.98,   0.603,   0.098,   0.470,   0.020,    4.109,    1.128
WIN51-MIN,>123033,  -3.92,   0.00,   51, 100.00,  0.00,  0.00,  0.00,  0.00,  0.00,  0.00,  0.00,  0.00,  0.00,  0.00,  0.00,  0.00,  0.00,  0.00,  0.00,  0.00,  0.00,  0.00,  0.00,  0.00,   0.00,   1.96,  -9.80,   5.88,   0.00,  1.00,   0.438,   0.000,  -0.003,  -0.111,    3.412,    0.932

WHOLE-SEQ,>52500,   1.32,   3.96,  303, 100.00, 11.55,  0.99,  5.94,  1.98,  3.63,  8.25,  0.66,  5.61,  3.96,  7.59,  1.65,  8.25,  4.62,  6.27,  2.64,  6.60,  5.94,  8.91,  2.31,  2.64,   6.60,   7.92,  -1.32,  14.52,   8.58,  5.18,   0.494,   0.013,   0.211,  -0.058,    4.062,    0.995
WIN21-MAX,>52500,   9.52,  14.29,   21, 100.00, 28.57,  9.52, 14.29,  9.52, 14.29, 28.57,  4.76, 14.29, 14.29, 28.57,  9.52, 19.05, 19.05, 14.29,  9.52, 19.05, 28.57, 28.57,  9.52,  9.52,  23.81,  19.05,  23.81,  33.33,  19.05, 14.00,   0.659,   0.238,   0.637,   0.090,    3.880,    1.220
WIN21-MIN,>52500,  -9.52,  -4.76,   21, 100.00,  0.00,  0.00,  0.00,  0.00,  0.00,  0.00,  0.00,  0.00,  0.00,  0.00,  0.00,  0.00,  0.00,  0.00,  0.00,  0.00,  0.00,  0.00,  0.00,  0.00,   0.00,   0.00, -19.05,   0.00,   0.00,  1.00,   0.380,   0.000,  -0.236,  -0.152,    2.715,    0.821
WIN51-MAX,>52500,   7.84,   9.80,   51, 100.00, 19.61,  3.92, 11.76,  3.92,  7.84, 15.69,  3.92,  9.80,  9.80, 15.69,  3.92, 15.69,  9.80,  9.80,  7.84, 11.76, 11.76, 15.69,  9.80,  5.88,  13.73,  15.69,  11.76,  25.49,  15.69, 11.46,   0.604,   0.118,   0.473,   0.016,    4.109,    1.110
WIN51-MIN,>52500,  -3.92,   0.00,   51, 100.00,  0.00,  0.00,  0.00,  0.00,  0.00,  0.00,  0.00,  0.00,  0.00,  0.00,  0.00,  0.00,  0.00,  0.00,  0.00,  0.00,  0.00,  0.00,  0.00,  0.00,   0.00,   1.96,  -9.80,   5.88,   0.00,  1.00,   0.438,   0.000,  -0.021,  -0.105,    3.412,    0.932

WHOLE-SEQ,>5428,   0.99,   3.96,  303, 100.00, 11.22,  0.66,  5.94,  1.98,  3.63,  8.25,  0.66,  5.61,  3.96,  7.59,  1.98,  7.92,  4.62,  5.94,  2.97,  7.26,  5.61,  8.91,  2.64,  2.64,   6.93,   7.92,  -0.99,  14.85,   8.91,  5.43,   0.493,   0.010,   0.213,  -0.058,    4.069,    0.996
WIN21-MAX,>5428,   9.52,  14.29,   21, 100.00, 28.57,  9.52, 14.29,  9.52,  9.52, 28.57,  4.76, 14.29, 14.29, 28.57,  9.52, 19.05, 19.05, 14.29,  9.52, 23.81, 28.57, 28.57,  9.52,  9.52,  23.81,  19.05,  23.81,  33.33,  19.05, 14.00,   0.659,   0.238,   0.637,   0.099,    3.880,    1.220
WIN21-MIN,>5428,  -9.52,  -4.76,   21, 100.00,  0.00,  0.00,  0.00,  0.00,  0.00,  0.00,  0.00,  0.00,  0.00,  0.00,  0.00,  0.00,  0.00,  0.00,  0.00,  0.00,  0.00,  0.00,  0.00,  0.00,   0.00,   0.00, -19.05,   0.00,   0.00,  1.00,   0.380,   0.000,  -0.236,  -0.152,    2.715,    0.821
WIN51-MAX,>5428,   7.84,   9.80,   51, 100.00, 19.61,  3.92, 11.76,  3.92,  7.84, 15.69,  3.92,  9.80,  9.80, 15.69,  5.88, 13.73,  9.80,  9.80,  7.84, 13.73, 11.76, 15.69,  9.80,  5.88,  13.73,  15.69,  11.76,  25.49,  17.65, 11.46,   0.604,   0.118,   0.473,   0.020,    4.109,    1.122
WIN51-MIN,>5428,  -3.92,   0.00,   51, 100.00,  0.00,  0.00,  0.00,  0.00,  0.00,  0.00,  0.00,  0.00,  0.00,  0.00,  0.00,  0.00,  0.00,  0.00,  0.00,  0.00,  0.00,  0.00,  0.00,  0.00,   0.00,   1.96,  -9.80,   5.88,   0.00,  1.00,   0.438,   0.000,  -0.003,  -0.105,    3.412,    0.932

WHOLE-SEQ,>21611,   1.98,   4.29,  303, 100.00, 11.55,  0.66,  6.27,  1.98,  3.30,  8.25,  0.66,  5.61,  4.62,  7.59,  2.31,  7.26,  4.62,  5.94,  2.64,  6.93,  5.61,  9.24,  2.31,  2.64,   7.26,   8.25,  -0.99,  15.51,   8.25,  5.44,   0.496,   0.010,   0.220,  -0.061,    4.065,    0.996
WIN21-MAX,>21611,  14.29,  14.29,   21, 100.00, 28.57,  9.52, 14.29,  9.52,  9.52, 28.57,  4.76, 14.29, 14.29, 28.57,  9.52, 19.05, 19.05, 14.29,  9.52, 19.05, 23.81, 28.57,  9.52,  9.52,  23.81,  19.05,  23.81,  33.33,  19.05, 14.00,   0.659,   0.238,   0.637,   0.092,    3.880,    1.220
WIN21-MIN,>21611,  -9.52,  -4.76,   21, 100.00,  0.00,  0.00,  0.00,  0.00,  0.00,  0.00,  0.00,  0.00,  0.00,  0.00,  0.00,  0.00,  0.00,  0.00,  0.00,  0.00,  0.00,  0.00,  0.00,  0.00,   0.00,   0.00, -19.05,   0.00,   0.00,  1.00,   0.397,   0.000,  -0.202,  -0.152,    2.715,    0.820
WIN51-MAX,>21611,   7.84,   9.80,   51, 100.00, 19.61,  3.92, 11.76,  3.92,  7.84, 15.69,  3.92, 11.76,  9.80, 15.69,  5.88, 13.73,  9.80,  9.80,  7.84, 11.76, 11.76, 15.69,  9.80,  5.88,  13.73,  15.69,  11.76,  25.49,  15.69, 11.46,   0.604,   0.118,   0.473,   0.017,    4.109,    1.118
WIN51-MIN,>21611,  -3.92,   0.00,   51, 100.00,  0.00,  0.00,  0.00,  0.00,  0.00,  0.00,  0.00,  0.00,  0.00,  0.00,  0.00,  0.00,  0.00,  0.00,  0.00,  0.00,  0.00,  0.00,  0.00,  0.00,   0.00,   1.96,  -9.80,   5.88,   0.00,  1.00,   0.446,   0.000,   0.024,  -0.110,    3.412,    0.932

WHOLE-SEQ,>43023,   0.99,   3.63,  303, 100.00, 11.22,  0.99,  5.94,  2.31,  3.63,  8.25,  0.66,  5.61,  3.96,  7.59,  1.65,  7.59,  4.62,  5.94,  2.97,  7.26,  5.61,  8.91,  2.64,  2.64,   6.93,   8.25,  -1.32,  15.18,   8.91,  5.22,   0.493,   0.013,   0.210,  -0.059,    4.079,    0.997
WIN21-MAX,>43023,   9.52,  14.29,   21, 100.00, 28.57,  9.52, 14.29, 14.29,  9.52, 28.57,  4.76, 14.29, 14.29, 28.57,  9.52, 19.05, 19.05, 14.29,  9.52, 23.81, 28.57, 28.57,  9.52,  9.52,  23.81,  23.81,  23.81,  33.33,  19.05, 14.00,   0.659,   0.238,   0.637,   0.099,    3.880,    1.220
WIN21-MIN,>43023,  -9.52,  -9.52,   21, 100.00,  0.00,  0.00,  0.00,  0.00,  0.00,  0.00,  0.00,  0.00,  0.00,  0.00,  0.00,  0.00,  0.00,  0.00,  0.00,  0.00,  0.00,  0.00,  0.00,  0.00,   0.00,   0.00, -23.81,   0.00,   0.00,  1.00,   0.380,   0.000,  -0.283,  -0.152,    2.715,    0.826
WIN51-MAX,>43023,   7.84,   9.80,   51, 100.00, 19.61,  3.92, 11.76,  5.88,  7.84, 15.69,  3.92,  9.80,  9.80, 15.69,  3.92, 13.73,  9.80,  9.80,  7.84, 13.73, 11.76, 15.69,  9.80,  5.88,  13.73,  15.69,  11.76,  25.49,  17.65, 11.46,   0.604,   0.118,   0.473,   0.020,    4.109,    1.128
WIN51-MIN,>43023,  -3.92,  -1.96,   51, 100.00,  0.00,  0.00,  0.00,  0.00,  0.00,  0.00,  0.00,  0.00,  0.00,  0.00,  0.00,  0.00,  0.00,  0.00,  0.00,  0.00,  0.00,  0.00,  0.00,  0.00,   0.00,   1.96,  -9.80,   5.88,   0.00,  1.00,   0.438,   0.000,  -0.022,  -0.108,    3.412,    0.932

WHOLE-SEQ,>52966,   0.99,   3.63,  303, 100.00, 11.22,  0.99,  5.94,  2.31,  3.63,  8.25,  0.66,  5.61,  3.96,  7.59,  1.65,  7.59,  4.62,  5.94,  2.97,  7.26,  5.61,  8.91,  2.64,  2.64,   6.93,   8.25,  -1.32,  15.18,   8.91,  5.22,   0.493,   0.013,   0.210,  -0.059,    4.079,    0.997
WIN21-MAX,>52966,   9.52,  14.29,   21, 100.00, 28.57,  9.52, 14.29,  9.52,  9.52, 28.57,  4.76, 14.29, 14.29, 28.57,  9.52, 19.05, 19.05, 14.29,  9.52, 23.81, 28.57, 28.57,  9.52,  9.52,  23.81,  19.05,  23.81,  33.33,  19.05, 14.00,   0.659,   0.238,   0.637,   0.099,    3.880,    1.220
WIN21-MIN,>52966,  -9.52,  -4.76,   21, 100.00,  0.00,  0.00,  0.00,  0.00,  0.00,  0.00,  0.00,  0.00,  0.00,  0.00,  0.00,  0.00,  0.00,  0.00,  0.00,  0.00,  0.00,  0.00,  0.00,  0.00,   0.00,   0.00, -19.05,   0.00,   0.00,  1.00,   0.380,   0.000,  -0.236,  -0.152,    2.715,    0.821
WIN51-MAX,>52966,   7.84,   9.80,   51, 100.00, 19.61,  3.92, 11.76,  5.88,  7.84, 15.69,  3.92,  9.80,  9.80, 15.69,  3.92, 13.73,  9.80,  9.80,  7.84, 13.73, 11.76, 15.69,  9.80,  5.88,  13.73,  15.69,   9.80,  25.49,  17.65, 11.26,   0.604,   0.098,   0.473,   0.020,    4.109,    1.130
WIN51-MIN,>52966,  -3.92,   0.00,   51, 100.00,  0.00,  0.00,  0.00,  0.00,  0.00,  0.00,  0.00,  0.00,  0.00,  0.00,  0.00,  0.00,  0.00,  0.00,  0.00,  0.00,  0.00,  0.00,  0.00,  0.00,   0.00,   1.96,  -9.80,   5.88,   0.00,  1.00,   0.438,   0.000,  -0.003,  -0.105,    3.412,    0.932

WHOLE-SEQ,>113210,   1.65,   3.96,  303, 100.00, 11.22,  0.66,  6.27,  2.31,  3.30,  8.25,  0.99,  5.94,  4.29,  7.59,  1.98,  7.59,  4.62,  5.94,  2.64,  6.60,  5.28,  9.24,  2.64,  2.64,   6.93,   8.58,  -1.65,  15.51,   8.58,  5.21,   0.494,   0.017,   0.208,  -0.062,    4.080,    0.998
WIN21-MAX,>113210,  14.29,  14.29,   21, 100.00, 28.57,  9.52, 14.29,  9.52,  9.52, 28.57,  9.52, 14.29, 14.29, 28.57,  9.52, 19.05, 19.05, 14.29,  9.52, 19.05, 23.81, 28.57,  9.52,  9.52,  23.81,  19.05,  23.81,  33.33,  19.05, 14.00,   0.659,   0.238,   0.637,   0.093,    3.880,    1.220
WIN21-MIN,>113210,  -9.52,  -4.76,   21, 100.00,  0.00,  0.00,  0.00,  0.00,  0.00,  0.00,  0.00,  0.00,  0.00,  0.00,  0.00,  0.00,  0.00,  0.00,  0.00,  0.00,  0.00,  0.00,  0.00,  0.00,   0.00,   0.00, -19.05,   0.00,   0.00,  1.00,   0.394,   0.000,  -0.202,  -0.152,    2.715,    0.835
WIN51-MAX,>113210,   7.84,   9.80,   51, 100.00, 19.61,  3.92, 11.76,  5.88,  7.84, 15.69,  5.88, 11.76,  9.80, 15.69,  5.88, 13.73,  9.80,  9.80,  7.84, 11.76,  9.80, 15.69,  9.80,  5.88,  13.73,  15.69,   9.80,  25.49,  15.69, 10.98,   0.604,   0.098,   0.473,   0.017,    4.109,    1.120
WIN51-MIN,>113210,  -3.92,   0.00,   51, 100.00,  0.00,  0.00,  0.00,  0.00,  0.00,  0.00,  0.00,  0.00,  0.00,  0.00,  0.00,  0.00,  0.00,  0.00,  0.00,  0.00,  0.00,  0.00,  0.00,  0.00,   0.00,   1.96,  -9.80,   5.88,   0.00,  1.00,   0.448,   0.000,   0.027,  -0.107,    3.412,    0.932

WHOLE-SEQ,>111571,   1.65,   3.96,  303, 100.00, 11.22,  0.99,  5.94,  1.98,  3.30,  8.25,  0.99,  5.61,  4.29,  7.59,  1.65,  7.92,  4.62,  5.94,  2.64,  6.93,  5.61,  9.24,  2.64,  2.64,   6.93,   7.92,  -0.99,  14.85,   8.58,  5.73,   0.493,   0.010,   0.213,  -0.058,    4.077,    0.998
WIN21-MAX,>111571,  14.29,  14.29,   21, 100.00, 28.57,  9.52, 14.29,  9.52,  9.52, 28.57,  9.52, 14.29, 14.29, 28.57,  9.52, 19.05, 19.05, 14.29,  9.52, 23.81, 28.57, 28.57,  9.52,  9.52,  23.81,  19.05,  23.81,  33.33,  19.05, 14.00,   0.659,   0.238,   0.637,   0.099,    3.880,    1.220
WIN21-MIN,>111571,  -9.52,  -4.76,   21, 100.00,  0.00,  0.00,  0.00,  0.00,  0.00,  0.00,  0.00,  0.00,  0.00,  0.00,  0.00,  0.00,  0.00,  0.00,  0.00,  0.00,  0.00,  0.00,  0.00,  0.00,   0.00,   0.00, -19.05,   0.00,   0.00,  1.00,   0.394,   0.000,  -0.202,  -0.152,    2.715,    0.828
WIN51-MAX,>111571,   7.84,   9.80,   51, 100.00, 19.61,  3.92, 11.76,  3.92,  7.84, 15.69,  5.88,  9.80,  9.80, 15.69,  3.92, 15.69,  9.80,  9.80,  7.84, 13.73, 13.73, 15.69,  9.80,  5.88,  13.73,  15.69,  11.76,  25.49,  15.69, 11.46,   0.604,   0.118,   0.473,   0.020,    4.109,    1.115
WIN51-MIN,>111571,  -3.92,   0.00,   51, 100.00,  0.00,  0.00,  0.00,  0.00,  0.00,  0.00,  0.00,  0.00,  0.00,  0.00,  0.00,  0.00,  0.00,  0.00,  0.00,  0.00,  0.00,  0.00,  0.00,  0.00,   0.00,   1.96,  -9.80,   5.88,   0.00,  1.00,   0.444,   0.000,  -0.019,  -0.110,    3.412,    0.932

WHOLE-SEQ,>95876,   1.65,   3.96,  303, 100.00, 11.22,  0.66,  6.27,  2.31,  3.63,  8.25,  0.66,  5.94,  4.29,  7.59,  1.98,  7.59,  4.62,  5.94,  2.64,  6.93,  5.28,  8.91,  2.64,  2.64,   6.93,   8.58,  -1.65,  15.51,   8.91,  5.01,   0.494,   0.017,   0.209,  -0.061,    4.074,    0.996
WIN21-MAX,>95876,   9.52,  14.29,   21, 100.00, 28.57,  9.52, 14.29,  9.52, 14.29, 28.57,  4.76, 14.29, 14.29, 28.57,  9.52, 19.05, 19.05, 14.29,  9.52, 23.81, 23.81, 28.57,  9.52,  9.52,  23.81,  19.05,  23.81,  33.33,  23.81, 14.00,   0.659,   0.238,   0.637,   0.097,    3.916,    1.220
WIN21-MIN,>95876,  -9.52,  -4.76,   21, 100.00,  0.00,  0.00,  0.00,  0.00,  0.00,  0.00,  0.00,  0.00,  0.00,  0.00,  0.00,  0.00,  0.00,  0.00,  0.00,  0.00,  0.00,  0.00,  0.00,  0.00,   0.00,   0.00, -19.05,   0.00,   0.00,  1.00,   0.380,   0.000,  -0.236,  -0.152,    2.715,    0.821
WIN51-MAX,>95876,   7.84,   9.80,   51, 100.00, 19.61,  3.92, 11.76,  5.88,  7.84, 15.69,  3.92, 11.76,  9.80, 15.69,  5.88, 13.73,  9.80,  9.80,  7.84, 13.73,  9.80, 15.69,  9.80,  5.88,  13.73,  15.69,   9.80,  25.49,  15.69, 11.26,   0.604,   0.098,   0.473,   0.019,    4.109,    1.115
WIN51-MIN,>95876,  -3.92,   0.00,   51, 100.00,  0.00,  0.00,  0.00,  0.00,  0.00,  0.00,  0.00,  0.00,  0.00,  0.00,  0.00,  0.00,  0.00,  0.00,  0.00,  0.00,  0.00,  0.00,  0.00,  0.00,   0.00,   1.96,  -9.80,   5.88,   0.00,  1.00,   0.437,   0.000,   0.009,  -0.107,    3.412,    0.930

WHOLE-SEQ,>81924,   1.98,   3.63,  303, 100.00, 11.22,  0.66,  5.94,  2.31,  3.30,  8.25,  0.66,  5.94,  4.62,  7.59,  1.98,  7.59,  4.62,  5.94,  2.64,  6.60,  5.61,  9.24,  2.64,  2.64,   7.26,   8.25,  -0.99,  15.51,   8.58,  5.45,   0.495,   0.010,   0.217,  -0.063,    4.072,    1.000
WIN21-MAX,>81924,  14.29,  14.29,   21, 100.00, 28.57,  9.52, 14.29, 14.29,  9.52, 28.57,  4.76, 14.29, 14.29, 28.57,  9.52, 19.05, 19.05, 14.29,  9.52, 19.05, 23.81, 28.57,  9.52,  9.52,  23.81,  23.81,  23.81,  33.33,  19.05, 14.00,   0.659,   0.238,   0.637,   0.093,    3.880,    1.220
WIN21-MIN,>81924,  -9.52,  -9.52,   21, 100.00,  0.00,  0.00,  0.00,  0.00,  0.00,  0.00,  0.00,  0.00,  0.00,  0.00,  0.00,  0.00,  0.00,  0.00,  0.00,  0.00,  0.00,  0.00,  0.00,  0.00,   0.00,   0.00, -23.81,   0.00,   0.00,  1.00,   0.394,   0.000,  -0.211,  -0.152,    2.715,    0.835
WIN51-MAX,>81924,   7.84,   9.80,   51, 100.00, 19.61,  3.92, 11.76,  5.88,  7.84, 15.69,  3.92, 11.76,  9.80, 15.69,  5.88, 15.69,  9.80,  9.80,  7.84, 11.76, 11.76, 15.69,  9.80,  5.88,  13.73,  15.69,  11.76,  25.49,  15.69, 11.46,   0.604,   0.118,   0.473,   0.017,    4.109,    1.117
WIN51-MIN,>81924,  -3.92,  -1.96,   51, 100.00,  0.00,  0.00,  0.00,  0.00,  0.00,  0.00,  0.00,  0.00,  0.00,  0.00,  0.00,  0.00,  0.00,  0.00,  0.00,  0.00,  0.00,  0.00,  0.00,  0.00,   0.00,   1.96,  -9.80,   5.88,   0.00,  1.00,   0.447,   0.000,   0.007,  -0.110,    3.412,    0.932

WHOLE-SEQ,>34975,   1.32,   3.96,  303, 100.00, 11.22,  0.66,  6.27,  2.31,  3.63,  8.25,  0.66,  5.61,  4.29,  7.59,  1.98,  7.26,  4.62,  5.61,  2.97,  7.26,  5.28,  9.24,  2.64,  2.64,   7.26,   8.58,  -1.32,  15.84,   8.91,  5.23,   0.495,   0.013,   0.214,  -0.061,    4.076,    0.998
WIN21-MAX,>34975,   9.52,  14.29,   21, 100.00, 28.57,  9.52, 14.29,  9.52,  9.52, 28.57,  4.76, 14.29, 14.29, 28.57,  9.52, 19.05, 19.05, 14.29,  9.52, 23.81, 28.57, 28.57,  9.52,  9.52,  23.81,  19.05,  23.81,  33.33,  19.05, 14.00,   0.659,   0.238,   0.637,   0.099,    3.880,    1.220
WIN21-MIN,>34975,  -9.52,  -4.76,   21, 100.00,  0.00,  0.00,  0.00,  0.00,  0.00,  0.00,  0.00,  0.00,  0.00,  0.00,  0.00,  0.00,  0.00,  0.00,  0.00,  0.00,  0.00,  0.00,  0.00,  0.00,   0.00,   0.00, -19.05,   0.00,   0.00,  1.00,   0.394,   0.000,  -0.202,  -0.152,    2.715,    0.828
WIN51-MAX,>34975,   7.84,   9.80,   51, 100.00, 19.61,  3.92, 11.76,  5.88,  7.84, 15.69,  3.92,  9.80,  9.80, 15.69,  5.88, 11.76,  9.80,  7.84,  7.84, 13.73, 11.76, 15.69,  9.80,  5.88,  13.73,  15.69,   9.80,  25.49,  17.65, 11.26,   0.604,   0.098,   0.473,   0.020,    4.109,    1.124
WIN51-MIN,>34975,  -3.92,   0.00,   51, 100.00,  0.00,  0.00,  0.00,  0.00,  0.00,  0.00,  0.00,  0.00,  0.00,  0.00,  0.00,  0.00,  0.00,  0.00,  0.00,  0.00,  0.00,  0.00,  0.00,  0.00,   0.00,   1.96,  -9.80,   5.88,   0.00,  1.00,   0.441,   0.000,   0.038,  -0.105,    3.412,    0.932

WHOLE-SEQ,>43621,   1.65,   3.96,  303, 100.00, 11.22,  0.66,  6.27,  2.31,  3.63,  8.25,  0.66,  5.94,  4.29,  7.59,  1.98,  7.59,  4.62,  5.94,  2.64,  6.60,  5.61,  8.91,  2.64,  2.64,   6.93,   8.58,  -1.65,  15.51,   8.91,  5.01,   0.494,   0.017,   0.209,  -0.061,    4.075,    0.998
WIN21-MAX,>43621,  14.29,  14.29,   21, 100.00, 28.57,  9.52, 14.29, 14.29,  9.52, 28.57,  4.76, 14.29, 14.29, 28.57,  9.52, 19.05, 19.05, 14.29,  9.52, 19.05, 23.81, 28.57,  9.52,  9.52,  23.81,  23.81,  23.81,  33.33,  19.05, 14.00,   0.659,   0.238,   0.637,   0.093,    3.880,    1.220
WIN21-MIN,>43621,  -9.52,  -9.52,   21, 100.00,  0.00,  0.00,  0.00,  0.00,  0.00,  0.00,  0.00,  0.00,  0.00,  0.00,  0.00,  0.00,  0.00,  0.00,  0.00,  0.00,  0.00,  0.00,  0.00,  0.00,   0.00,   0.00, -23.81,   0.00,   0.00,  1.00,   0.380,   0.000,  -0.283,  -0.152,    2.715,    0.826
WIN51-MAX,>43621,   7.84,   9.80,   51, 100.00, 19.61,  3.92, 11.76,  5.88,  7.84, 15.69,  3.92, 11.76,  9.80, 15.69,  5.88, 15.69,  9.80,  9.80,  7.84, 11.76,  9.80, 15.69,  9.80,  5.88,  13.73,  15.69,  11.76,  25.49,  17.65, 11.46,   0.604,   0.118,   0.473,   0.017,    4.109,    1.126
WIN51-MIN,>43621,  -3.92,  -1.96,   51, 100.00,  0.00,  0.00,  0.00,  0.00,  0.00,  0.00,  0.00,  0.00,  0.00,  0.00,  0.00,  0.00,  0.00,  0.00,  0.00,  0.00,  0.00,  0.00,  0.00,  0.00,   0.00,   1.96,  -9.80,   5.88,   0.00,  1.00,   0.438,   0.000,  -0.022,  -0.108,    3.412,    0.932

WHOLE-SEQ,>37903,   1.98,   4.29,  303, 100.00, 11.22,  0.66,  6.27,  1.98,  3.30,  8.25,  0.66,  5.94,  4.62,  7.59,  2.31,  7.59,  4.62,  5.61,  2.64,  6.60,  5.94,  8.91,  2.64,  2.64,   7.26,   8.25,  -0.99,  15.51,   8.58,  5.44,   0.495,   0.010,   0.218,  -0.060,    4.074,    0.998
WIN21-MAX,>37903,  14.29,  14.29,   21, 100.00, 28.57,  9.52, 14.29,  9.52,  9.52, 28.57,  4.76, 14.29, 14.29, 28.57,  9.52, 19.05, 19.05, 14.29,  9.52, 19.05, 23.81, 28.57,  9.52,  9.52,  23.81,  19.05,  23.81,  33.33,  19.05, 14.00,   0.659,   0.238,   0.637,   0.093,    3.916,    1.199
WIN21-MIN,>37903,  -9.52,  -4.76,   21, 100.00,  0.00,  0.00,  0.00,  0.00,  0.00,  0.00,  0.00,  0.00,  0.00,  0.00,  0.00,  0.00,  0.00,  0.00,  0.00,  0.00,  0.00,  0.00,  0.00,  0.00,   0.00,   0.00, -19.05,   0.00,   0.00,  1.00,   0.380,   0.000,  -0.236,  -0.152,    2.715,    0.821
WIN51-MAX,>37903,   7.84,   9.80,   51, 100.00, 19.61,  3.92, 11.76,  3.92,  7.84, 15.69,  3.92, 11.76,  9.80, 15.69,  5.88, 15.69,  9.80,  7.84,  7.84, 11.76, 11.76, 15.69,  9.80,  5.88,  13.73,  15.69,  11.76,  25.49,  17.65, 11.46,   0.603,   0.118,   0.470,   0.017,    4.109,    1.126
WIN51-MIN,>37903,  -3.92,   0.00,   51, 100.00,  0.00,  0.00,  0.00,  0.00,  0.00,  0.00,  0.00,  0.00,  0.00,  0.00,  0.00,  0.00,  0.00,  0.00,  0.00,  0.00,  0.00,  0.00,  0.00,  0.00,   0.00,   1.96,  -9.80,   5.88,   0.00,  1.00,   0.437,   0.000,   0.015,  -0.110,    3.412,    0.932

WHOLE-SEQ,>19950,   1.65,   3.96,  303, 100.00, 11.22,  0.66,  5.94,  1.98,  3.63,  8.25,  0.66,  5.61,  4.29,  7.59,  1.98,  7.92,  4.62,  5.94,  2.64,  7.26,  5.61,  8.91,  2.64,  2.64,   6.93,   7.92,  -0.99,  14.85,   8.91,  5.43,   0.493,   0.010,   0.213,  -0.058,    4.068,    0.995
WIN21-MAX,>19950,  14.29,  14.29,   21, 100.00, 28.57,  9.52, 14.29,  9.52,  9.52, 28.57,  4.76, 14.29, 14.29, 28.57,  9.52, 19.05, 19.05, 14.29,  9.52, 23.81, 28.57, 28.57,  9.52,  9.52,  23.81,  19.05,  23.81,  33.33,  19.05, 14.00,   0.659,   0.238,   0.637,   0.099,    3.880,    1.220
WIN21-MIN,>19950,  -9.52,  -4.76,   21, 100.00,  0.00,  0.00,  0.00,  0.00,  0.00,  0.00,  0.00,  0.00,  0.00,  0.00,  0.00,  0.00,  0.00,  0.00,  0.00,  0.00,  0.00,  0.00,  0.00,  0.00,   0.00,   0.00, -19.05,   0.00,   0.00,  1.00,   0.380,   0.000,  -0.236,  -0.152,    2.715,    0.821
WIN51-MAX,>19950,   7.84,   9.80,   51, 100.00, 19.61,  3.92, 11.76,  3.92,  7.84, 15.69,  3.92,  9.80,  9.80, 15.69,  5.88, 13.73,  9.80,  9.80,  7.84, 13.73, 11.76, 15.69,  9.80,  5.88,  13.73,  15.69,  11.76,  25.49,  17.65, 11.46,   0.604,   0.118,   0.473,   0.020,    4.109,    1.122
WIN51-MIN,>19950,  -3.92,   0.00,   51, 100.00,  0.00,  0.00,  0.00,  0.00,  0.00,  0.00,  0.00,  0.00,  0.00,  0.00,  0.00,  0.00,  0.00,  0.00,  0.00,  0.00,  0.00,  0.00,  0.00,  0.00,   0.00,   1.96,  -9.80,   5.88,   0.00,  1.00,   0.438,   0.000,  -0.003,  -0.105,    3.412,    0.932

WHOLE-SEQ,>99390,   1.32,   3.63,  303, 100.00, 11.22,  0.99,  5.94,  2.31,  3.30,  8.25,  0.99,  5.61,  4.29,  7.59,  1.65,  7.26,  4.29,  5.94,  2.97,  7.26,  5.61,  9.24,  2.64,  2.64,   7.26,   8.25,  -0.99,  15.51,   8.58,  5.75,   0.493,   0.010,   0.213,  -0.063,    4.086,    1.001
WIN21-MAX,>99390,   9.52,  14.29,   21, 100.00, 28.57,  9.52, 14.29, 14.29,  9.52, 28.57,  9.52, 14.29, 14.29, 28.57,  9.52, 19.05, 19.05, 14.29,  9.52, 23.81, 28.57, 28.57,  9.52,  9.52,  23.81,  23.81,  23.81,  33.33,  19.05, 14.00,   0.659,   0.238,   0.637,   0.099,    3.880,    1.220
WIN21-MIN,>99390,  -9.52,  -9.52,   21, 100.00,  0.00,  0.00,  0.00,  0.00,  0.00,  0.00,  0.00,  0.00,  0.00,  0.00,  0.00,  0.00,  0.00,  0.00,  0.00,  0.00,  0.00,  0.00,  0.00,  0.00,   0.00,   0.00, -23.81,   0.00,   0.00,  1.00,   0.394,   0.000,  -0.211,  -0.183,    2.715,    0.828
WIN51-MAX,>99390,   7.84,   9.80,   51, 100.00, 19.61,  3.92, 11.76,  5.88,  7.84, 15.69,  5.88,  9.80,  9.80, 15.69,  3.92, 13.73,  9.80,  9.80,  7.84, 13.73, 13.73, 15.69,  9.80,  5.88,  15.69,  15.69,  11.76,  27.45,  15.69, 11.46,   0.604,   0.118,   0.473,   0.020,    4.045,    1.119
WIN51-MIN,>99390,  -1.96,  -1.96,   51, 100.00,  0.00,  0.00,  0.00,  0.00,  0.00,  0.00,  0.00,  0.00,  0.00,  0.00,  0.00,  0.00,  0.00,  0.00,  0.00,  0.00,  0.00,  0.00,  0.00,  0.00,   0.00,   1.96,  -9.80,   5.88,   0.00,  1.00,   0.447,   0.000,  -0.002,  -0.123,    3.412,    0.932

WHOLE-SEQ,>46847,   1.65,   3.96,  303, 100.00, 11.22,  0.99,  5.94,  1.98,  3.30,  8.25,  0.99,  5.61,  4.29,  7.59,  1.65,  7.92,  4.62,  5.94,  2.64,  6.93,  5.61,  9.24,  2.64,  2.64,   6.93,   7.92,  -0.99,  14.85,   8.58,  5.73,   0.493,   0.010,   0.213,  -0.058,    4.077,    0.998
WIN21-MAX,>46847,  14.29,  14.29,   21, 100.00, 28.57,  9.52, 14.29,  9.52,  9.52, 28.57,  9.52, 14.29, 14.29, 28.57,  9.52, 19.05, 19.05, 14.29,  9.52, 19.05, 28.57, 28.57,  9.52,  9.52,  23.81,  19.05,  23.81,  33.33,  19.05, 14.00,   0.659,   0.238,   0.637,   0.093,    3.880,    1.220
WIN21-MIN,>46847,  -9.52,  -4.76,   21, 100.00,  0.00,  0.00,  0.00,  0.00,  0.00,  0.00,  0.00,  0.00,  0.00,  0.00,  0.00,  0.00,  0.00,  0.00,  0.00,  0.00,  0.00,  0.00,  0.00,  0.00,   0.00,   0.00, -19.05,   0.00,   0.00,  1.00,   0.394,   0.000,  -0.202,  -0.152,    2.715,    0.835
WIN51-MAX,>46847,   7.84,   9.80,   51, 100.00, 19.61,  3.92, 11.76,  3.92,  7.84, 15.69,  5.88,  9.80,  9.80, 15.69,  3.92, 13.73,  9.80,  9.80,  7.84, 11.76, 11.76, 15.69,  9.80,  5.88,  13.73,  15.69,  11.76,  25.49,  15.69, 11.46,   0.604,   0.118,   0.473,   0.017,    4.109,    1.119
WIN51-MIN,>46847,  -3.92,   0.00,   51, 100.00,  0.00,  0.00,  0.00,  0.00,  0.00,  0.00,  0.00,  0.00,  0.00,  0.00,  0.00,  0.00,  0.00,  0.00,  0.00,  0.00,  0.00,  0.00,  0.00,  0.00,   0.00,   1.96,  -9.80,   5.88,   0.00,  1.00,   0.441,   0.000,  -0.002,  -0.105,    3.412,    0.932

WHOLE-SEQ,>52129,   0.99,   4.29,  303, 100.00, 11.22,  0.99,  6.27,  1.98,  3.63,  8.25,  0.66,  5.94,  3.96,  7.59,  1.65,  7.92,  4.62,  5.94,  2.97,  6.93,  5.28,  8.91,  2.64,  2.64,   6.93,   8.25,  -1.32,  15.18,   8.91,  5.20,   0.494,   0.013,   0.213,  -0.059,    4.074,    0.997
WIN21-MAX,>52129,   9.52,  14.29,   21, 100.00, 28.57,  9.52, 14.29,  9.52,  9.52, 28.57,  4.76, 14.29, 14.29, 28.57,  9.52, 19.05, 19.05, 14.29,  9.52, 23.81, 23.81, 28.57,  9.52,  9.52,  23.81,  19.05,  23.81,  33.33,  19.05, 14.00,   0.659,   0.238,   0.637,   0.099,    3.880,    1.220
WIN21-MIN,>52129,  -9.52,  -4.76,   21, 100.00,  0.00,  0.00,  0.00,  0.00,  0.00,  0.00,  0.00,  0.00,  0.00,  0.00,  0.00,  0.00,  0.00,  0.00,  0.00,  0.00,  0.00,  0.00,  0.00,  0.00,   0.00,   0.00, -19.05,   0.00,   0.00,  1.00,   0.380,   0.000,  -0.236,  -0.152,    2.715,    0.821
WIN51-MAX,>52129,   7.84,   9.80,   51, 100.00, 19.61,  3.92, 11.76,  3.92,  7.84, 15.69,  3.92, 11.76,  9.80, 15.69,  3.92, 15.69,  9.80,  9.80,  7.84, 13.73,  9.80, 15.69,  9.80,  5.88,  13.73,  15.69,  11.76,  25.49,  17.65, 11.46,   0.604,   0.118,   0.473,   0.020,    4.109,    1.133
WIN51-MIN,>52129,  -3.92,   0.00,   51, 100.00,  0.00,  0.00,  0.00,  0.00,  0.00,  0.00,  0.00,  0.00,  0.00,  0.00,  0.00,  0.00,  0.00,  0.00,  0.00,  0.00,  0.00,  0.00,  0.00,  0.00,   0.00,   1.96,  -9.80,   5.88,   0.00,  1.00,   0.438,   0.000,  -0.003,  -0.105,    3.412,    0.932

WHOLE-SEQ,>35068,   1.32,   3.96,  303, 100.00, 11.22,  0.66,  5.94,  1.98,  3.63,  8.25,  0.66,  5.61,  4.29,  7.59,  1.98,  7.92,  4.62,  5.61,  2.97,  7.26,  5.28,  9.24,  2.64,  2.64,   7.26,   7.92,  -0.66,  15.18,   8.91,  5.84,   0.495,   0.007,   0.221,  -0.059,    4.069,    0.998
WIN21-MAX,>35068,   9.52,  14.29,   21, 100.00, 28.57,  9.52, 14.29,  9.52,  9.52, 28.57,  4.76, 14.29, 14.29, 28.57,  9.52, 19.05, 19.05, 14.29,  9.52, 23.81, 28.57, 28.57,  9.52,  9.52,  23.81,  19.05,  23.81,  33.33,  19.05, 14.00,   0.659,   0.238,   0.637,   0.099,    3.880,    1.220
WIN21-MIN,>35068,  -9.52,  -4.76,   21, 100.00,  0.00,  0.00,  0.00,  0.00,  0.00,  0.00,  0.00,  0.00,  0.00,  0.00,  0.00,  0.00,  0.00,  0.00,  0.00,  0.00,  0.00,  0.00,  0.00,  0.00,   0.00,   0.00, -19.05,   0.00,   0.00,  1.00,   0.394,   0.000,  -0.202,  -0.152,    2.715,    0.828
WIN51-MAX,>35068,   7.84,   9.80,   51, 100.00, 19.61,  3.92, 11.76,  3.92,  7.84, 15.69,  3.92,  9.80,  9.80, 15.69,  5.88, 13.73,  9.80,  7.84,  7.84, 13.73, 11.76, 15.69,  9.80,  5.88,  13.73,  15.69,  11.76,  25.49,  17.65, 11.46,   0.604,   0.118,   0.473,   0.020,    4.109,    1.122
WIN51-MIN,>35068,  -3.92,   0.00,   51, 100.00,  0.00,  0.00,  0.00,  0.00,  0.00,  0.00,  0.00,  0.00,  0.00,  0.00,  0.00,  0.00,  0.00,  0.00,  0.00,  0.00,  0.00,  0.00,  0.00,  0.00,   0.00,   1.96,  -9.80,   5.88,   0.00,  1.00,   0.441,   0.000,   0.018,  -0.105,    3.412,    0.932

WHOLE-SEQ,>18647,   1.32,   4.29,  303, 100.00, 11.55,  0.99,  6.27,  1.98,  3.63,  8.25,  0.66,  5.61,  3.96,  7.59,  1.65,  7.59,  4.62,  6.27,  2.64,  7.26,  5.61,  8.91,  2.31,  2.64,   6.60,   8.25,  -1.65,  14.85,   8.58,  4.98,   0.495,   0.017,   0.210,  -0.058,    4.063,    0.994
WIN21-MAX,>18647,   9.52,  14.29,   21, 100.00, 28.57,  9.52, 14.29,  9.52, 14.29, 28.57,  4.76, 14.29, 14.29, 28.57,  9.52, 19.05, 19.05, 14.29,  9.52, 23.81, 28.57, 28.57,  9.52,  9.52,  23.81,  19.05,  23.81,  33.33,  19.05, 14.00,   0.659,   0.238,   0.637,   0.096,    3.880,    1.220
WIN21-MIN,>18647,  -9.52,  -4.76,   21, 100.00,  0.00,  0.00,  0.00,  0.00,  0.00,  0.00,  0.00,  0.00,  0.00,  0.00,  0.00,  0.00,  0.00,  0.00,  0.00,  0.00,  0.00,  0.00,  0.00,  0.00,   0.00,   0.00, -19.05,   0.00,   0.00,  1.00,   0.380,   0.000,  -0.236,  -0.152,    2.715,    0.821
WIN51-MAX,>18647,   7.84,   9.80,   51, 100.00, 19.61,  3.92, 11.76,  3.92,  7.84, 15.69,  3.92,  9.80,  9.80, 15.69,  3.92, 13.73,  9.80,  9.80,  7.84, 13.73, 11.76, 15.69,  9.80,  5.88,  13.73,  15.69,  11.76,  25.49,  15.69, 11.46,   0.604,   0.118,   0.473,   0.019,    4.109,    1.115
WIN51-MIN,>18647,  -3.92,   0.00,   51, 100.00,  0.00,  0.00,  0.00,  0.00,  0.00,  0.00,  0.00,  0.00,  0.00,  0.00,  0.00,  0.00,  0.00,  0.00,  0.00,  0.00,  0.00,  0.00,  0.00,  0.00,   0.00,   1.96,  -9.80,   5.88,   0.00,  1.00,   0.438,   0.000,  -0.004,  -0.105,    3.412,    0.932

WHOLE-SEQ,>95528,   1.32,   3.63,  303, 100.00, 11.22,  0.66,  5.94,  2.31,  3.63,  8.25,  0.66,  5.94,  4.29,  7.59,  1.98,  7.92,  4.62,  5.61,  2.97,  6.60,  5.61,  8.91,  2.64,  2.64,   7.26,   8.25,  -0.99,  15.51,   8.91,  5.45,   0.494,   0.010,   0.215,  -0.061,    4.077,    0.998
WIN21-MAX,>95528,   9.52,  14.29,   21, 100.00, 28.57,  9.52, 14.29,  9.52,  9.52, 28.57,  4.76, 14.29, 14.29, 28.57,  9.52, 19.05, 19.05, 14.29,  9.52, 19.05, 23.81, 28.57,  9.52,  9.52,  23.81,  19.05,  23.81,  33.33,  19.05, 14.00,   0.659,   0.238,   0.637,   0.093,    3.916,    1.220
WIN21-MIN,>95528,  -9.52,  -4.76,   21, 100.00,  0.00,  0.00,  0.00,  0.00,  0.00,  0.00,  0.00,  0.00,  0.00,  0.00,  0.00,  0.00,  0.00,  0.00,  0.00,  0.00,  0.00,  0.00,  0.00,  0.00,   0.00,   0.00, -19.05,   0.00,   0.00,  1.00,   0.380,   0.000,  -0.236,  -0.152,    2.715,    0.821
WIN51-MAX,>95528,   7.84,   9.80,   51, 100.00, 19.61,  3.92, 11.76,  5.88,  7.84, 15.69,  3.92, 11.76,  9.80, 15.69,  5.88, 13.73,  9.80,  7.84,  7.84, 11.76,  9.80, 15.69,  9.80,  5.88,  13.73,  15.69,   9.80,  25.49,  17.65, 11.26,   0.604,   0.098,   0.473,   0.017,    4.109,    1.128
WIN51-MIN,>95528,  -3.92,   0.00,   51, 100.00,  0.00,  0.00,  0.00,  0.00,  0.00,  0.00,  0.00,  0.00,  0.00,  0.00,  0.00,  0.00,  0.00,  0.00,  0.00,  0.00,  0.00,  0.00,  0.00,  0.00,   0.00,   1.96,  -9.80,   5.88,   0.00,  1.00,   0.437,   0.000,   0.015,  -0.107,    3.412,    0.932

WHOLE-SEQ,>52804,   1.98,   4.29,  303, 100.00, 11.22,  0.99,  6.27,  1.98,  3.30,  8.25,  0.99,  5.61,  4.29,  7.59,  1.98,  7.59,  4.62,  5.94,  2.31,  6.93,  5.94,  8.91,  2.64,  2.64,   6.60,   8.25,  -1.65,  14.85,   8.58,  5.18,   0.494,   0.017,   0.208,  -0.057,    4.082,    0.996
WIN21-MAX,>52804,  14.29,  14.29,   21, 100.00, 28.57,  9.52, 14.29,  9.52, 14.29, 28.57,  9.52, 14.29, 14.29, 28.57,  9.52, 19.05, 19.05, 14.29,  9.52, 19.05, 28.57, 28.57,  9.52,  9.52,  23.81,  19.05,  23.81,  33.33,  23.81, 14.00,   0.659,   0.238,   0.637,   0.091,    3.880,    1.199
WIN21-MIN,>52804,  -9.52,  -4.76,   21, 100.00,  0.00,  0.00,  0.00,  0.00,  0.00,  0.00,  0.00,  0.00,  0.00,  0.00,  0.00,  0.00,  0.00,  0.00,  0.00,  0.00,  0.00,  0.00,  0.00,  0.00,   0.00,   0.00, -19.05,   0.00,   0.00,  1.00,   0.380,   0.000,  -0.236,  -0.152,    2.715,    0.821
WIN51-MAX,>52804,   7.84,   9.80,   51, 100.00, 19.61,  3.92, 11.76,  3.92,  7.84, 15.69,  5.88,  9.80,  9.80, 15.69,  3.92, 13.73,  9.80,  9.80,  7.84, 11.76, 11.76, 15.69,  9.80,  5.88,  13.73,  15.69,  11.76,  25.49,  15.69, 11.46,   0.603,   0.118,   0.470,   0.016,    4.109,    1.119
WIN51-MIN,>52804,  -3.92,   0.00,   51, 100.00,  0.00,  0.00,  0.00,  0.00,  0.00,  0.00,  0.00,  0.00,  0.00,  0.00,  0.00,  0.00,  0.00,  0.00,  0.00,  0.00,  0.00,  0.00,  0.00,  0.00,   0.00,   1.96,  -9.80,   5.88,   0.00,  1.00,   0.438,   0.000,  -0.003,  -0.105,    3.412,    0.932

WHOLE-SEQ,>121425,   1.32,   3.96,  303, 100.00, 11.22,  0.99,  5.94,  1.98,  2.97,  8.25,  0.99,  5.94,  4.29,  7.59,  1.98,  7.59,  4.29,  5.94,  2.97,  7.26,  5.61,  8.91,  2.64,  2.64,   7.26,   7.92,  -0.66,  15.18,   8.25,  6.15,   0.493,   0.007,   0.215,  -0.061,    4.084,    0.999
WIN21-MAX,>121425,   9.52,  14.29,   21, 100.00, 28.57,  9.52, 14.29,  9.52,  9.52, 28.57,  9.52, 14.29, 14.29, 28.57,  9.52, 19.05, 19.05, 14.29,  9.52, 23.81, 23.81, 28.57,  9.52,  9.52,  23.81,  19.05,  23.81,  33.33,  19.05, 14.00,   0.659,   0.238,   0.637,   0.099,    3.880,    1.199
WIN21-MIN,>121425,  -9.52,  -4.76,   21, 100.00,  0.00,  0.00,  0.00,  0.00,  0.00,  0.00,  0.00,  0.00,  0.00,  0.00,  0.00,  0.00,  0.00,  0.00,  0.00,  0.00,  0.00,  0.00,  0.00,  0.00,   0.00,   0.00, -19.05,   0.00,   0.00,  1.00,   0.380,   0.000,  -0.236,  -0.183,    2.715,    0.821
WIN51-MAX,>121425,   7.84,   9.80,   51, 100.00, 19.61,  3.92, 11.76,  3.92,  7.84, 15.69,  5.88, 11.76,  9.80, 15.69,  3.92, 13.73,  9.80,  9.80,  7.84, 13.73, 11.76, 15.69,  9.80,  5.88,  15.69,  15.69,  11.76,  27.45,  15.69, 11.46,   0.603,   0.118,   0.470,   0.020,    4.045,    1.129
WIN51-MIN,>121425,  -1.96,   0.00,   51, 100.00,  0.00,  0.00,  0.00,  0.00,  0.00,  0.00,  0.00,  0.00,  0.00,  0.00,  0.00,  0.00,  0.00,  0.00,  0.00,  0.00,  0.00,  0.00,  0.00,  0.00,   0.00,   1.96,  -9.80,   5.88,   0.00,  1.00,   0.438,   0.000,  -0.003,  -0.123,    3.412,    0.932

WHOLE-SEQ,>89260,   1.98,   3.63,  303, 100.00, 11.22,  0.66,  5.94,  2.31,  3.30,  8.25,  0.66,  5.94,  4.62,  7.59,  1.98,  7.59,  4.62,  5.94,  2.64,  6.60,  5.61,  9.24,  2.64,  2.64,   7.26,   8.25,  -0.99,  15.51,   8.58,  5.45,   0.495,   0.010,   0.217,  -0.063,    4.072,    1.000
WIN21-MAX,>89260,  14.29,  14.29,   21, 100.00, 28.57,  9.52, 14.29,  9.52,  9.52, 28.57,  4.76, 14.29, 14.29, 28.57,  9.52, 19.05, 19.05, 14.29,  9.52, 19.05, 23.81, 28.57,  9.52,  9.52,  23.81,  19.05,  23.81,  33.33,  19.05, 14.00,   0.659,   0.238,   0.637,   0.093,    3.880,    1.220
WIN21-MIN,>89260,  -9.52,  -4.76,   21, 100.00,  0.00,  0.00,  0.00,  0.00,  0.00,  0.00,  0.00,  0.00,  0.00,  0.00,  0.00,  0.00,  0.00,  0.00,  0.00,  0.00,  0.00,  0.00,  0.00,  0.00,   0.00,   0.00, -19.05,   0.00,   0.00,  1.00,   0.394,   0.000,  -0.202,  -0.152,    2.715,    0.835
WIN51-MAX,>89260,   7.84,   9.80,   51, 100.00, 19.61,  3.92, 11.76,  5.88,  7.84, 15.69,  3.92, 11.76,  9.80, 15.69,  5.88, 13.73,  9.80,  9.80,  7.84, 11.76, 11.76, 15.69,  9.80,  5.88,  13.73,  15.69,   9.80,  25.49,  15.69, 10.98,   0.604,   0.098,   0.473,   0.017,    4.109,    1.117
WIN51-MIN,>89260,  -3.92,   0.00,   51, 100.00,  0.00,  0.00,  0.00,  0.00,  0.00,  0.00,  0.00,  0.00,  0.00,  0.00,  0.00,  0.00,  0.00,  0.00,  0.00,  0.00,  0.00,  0.00,  0.00,  0.00,   0.00,   1.96,  -9.80,   5.88,   0.00,  1.00,   0.447,   0.000,   0.027,  -0.111,    3.412,    0.932

WHOLE-SEQ,>112171,   1.32,   3.63,  303, 100.00, 11.22,  0.99,  5.94,  2.31,  3.30,  8.25,  0.99,  5.61,  4.29,  7.59,  1.65,  7.26,  4.29,  5.94,  2.97,  7.26,  5.61,  9.24,  2.64,  2.64,   7.26,   8.25,  -0.99,  15.51,   8.58,  5.75,   0.493,   0.010,   0.213,  -0.063,    4.086,    1.001
WIN21-MAX,>112171,   9.52,  14.29,   21, 100.00, 28.57,  9.52, 14.29,  9.52,  9.52, 28.57,  9.52, 14.29, 14.29, 28.57,  9.52, 19.05, 19.05, 14.29,  9.52, 23.81, 28.57, 28.57,  9.52,  9.52,  23.81,  19.05,  23.81,  33.33,  19.05, 14.00,   0.659,   0.238,   0.637,   0.099,    3.880,    1.220
WIN21-MIN,>112171,  -9.52,  -4.76,   21, 100.00,  0.00,  0.00,  0.00,  0.00,  0.00,  0.00,  0.00,  0.00,  0.00,  0.00,  0.00,  0.00,  0.00,  0.00,  0.00,  0.00,  0.00,  0.00,  0.00,  0.00,   0.00,   0.00, -19.05,   0.00,   0.00,  1.00,   0.394,   0.000,  -0.202,  -0.183,    2.715,    0.828
WIN51-MAX,>112171,   7.84,   9.80,   51, 100.00, 19.61,  3.92, 11.76,  5.88,  7.84, 15.69,  5.88,  9.80,  9.80, 15.69,  3.92, 13.73,  9.80,  9.80,  7.84, 13.73, 13.73, 15.69,  9.80,  5.88,  15.69,  15.69,   9.80,  27.45,  15.69, 11.26,   0.604,   0.098,   0.473,   0.020,    4.053,    1.121
WIN51-MIN,>112171,  -1.96,   0.00,   51, 100.00,  0.00,  0.00,  0.00,  0.00,  0.00,  0.00,  0.00,  0.00,  0.00,  0.00,  0.00,  0.00,  0.00,  0.00,  0.00,  0.00,  0.00,  0.00,  0.00,  0.00,   0.00,   1.96,  -9.80,   5.88,   0.00,  1.00,   0.447,   0.000,   0.017,  -0.123,    3.412,    0.932

WHOLE-SEQ,>121513,   1.98,   4.29,  303, 100.00, 11.22,  0.99,  6.27,  1.98,  3.30,  8.25,  0.99,  5.61,  4.29,  7.59,  1.98,  7.59,  4.62,  5.94,  2.31,  7.26,  5.61,  8.91,  2.64,  2.64,   6.60,   8.25,  -1.65,  14.85,   8.58,  5.18,   0.494,   0.017,   0.208,  -0.057,    4.081,    0.995
WIN21-MAX,>121513,  14.29,  14.29,   21, 100.00, 28.57,  9.52, 14.29,  9.52, 14.29, 28.57,  9.52, 14.29, 14.29, 28.57,  9.52, 19.05, 19.05, 14.29,  9.52, 23.81, 28.57, 28.57,  9.52,  9.52,  23.81,  19.05,  23.81,  33.33,  23.81, 14.00,   0.659,   0.238,   0.637,   0.097,    3.880,    1.199
WIN21-MIN,>121513,  -9.52,  -4.76,   21, 100.00,  0.00,  0.00,  0.00,  0.00,  0.00,  0.00,  0.00,  0.00,  0.00,  0.00,  0.00,  0.00,  0.00,  0.00,  0.00,  0.00,  0.00,  0.00,  0.00,  0.00,   0.00,   0.00, -19.05,   0.00,   0.00,  1.00,   0.380,   0.000,  -0.236,  -0.152,    2.715,    0.821
WIN51-MAX,>121513,   7.84,   9.80,   51, 100.00, 19.61,  3.92, 11.76,  3.92,  7.84, 15.69,  5.88,  9.80,  9.80, 15.69,  3.92, 13.73,  9.80,  9.80,  7.84, 13.73, 11.76, 15.69,  9.80,  5.88,  13.73,  15.69,  11.76,  25.49,  15.69, 11.46,   0.603,   0.118,   0.470,   0.019,    4.109,    1.119
WIN51-MIN,>121513,  -3.92,   0.00,   51, 100.00,  0.00,  0.00,  0.00,  0.00,  0.00,  0.00,  0.00,  0.00,  0.00,  0.00,  0.00,  0.00,  0.00,  0.00,  0.00,  0.00,  0.00,  0.00,  0.00,  0.00,   0.00,   1.96,  -9.80,   5.88,   0.00,  1.00,   0.438,   0.000,  -0.003,  -0.105,    3.412,    0.932

WHOLE-SEQ,>55392,   1.65,   3.63,  303, 100.00, 11.22,  0.66,  5.94,  2.31,  3.30,  8.25,  0.66,  5.61,  4.29,  7.59,  2.31,  7.59,  4.62,  5.94,  2.64,  6.93,  5.94,  8.91,  2.64,  2.64,   6.93,   8.25,  -1.32,  15.18,   8.58,  5.22,   0.493,   0.013,   0.209,  -0.060,    4.077,    0.996
WIN21-MAX,>55392,  14.29,  14.29,   21, 100.00, 28.57,  9.52, 14.29,  9.52,  9.52, 28.57,  4.76, 14.29, 14.29, 28.57,  9.52, 19.05, 19.05, 14.29,  9.52, 19.05, 28.57, 28.57,  9.52,  9.52,  23.81,  19.05,  23.81,  33.33,  19.05, 14.00,   0.659,   0.238,   0.637,   0.093,    3.880,    1.199
WIN21-MIN,>55392,  -9.52,  -4.76,   21, 100.00,  0.00,  0.00,  0.00,  0.00,  0.00,  0.00,  0.00,  0.00,  0.00,  0.00,  0.00,  0.00,  0.00,  0.00,  0.00,  0.00,  0.00,  0.00,  0.00,  0.00,   0.00,   0.00, -19.05,   0.00,   0.00,  1.00,   0.380,   0.000,  -0.236,  -0.152,    2.715,    0.821
WIN51-MAX,>55392,   7.84,   9.80,   51, 100.00, 19.61,  3.92, 11.76,  5.88,  7.84, 15.69,  3.92,  9.80,  9.80, 15.69,  5.88, 13.73,  9.80,  9.80,  7.84, 11.76, 11.76, 15.69,  9.80,  5.88,  13.73,  15.69,   9.80,  25.49,  17.65, 10.98,   0.603,   0.098,   0.470,   0.017,    4.109,    1.124
WIN51-MIN,>55392,  -3.92,   0.00,   51, 100.00,  0.00,  0.00,  0.00,  0.00,  0.00,  0.00,  0.00,  0.00,  0.00,  0.00,  0.00,  0.00,  0.00,  0.00,  0.00,  0.00,  0.00,  0.00,  0.00,  0.00,   0.00,   1.96,  -9.80,   5.88,   0.00,  1.00,   0.438,   0.000,  -0.003,  -0.105,    3.412,    0.932

WHOLE-SEQ,>120315,   1.98,   4.29,  303, 100.00, 11.22,  0.99,  6.27,  1.98,  3.30,  8.25,  0.99,  5.61,  4.29,  7.59,  1.98,  7.59,  4.62,  5.94,  2.31,  6.93,  5.94,  8.91,  2.64,  2.64,   6.60,   8.25,  -1.65,  14.85,   8.58,  5.18,   0.494,   0.017,   0.208,  -0.057,    4.082,    0.996
WIN21-MAX,>120315,  14.29,  14.29,   21, 100.00, 28.57,  9.52, 14.29,  9.52, 14.29, 28.57,  9.52, 14.29, 14.29, 28.57,  9.52, 19.05, 19.05, 14.29,  9.52, 23.81, 28.57, 28.57,  9.52,  9.52,  23.81,  19.05,  23.81,  33.33,  23.81, 14.00,   0.659,   0.238,   0.637,   0.097,    3.880,    1.199
WIN21-MIN,>120315,  -9.52,  -4.76,   21, 100.00,  0.00,  0.00,  0.00,  0.00,  0.00,  0.00,  0.00,  0.00,  0.00,  0.00,  0.00,  0.00,  0.00,  0.00,  0.00,  0.00,  0.00,  0.00,  0.00,  0.00,   0.00,   0.00, -19.05,   0.00,   0.00,  1.00,   0.380,   0.000,  -0.236,  -0.152,    2.715,    0.821
WIN51-MAX,>120315,   7.84,   9.80,   51, 100.00, 19.61,  3.92, 11.76,  3.92,  7.84, 15.69,  5.88,  9.80,  9.80, 15.69,  3.92, 15.69,  9.80,  9.80,  7.84, 13.73, 13.73, 15.69,  9.80,  5.88,  13.73,  15.69,  11.76,  25.49,  15.69, 11.46,   0.603,   0.118,   0.470,   0.019,    4.109,    1.115
WIN51-MIN,>120315,  -3.92,   0.00,   51, 100.00,  0.00,  0.00,  0.00,  0.00,  0.00,  0.00,  0.00,  0.00,  0.00,  0.00,  0.00,  0.00,  0.00,  0.00,  0.00,  0.00,  0.00,  0.00,  0.00,  0.00,   0.00,   1.96,  -9.80,   5.88,   0.00,  1.00,   0.438,   0.000,  -0.019,  -0.110,    3.412,    0.932

WHOLE-SEQ,>19640,   1.32,   3.96,  303, 100.00, 11.22,  0.66,  5.94,  1.98,  3.63,  8.25,  0.99,  5.61,  3.96,  7.59,  1.98,  7.92,  4.62,  5.94,  2.64,  7.26,  5.61,  8.91,  2.64,  2.64,   6.60,   7.92,  -1.32,  14.52,   8.91,  5.40,   0.494,   0.013,   0.211,  -0.058,    4.075,    0.996
WIN21-MAX,>19640,   9.52,  14.29,   21, 100.00, 28.57,  9.52, 14.29,  9.52, 14.29, 28.57,  9.52, 14.29, 14.29, 28.57,  9.52, 19.05, 19.05, 14.29,  9.52, 23.81, 28.57, 28.57,  9.52,  9.52,  23.81,  19.05,  23.81,  33.33,  23.81, 14.00,   0.659,   0.238,   0.637,   0.097,    3.880,    1.220
WIN21-MIN,>19640,  -9.52,  -4.76,   21, 100.00,  0.00,  0.00,  0.00,  0.00,  0.00,  0.00,  0.00,  0.00,  0.00,  0.00,  0.00,  0.00,  0.00,  0.00,  0.00,  0.00,  0.00,  0.00,  0.00,  0.00,   0.00,   0.00, -19.05,   0.00,   0.00,  1.00,   0.380,   0.000,  -0.236,  -0.152,    2.715,    0.821
WIN51-MAX,>19640,   7.84,   9.80,   51, 100.00, 19.61,  3.92, 11.76,  3.92,  7.84, 15.69,  5.88,  9.80,  9.80, 15.69,  5.88, 13.73,  9.80,  9.80,  7.84, 13.73, 11.76, 15.69,  9.80,  5.88,  13.73,  15.69,  11.76,  25.49,  15.69, 11.46,   0.604,   0.118,   0.473,   0.019,    4.109,    1.113
WIN51-MIN,>19640,  -3.92,   0.00,   51, 100.00,  0.00,  0.00,  0.00,  0.00,  0.00,  0.00,  0.00,  0.00,  0.00,  0.00,  0.00,  0.00,  0.00,  0.00,  0.00,  0.00,  0.00,  0.00,  0.00,  0.00,   0.00,   1.96,  -9.80,   5.88,   0.00,  1.00,   0.438,   0.000,  -0.006,  -0.105,    3.412,    0.932

WHOLE-SEQ,>112216,   1.65,   4.29,  303, 100.00, 11.55,  0.99,  6.27,  1.98,  3.30,  8.25,  0.99,  5.94,  4.29,  7.59,  1.65,  7.59,  4.62,  5.94,  2.64,  6.93,  5.28,  9.24,  2.31,  2.64,   6.93,   8.25,  -1.32,  15.18,   8.25,  5.41,   0.496,   0.013,   0.218,  -0.060,    4.071,    0.998
WIN21-MAX,>112216,  14.29,  14.29,   21, 100.00, 28.57,  9.52, 14.29,  9.52,  9.52, 28.57,  9.52, 14.29, 14.29, 28.57,  9.52, 19.05, 19.05, 14.29,  9.52, 19.05, 23.81, 28.57,  9.52,  9.52,  23.81,  19.05,  23.81,  33.33,  19.05, 14.00,   0.659,   0.238,   0.637,   0.092,    3.880,    1.220
WIN21-MIN,>112216,  -9.52,  -4.76,   21, 100.00,  0.00,  0.00,  0.00,  0.00,  0.00,  0.00,  0.00,  0.00,  0.00,  0.00,  0.00,  0.00,  0.00,  0.00,  0.00,  0.00,  0.00,  0.00,  0.00,  0.00,   0.00,   0.00, -19.05,   0.00,   0.00,  1.00,   0.397,   0.000,  -0.202,  -0.152,    2.715,    0.820
WIN51-MAX,>112216,   7.84,   9.80,   51, 100.00, 19.61,  3.92, 11.76,  3.92,  7.84, 15.69,  5.88, 11.76,  9.80, 15.69,  3.92, 13.73,  9.80,  9.80,  7.84, 11.76,  9.80, 15.69,  9.80,  5.88,  13.73,  15.69,  11.76,  25.49,  15.69, 11.46,   0.604,   0.118,   0.473,   0.017,    4.109,    1.129
WIN51-MIN,>112216,  -3.92,   0.00,   51, 100.00,  0.00,  0.00,  0.00,  0.00,  0.00,  0.00,  0.00,  0.00,  0.00,  0.00,  0.00,  0.00,  0.00,  0.00,  0.00,  0.00,  0.00,  0.00,  0.00,  0.00,   0.00,   1.96,  -9.80,   5.88,   0.00,  1.00,   0.448,   0.000,   0.027,  -0.105,    3.412,    0.932

WHOLE-SEQ,>112131,   1.65,   3.96,  303, 100.00, 11.22,  0.99,  6.27,  2.31,  2.97,  8.25,  0.99,  5.61,  4.29,  7.59,  1.98,  7.26,  4.62,  5.94,  2.64,  6.93,  5.61,  9.24,  2.64,  2.64,   6.93,   8.58,  -1.65,  15.51,   8.25,  5.21,   0.493,   0.017,   0.205,  -0.060,    4.087,    0.997
WIN21-MAX,>112131,  14.29,  14.29,   21, 100.00, 28.57,  9.52, 14.29,  9.52,  9.52, 28.57,  9.52, 14.29, 14.29, 28.57,  9.52, 19.05, 19.05, 14.29,  9.52, 19.05, 28.57, 28.57,  9.52,  9.52,  23.81,  19.05,  23.81,  33.33,  19.05, 14.00,   0.659,   0.238,   0.637,   0.093,    3.880,    1.199
WIN21-MIN,>112131,  -9.52,  -4.76,   21, 100.00,  0.00,  0.00,  0.00,  0.00,  0.00,  0.00,  0.00,  0.00,  0.00,  0.00,  0.00,  0.00,  0.00,  0.00,  0.00,  0.00,  0.00,  0.00,  0.00,  0.00,   0.00,   0.00, -19.05,   0.00,   0.00,  1.00,   0.394,   0.000,  -0.202,  -0.152,    2.715,    0.835
WIN51-MAX,>112131,   7.84,   9.80,   51, 100.00, 19.61,  3.92, 11.76,  5.88,  7.84, 15.69,  5.88,  9.80,  9.80, 15.69,  3.92, 11.76,  9.80,  9.80,  7.84, 11.76, 11.76, 15.69,  9.80,  5.88,  13.73,  15.69,   9.80,  25.49,  15.69, 10.98,   0.603,   0.098,   0.470,   0.017,    4.109,    1.121
WIN51-MIN,>112131,  -3.92,   0.00,   51, 100.00,  0.00,  0.00,  0.00,  0.00,  0.00,  0.00,  0.00,  0.00,  0.00,  0.00,  0.00,  0.00,  0.00,  0.00,  0.00,  0.00,  0.00,  0.00,  0.00,  0.00,   0.00,   1.96,  -9.80,   5.88,   0.00,  1.00,   0.441,   0.000,   0.017,  -0.105,    3.412,    0.932

WHOLE-SEQ,>12051,   1.32,   4.29,  303, 100.00, 11.22,  0.66,  6.27,  1.98,  3.63,  8.25,  0.66,  5.94,  4.29,  7.59,  1.98,  7.59,  4.62,  5.61,  2.97,  7.26,  5.28,  8.91,  2.64,  2.64,   7.26,   8.25,  -0.99,  15.51,   8.91,  5.44,   0.495,   0.010,   0.218,  -0.059,    4.072,    0.997
WIN21-MAX,>12051,   9.52,  14.29,   21, 100.00, 28.57,  9.52, 14.29,  9.52,  9.52, 28.57,  4.76, 14.29, 14.29, 28.57,  9.52, 19.05, 19.05, 14.29,  9.52, 23.81, 23.81, 28.57,  9.52,  9.52,  23.81,  19.05,  23.81,  33.33,  19.05, 14.00,   0.659,   0.238,   0.637,   0.099,    3.916,    1.220
WIN21-MIN,>12051,  -9.52,  -4.76,   21, 100.00,  0.00,  0.00,  0.00,  0.00,  0.00,  0.00,  0.00,  0.00,  0.00,  0.00,  0.00,  0.00,  0.00,  0.00,  0.00,  0.00,  0.00,  0.00,  0.00,  0.00,   0.00,   0.00, -19.05,   0.00,   0.00,  1.00,   0.380,   0.000,  -0.236,  -0.152,    2.715,    0.821
WIN51-MAX,>12051,   7.84,   9.80,   51, 100.00, 19.61,  3.92, 11.76,  3.92,  7.84, 15.69,  3.92, 11.76,  9.80, 15.69,  5.88, 13.73,  9.80,  7.84,  7.84, 13.73,  9.80, 15.69,  9.80,  5.88,  13.73,  15.69,  11.76,  25.49,  17.65, 11.46,   0.604,   0.118,   0.473,   0.020,    4.109,    1.131
WIN51-MIN,>12051,  -3.92,   0.00,   51, 100.00,  0.00,  0.00,  0.00,  0.00,  0.00,  0.00,  0.00,  0.00,  0.00,  0.00,  0.00,  0.00,  0.00,  0.00,  0.00,  0.00,  0.00,  0.00,  0.00,  0.00,   0.00,   1.96,  -9.80,   5.88,   0.00,  1.00,   0.437,   0.000,   0.015,  -0.105,    3.412,    0.932

WHOLE-SEQ,>123167,   1.65,   3.63,  303, 100.00, 11.22,  0.66,  5.94,  2.31,  3.30,  8.25,  0.66,  5.61,  4.29,  7.59,  2.31,  7.59,  4.62,  5.94,  2.64,  6.93,  5.94,  8.91,  2.64,  2.64,   6.93,   8.25,  -1.32,  15.18,   8.58,  5.22,   0.493,   0.013,   0.209,  -0.060,    4.077,    0.996
WIN21-MAX,>123167,  14.29,  14.29,   21, 100.00, 28.57,  9.52, 14.29,  9.52,  9.52, 28.57,  4.76, 14.29, 14.29, 28.57,  9.52, 19.05, 19.05, 14.29,  9.52, 23.81, 28.57, 28.57,  9.52,  9.52,  23.81,  19.05,  23.81,  33.33,  19.05, 14.00,   0.659,   0.238,   0.637,   0.099,    3.880,    1.199
WIN21-MIN,>123167,  -9.52,  -4.76,   21, 100.00,  0.00,  0.00,  0.00,  0.00,  0.00,  0.00,  0.00,  0.00,  0.00,  0.00,  0.00,  0.00,  0.00,  0.00,  0.00,  0.00,  0.00,  0.00,  0.00,  0.00,   0.00,   0.00, -19.05,   0.00,   0.00,  1.00,   0.380,   0.000,  -0.236,  -0.152,    2.715,    0.821
WIN51-MAX,>123167,   7.84,   9.80,   51, 100.00, 19.61,  3.92, 11.76,  5.88,  7.84, 15.69,  3.92,  9.80,  9.80, 15.69,  5.88, 13.73,  9.80,  9.80,  7.84, 13.73, 13.73, 15.69,  9.80,  5.88,  13.73,  15.69,   9.80,  25.49,  17.65, 10.98,   0.603,   0.098,   0.470,   0.020,    4.109,    1.119
WIN51-MIN,>123167,  -3.92,   0.00,   51, 100.00,  0.00,  0.00,  0.00,  0.00,  0.00,  0.00,  0.00,  0.00,  0.00,  0.00,  0.00,  0.00,  0.00,  0.00,  0.00,  0.00,  0.00,  0.00,  0.00,  0.00,   0.00,   1.96,  -9.80,   5.88,   0.00,  1.00,   0.438,   0.000,  -0.003,  -0.110,    3.412,    0.932

WHOLE-SEQ,>112252,   1.32,   3.96,  303, 100.00, 11.55,  0.99,  5.94,  1.98,  3.30,  8.25,  0.99,  5.94,  4.29,  7.59,  1.65,  7.59,  4.29,  5.94,  2.97,  6.93,  5.61,  9.24,  2.31,  2.64,   7.26,   7.92,  -0.66,  15.18,   8.25,  6.15,   0.496,   0.007,   0.224,  -0.063,    4.073,    1.002
WIN21-MAX,>112252,   9.52,  14.29,   21, 100.00, 28.57,  9.52, 14.29,  9.52,  9.52, 28.57,  9.52, 14.29, 14.29, 28.57,  9.52, 19.05, 19.05, 14.29,  9.52, 19.05, 23.81, 28.57,  9.52,  9.52,  23.81,  19.05,  23.81,  33.33,  19.05, 14.00,   0.659,   0.238,   0.637,   0.092,    3.880,    1.220
WIN21-MIN,>112252,  -9.52,  -4.76,   21, 100.00,  0.00,  0.00,  0.00,  0.00,  0.00,  0.00,  0.00,  0.00,  0.00,  0.00,  0.00,  0.00,  0.00,  0.00,  0.00,  0.00,  0.00,  0.00,  0.00,  0.00,   0.00,   0.00, -19.05,   0.00,   0.00,  1.00,   0.394,   0.000,  -0.202,  -0.183,    2.715,    0.820
WIN51-MAX,>112252,   7.84,   9.80,   51, 100.00, 19.61,  3.92, 11.76,  3.92,  7.84, 15.69,  5.88, 11.76,  9.80, 15.69,  3.92, 13.73,  9.80,  9.80,  7.84, 11.76, 11.76, 15.69,  9.80,  5.88,  15.69,  15.69,  11.76,  27.45,  15.69, 11.46,   0.604,   0.118,   0.473,   0.017,    4.045,    1.129
WIN51-MIN,>112252,  -1.96,   0.00,   51, 100.00,  0.00,  0.00,  0.00,  0.00,  0.00,  0.00,  0.00,  0.00,  0.00,  0.00,  0.00,  0.00,  0.00,  0.00,  0.00,  0.00,  0.00,  0.00,  0.00,  0.00,   0.00,   1.96,  -9.80,   5.88,   0.00,  1.00,   0.448,   0.000,   0.027,  -0.123,    3.412,    0.932

WHOLE-SEQ,>48568,   1.32,   4.29,  303, 100.00, 11.55,  0.66,  6.27,  1.98,  3.63,  8.25,  0.66,  5.94,  4.29,  7.59,  1.98,  7.26,  4.29,  5.94,  2.97,  7.26,  5.28,  9.24,  2.31,  2.64,   7.26,   8.25,  -0.99,  15.51,   8.58,  5.44,   0.498,   0.010,   0.226,  -0.064,    4.062,    1.001
WIN21-MAX,>48568,   9.52,  14.29,   21, 100.00, 28.57,  9.52, 14.29,  9.52,  9.52, 28.57,  4.76, 14.29, 14.29, 28.57,  9.52, 19.05, 19.05, 14.29,  9.52, 23.81, 23.81, 28.57,  9.52,  9.52,  23.81,  19.05,  23.81,  33.33,  19.05, 14.00,   0.659,   0.238,   0.637,   0.098,    3.880,    1.220
WIN21-MIN,>48568,  -9.52,  -4.76,   21, 100.00,  0.00,  0.00,  0.00,  0.00,  0.00,  0.00,  0.00,  0.00,  0.00,  0.00,  0.00,  0.00,  0.00,  0.00,  0.00,  0.00,  0.00,  0.00,  0.00,  0.00,   0.00,   0.00, -19.05,   0.00,   0.00,  1.00,   0.394,   0.000,  -0.202,  -0.183,    2.715,    0.801
WIN51-MAX,>48568,   7.84,   9.80,   51, 100.00, 19.61,  3.92, 11.76,  3.92,  7.84, 15.69,  3.92, 11.76,  9.80, 15.69,  5.88, 13.73,  9.80,  9.80,  7.84, 13.73, 11.76, 15.69,  9.80,  5.88,  15.69,  15.69,  11.76,  27.45,  17.65, 11.46,   0.604,   0.118,   0.473,   0.020,    4.045,    1.131
WIN51-MIN,>48568,  -1.96,   0.00,   51, 100.00,  0.00,  0.00,  0.00,  0.00,  0.00,  0.00,  0.00,  0.00,  0.00,  0.00,  0.00,  0.00,  0.00,  0.00,  0.00,  0.00,  0.00,  0.00,  0.00,  0.00,   0.00,   1.96,  -9.80,   5.88,   0.00,  1.00,   0.448,   0.000,   0.027,  -0.123,    3.412,    0.932

WHOLE-SEQ,>67893,   1.32,   3.63,  303, 100.00, 11.22,  0.99,  6.27,  2.64,  3.63,  8.25,  0.66,  5.28,  3.96,  7.59,  1.98,  6.93,  4.62,  6.27,  2.64,  7.26,  5.61,  8.91,  2.64,  2.64,   6.60,   8.91,  -2.31,  15.51,   8.91,  4.82,   0.493,   0.023,   0.198,  -0.060,    4.087,    0.994
WIN21-MAX,>67893,   9.52,  14.29,   21, 100.00, 28.57,  9.52, 14.29, 14.29, 14.29, 28.57,  4.76, 14.29, 14.29, 28.57,  9.52, 19.05, 19.05, 14.29,  9.52, 23.81, 28.57, 28.57,  9.52,  9.52,  23.81,  23.81,  23.81,  33.33,  23.81, 14.00,   0.659,   0.238,   0.637,   0.097,    3.880,    1.220
WIN21-MIN,>67893,  -9.52,  -9.52,   21, 100.00,  0.00,  0.00,  0.00,  0.00,  0.00,  0.00,  0.00,  0.00,  0.00,  0.00,  0.00,  0.00,  0.00,  0.00,  0.00,  0.00,  0.00,  0.00,  0.00,  0.00,   0.00,   0.00, -23.81,   0.00,   0.00,  1.00,   0.380,   0.000,  -0.283,  -0.152,    2.715,    0.826
WIN51-MAX,>67893,   7.84,   9.80,   51, 100.00, 19.61,  3.92, 11.76,  5.88,  7.84, 15.69,  3.92,  9.80,  9.80, 15.69,  3.92, 11.76,  9.80,  9.80,  7.84, 13.73, 11.76, 15.69,  9.80,  5.88,  13.73,  15.69,   9.80,  25.49,  15.69, 11.26,   0.604,   0.098,   0.473,   0.019,    4.109,    1.117
WIN51-MIN,>67893,  -3.92,  -1.96,   51, 100.00,  0.00,  0.00,  0.00,  0.00,  0.00,  0.00,  0.00,  0.00,  0.00,  0.00,  0.00,  0.00,  0.00,  0.00,  0.00,  0.00,  0.00,  0.00,  0.00,  0.00,   0.00,   1.96,  -9.80,   5.88,   0.00,  1.00,   0.436,   0.000,  -0.022,  -0.105,    3.412,    0.932

WHOLE-SEQ,>122988,   1.65,   3.96,  303, 100.00, 11.22,  0.66,  6.27,  2.31,  3.63,  8.25,  0.66,  5.94,  4.29,  7.59,  1.98,  7.59,  4.62,  5.94,  2.64,  6.93,  5.28,  8.91,  2.64,  2.64,   6.93,   8.58,  -1.65,  15.51,   8.91,  5.01,   0.494,   0.017,   0.209,  -0.061,    4.074,    0.996
WIN21-MAX,>122988,  14.29,  14.29,   21, 100.00, 28.57,  9.52, 14.29,  9.52,  9.52, 28.57,  4.76, 14.29, 14.29, 28.57,  9.52, 19.05, 19.05, 14.29,  9.52, 23.81, 23.81, 28.57,  9.52,  9.52,  23.81,  19.05,  23.81,  33.33,  19.05, 14.00,   0.659,   0.238,   0.637,   0.099,    3.880,    1.220
WIN21-MIN,>122988,  -9.52,  -4.76,   21, 100.00,  0.00,  0.00,  0.00,  0.00,  0.00,  0.00,  0.00,  0.00,  0.00,  0.00,  0.00,  0.00,  0.00,  0.00,  0.00,  0.00,  0.00,  0.00,  0.00,  0.00,   0.00,   0.00, -19.05,   0.00,   0.00,  1.00,   0.380,   0.000,  -0.236,  -0.152,    2.715,    0.821
WIN51-MAX,>122988,   7.84,   9.80,   51, 100.00, 19.61,  3.92, 11.76,  5.88,  7.84, 15.69,  3.92, 11.76,  9.80, 15.69,  5.88, 13.73,  9.80,  9.80,  7.84, 13.73,  9.80, 15.69,  9.80,  5.88,  13.73,  15.69,   9.80,  25.49,  17.65, 10.98,   0.604,   0.098,   0.473,   0.020,    4.109,    1.128
WIN51-MIN,>122988,  -3.92,   0.00,   51, 100.00,  0.00,  0.00,  0.00,  0.00,  0.00,  0.00,  0.00,  0.00,  0.00,  0.00,  0.00,  0.00,  0.00,  0.00,  0.00,  0.00,  0.00,  0.00,  0.00,  0.00,   0.00,   1.96,  -9.80,   5.88,   0.00,  1.00,   0.438,   0.000,  -0.003,  -0.107,    3.412,    0.932

WHOLE-SEQ,>16049,   1.32,   4.29,  303, 100.00, 11.22,  0.66,  6.27,  1.98,  3.63,  8.25,  0.66,  5.94,  4.29,  7.59,  1.98,  7.59,  4.29,  5.94,  2.97,  6.93,  5.28,  9.24,  2.64,  2.64,   7.26,   8.25,  -0.99,  15.51,   8.91,  5.44,   0.496,   0.010,   0.221,  -0.064,    4.069,    1.002
WIN21-MAX,>16049,   9.52,  14.29,   21, 100.00, 28.57,  9.52, 14.29,  9.52,  9.52, 28.57,  4.76, 14.29, 14.29, 28.57,  9.52, 19.05, 19.05, 14.29,  9.52, 19.05, 23.81, 28.57,  9.52,  9.52,  23.81,  19.05,  23.81,  33.33,  19.05, 14.00,   0.659,   0.238,   0.637,   0.093,    3.880,    1.220
WIN21-MIN,>16049,  -9.52,  -4.76,   21, 100.00,  0.00,  0.00,  0.00,  0.00,  0.00,  0.00,  0.00,  0.00,  0.00,  0.00,  0.00,  0.00,  0.00,  0.00,  0.00,  0.00,  0.00,  0.00,  0.00,  0.00,   0.00,   0.00, -19.05,   0.00,   0.00,  1.00,   0.394,   0.000,  -0.202,  -0.183,    2.715,    0.835
WIN51-MAX,>16049,   7.84,   9.80,   51, 100.00, 19.61,  3.92, 11.76,  3.92,  7.84, 15.69,  3.92, 11.76,  9.80, 15.69,  5.88, 13.73,  9.80,  9.80,  7.84, 11.76,  9.80, 15.69,  9.80,  5.88,  15.69,  15.69,  11.76,  27.45,  17.65, 11.46,   0.604,   0.118,   0.473,   0.017,    4.045,    1.131
WIN51-MIN,>16049,  -1.96,   0.00,   51, 100.00,  0.00,  0.00,  0.00,  0.00,  0.00,  0.00,  0.00,  0.00,  0.00,  0.00,  0.00,  0.00,  0.00,  0.00,  0.00,  0.00,  0.00,  0.00,  0.00,  0.00,   0.00,   1.96,  -9.80,   5.88,   0.00,  1.00,   0.448,   0.000,   0.027,  -0.118,    3.412,    0.932

WHOLE-SEQ,>47637,   1.32,   4.29,  303, 100.00, 11.22,  0.66,  6.27,  1.98,  3.63,  8.25,  0.66,  5.94,  4.29,  7.59,  1.98,  7.59,  4.29,  5.94,  2.97,  6.93,  5.28,  9.24,  2.64,  2.64,   7.26,   8.25,  -0.99,  15.51,   8.91,  5.44,   0.496,   0.010,   0.221,  -0.064,    4.069,    1.002
WIN21-MAX,>47637,   9.52,  14.29,   21, 100.00, 28.57,  9.52, 14.29,  9.52,  9.52, 28.57,  4.76, 14.29, 14.29, 28.57,  9.52, 19.05, 19.05, 14.29,  9.52, 23.81, 23.81, 28.57,  9.52,  9.52,  23.81,  19.05,  23.81,  33.33,  19.05, 14.00,   0.659,   0.238,   0.637,   0.099,    3.880,    1.220
WIN21-MIN,>47637,  -9.52,  -4.76,   21, 100.00,  0.00,  0.00,  0.00,  0.00,  0.00,  0.00,  0.00,  0.00,  0.00,  0.00,  0.00,  0.00,  0.00,  0.00,  0.00,  0.00,  0.00,  0.00,  0.00,  0.00,   0.00,   0.00, -19.05,   0.00,   0.00,  1.00,   0.394,   0.000,  -0.202,  -0.183,    2.715,    0.828
WIN51-MAX,>47637,   7.84,   9.80,   51, 100.00, 19.61,  3.92, 11.76,  3.92,  7.84, 15.69,  3.92, 11.76,  9.80, 15.69,  5.88, 15.69,  9.80,  9.80,  7.84, 13.73, 11.76, 15.69,  9.80,  5.88,  15.69,  15.69,  11.76,  27.45,  17.65, 11.46,   0.604,   0.118,   0.473,   0.020,    4.045,    1.126
WIN51-MIN,>47637,  -1.96,   0.00,   51, 100.00,  0.00,  0.00,  0.00,  0.00,  0.00,  0.00,  0.00,  0.00,  0.00,  0.00,  0.00,  0.00,  0.00,  0.00,  0.00,  0.00,  0.00,  0.00,  0.00,  0.00,   0.00,   1.96,  -9.80,   5.88,   0.00,  1.00,   0.448,   0.000,   0.027,  -0.123,    3.412,    0.932

WHOLE-SEQ,>16096,   1.65,   4.29,  303, 100.00, 11.22,  0.66,  6.27,  1.98,  3.63,  8.25,  0.66,  5.61,  4.29,  7.59,  1.98,  7.59,  4.62,  5.94,  2.64,  7.26,  5.28,  9.24,  2.64,  2.64,   6.93,   8.25,  -1.32,  15.18,   8.91,  5.20,   0.495,   0.013,   0.215,  -0.059,    4.066,    0.997
WIN21-MAX,>16096,  14.29,  14.29,   21, 100.00, 28.57,  9.52, 14.29,  9.52,  9.52, 28.57,  4.76, 14.29, 14.29, 28.57,  9.52, 19.05, 19.05, 14.29,  9.52, 23.81, 28.57, 28.57,  9.52,  9.52,  23.81,  19.05,  23.81,  33.33,  19.05, 14.00,   0.659,   0.238,   0.637,   0.099,    3.880,    1.220
WIN21-MIN,>16096,  -9.52,  -4.76,   21, 100.00,  0.00,  0.00,  0.00,  0.00,  0.00,  0.00,  0.00,  0.00,  0.00,  0.00,  0.00,  0.00,  0.00,  0.00,  0.00,  0.00,  0.00,  0.00,  0.00,  0.00,   0.00,   0.00, -19.05,   0.00,   0.00,  1.00,   0.394,   0.000,  -0.202,  -0.152,    2.715,    0.828
WIN51-MAX,>16096,   7.84,   9.80,   51, 100.00, 19.61,  3.92, 11.76,  3.92,  7.84, 15.69,  3.92,  9.80,  9.80, 15.69,  5.88, 13.73,  9.80,  9.80,  7.84, 13.73, 11.76, 15.69,  9.80,  5.88,  13.73,  15.69,  11.76,  25.49,  17.65, 11.46,   0.604,   0.118,   0.473,   0.020,    4.109,    1.122
WIN51-MIN,>16096,  -3.92,   0.00,   51, 100.00,  0.00,  0.00,  0.00,  0.00,  0.00,  0.00,  0.00,  0.00,  0.00,  0.00,  0.00,  0.00,  0.00,  0.00,  0.00,  0.00,  0.00,  0.00,  0.00,  0.00,   0.00,   1.96,  -9.80,   5.88,   0.00,  1.00,   0.441,   0.000,   0.018,  -0.105,    3.412,    0.932

WHOLE-SEQ,>52877,   1.65,   3.96,  303, 100.00, 11.22,  0.99,  5.94,  1.98,  3.30,  8.25,  0.99,  5.61,  4.29,  7.59,  1.98,  7.59,  4.62,  5.94,  2.64,  7.26,  5.61,  8.91,  2.64,  2.64,   6.93,   7.92,  -0.99,  14.85,   8.58,  5.73,   0.493,   0.010,   0.213,  -0.058,    4.085,    0.996
WIN21-MAX,>52877,  14.29,  14.29,   21, 100.00, 28.57,  9.52, 14.29,  9.52,  9.52, 28.57,  9.52, 14.29, 14.29, 28.57,  9.52, 19.05, 19.05, 14.29,  9.52, 23.81, 28.57, 28.57,  9.52,  9.52,  23.81,  19.05,  23.81,  33.33,  19.05, 14.00,   0.659,   0.238,   0.637,   0.099,    3.880,    1.220
WIN21-MIN,>52877,  -9.52,  -4.76,   21, 100.00,  0.00,  0.00,  0.00,  0.00,  0.00,  0.00,  0.00,  0.00,  0.00,  0.00,  0.00,  0.00,  0.00,  0.00,  0.00,  0.00,  0.00,  0.00,  0.00,  0.00,   0.00,   0.00, -19.05,   0.00,   0.00,  1.00,   0.380,   0.000,  -0.236,  -0.152,    2.715,    0.821
WIN51-MAX,>52877,   7.84,   9.80,   51, 100.00, 19.61,  3.92, 11.76,  3.92,  7.84, 15.69,  5.88,  9.80,  9.80, 15.69,  5.88, 13.73,  9.80,  9.80,  7.84, 13.73, 13.73, 15.69,  9.80,  5.88,  13.73,  15.69,  11.76,  25.49,  15.69, 11.46,   0.604,   0.118,   0.473,   0.020,    4.109,    1.119
WIN51-MIN,>52877,  -3.92,   0.00,   51, 100.00,  0.00,  0.00,  0.00,  0.00,  0.00,  0.00,  0.00,  0.00,  0.00,  0.00,  0.00,  0.00,  0.00,  0.00,  0.00,  0.00,  0.00,  0.00,  0.00,  0.00,   0.00,   1.96,  -9.80,   5.88,   0.00,  1.00,   0.438,   0.000,  -0.003,  -0.110,    3.412,    0.927

WHOLE-SEQ,>46770,   0.99,   3.63,  303, 100.00, 11.22,  0.99,  5.94,  2.31,  3.30,  8.25,  0.99,  5.61,  3.96,  7.59,  1.65,  7.59,  4.62,  5.94,  2.97,  6.93,  5.61,  9.24,  2.64,  2.64,   6.93,   8.25,  -1.32,  15.18,   8.58,  5.42,   0.493,   0.013,   0.209,  -0.060,    4.085,    0.999
WIN21-MAX,>46770,   9.52,  14.29,   21, 100.00, 28.57,  9.52, 14.29,  9.52,  9.52, 28.57,  9.52, 14.29, 14.29, 28.57,  9.52, 19.05, 19.05, 14.29,  9.52, 19.05, 28.57, 28.57,  9.52,  9.52,  23.81,  19.05,  23.81,  33.33,  19.05, 14.00,   0.659,   0.238,   0.637,   0.093,    3.880,    1.220
WIN21-MIN,>46770,  -9.52,  -4.76,   21, 100.00,  0.00,  0.00,  0.00,  0.00,  0.00,  0.00,  0.00,  0.00,  0.00,  0.00,  0.00,  0.00,  0.00,  0.00,  0.00,  0.00,  0.00,  0.00,  0.00,  0.00,   0.00,   0.00, -19.05,   0.00,   0.00,  1.00,   0.394,   0.000,  -0.202,  -0.152,    2.715,    0.835
WIN51-MAX,>46770,   7.84,   9.80,   51, 100.00, 19.61,  3.92, 11.76,  5.88,  7.84, 15.69,  5.88,  9.80,  9.80, 15.69,  3.92, 13.73,  9.80,  9.80,  7.84, 11.76, 11.76, 15.69,  9.80,  5.88,  13.73,  15.69,   9.80,  25.49,  15.69, 11.26,   0.604,   0.098,   0.473,   0.017,    4.109,    1.121
WIN51-MIN,>46770,  -3.92,   0.00,   51, 100.00,  0.00,  0.00,  0.00,  0.00,  0.00,  0.00,  0.00,  0.00,  0.00,  0.00,  0.00,  0.00,  0.00,  0.00,  0.00,  0.00,  0.00,  0.00,  0.00,  0.00,   0.00,   1.96,  -9.80,   5.88,   0.00,  1.00,   0.441,   0.000,   0.017,  -0.105,    3.412,    0.932

WHOLE-SEQ,>99040,   0.99,   3.63,  303, 100.00, 11.22,  0.99,  5.94,  2.31,  3.30,  8.25,  0.99,  5.61,  3.96,  7.59,  1.65,  7.59,  4.62,  5.94,  2.97,  6.93,  5.61,  9.24,  2.64,  2.64,   6.93,   8.25,  -1.32,  15.18,   8.58,  5.42,   0.493,   0.013,   0.209,  -0.060,    4.085,    0.999
WIN21-MAX,>99040,   9.52,  14.29,   21, 100.00, 28.57,  9.52, 14.29, 14.29,  9.52, 28.57,  9.52, 14.29, 14.29, 28.57,  9.52, 19.05, 19.05, 14.29,  9.52, 23.81, 28.57, 28.57,  9.52,  9.52,  23.81,  23.81,  23.81,  33.33,  19.05, 14.00,   0.659,   0.238,   0.637,   0.099,    3.880,    1.220
WIN21-MIN,>99040,  -9.52,  -9.52,   21, 100.00,  0.00,  0.00,  0.00,  0.00,  0.00,  0.00,  0.00,  0.00,  0.00,  0.00,  0.00,  0.00,  0.00,  0.00,  0.00,  0.00,  0.00,  0.00,  0.00,  0.00,   0.00,   0.00, -23.81,   0.00,   0.00,  1.00,   0.394,   0.000,  -0.211,  -0.152,    2.715,    0.828
WIN51-MAX,>99040,   7.84,   9.80,   51, 100.00, 19.61,  3.92, 11.76,  5.88,  7.84, 15.69,  5.88,  9.80,  9.80, 15.69,  3.92, 15.69,  9.80,  9.80,  7.84, 13.73, 13.73, 15.69,  9.80,  5.88,  13.73,  15.69,  11.76,  25.49,  15.69, 11.46,   0.604,   0.118,   0.473,   0.020,    4.109,    1.115
WIN51-MIN,>99040,  -3.92,  -1.96,   51, 100.00,  0.00,  0.00,  0.00,  0.00,  0.00,  0.00,  0.00,  0.00,  0.00,  0.00,  0.00,  0.00,  0.00,  0.00,  0.00,  0.00,  0.00,  0.00,  0.00,  0.00,   0.00,   1.96,  -9.80,   5.88,   0.00,  1.00,   0.444,   0.000,  -0.019,  -0.110,    3.412,    0.932

WHOLE-SEQ,>111590,   0.99,   3.96,  303, 100.00, 11.55,  0.99,  5.94,  1.98,  3.30,  8.25,  0.99,  5.61,  3.96,  7.59,  1.65,  7.92,  4.62,  5.94,  2.97,  6.93,  5.61,  9.24,  2.31,  2.64,   6.93,   7.92,  -0.99,  14.85,   8.25,  5.73,   0.494,   0.010,   0.215,  -0.059,    4.072,    0.997
WIN21-MAX,>111590,   9.52,  14.29,   21, 100.00, 28.57,  9.52, 14.29,  9.52,  9.52, 28.57,  9.52, 14.29, 14.29, 28.57,  9.52, 19.05, 19.05, 14.29,  9.52, 23.81, 28.57, 28.57,  9.52,  9.52,  23.81,  19.05,  23.81,  33.33,  19.05, 14.00,   0.659,   0.238,   0.637,   0.098,    3.880,    1.220
WIN21-MIN,>111590,  -9.52,  -4.76,   21, 100.00,  0.00,  0.00,  0.00,  0.00,  0.00,  0.00,  0.00,  0.00,  0.00,  0.00,  0.00,  0.00,  0.00,  0.00,  0.00,  0.00,  0.00,  0.00,  0.00,  0.00,   0.00,   0.00, -19.05,   0.00,   0.00,  1.00,   0.394,   0.000,  -0.202,  -0.152,    2.715,    0.801
WIN51-MAX,>111590,   7.84,   9.80,   51, 100.00, 19.61,  3.92, 11.76,  3.92,  7.84, 15.69,  5.88,  9.80,  9.80, 15.69,  3.92, 15.69,  9.80,  9.80,  7.84, 13.73, 13.73, 15.69,  9.80,  5.88,  13.73,  15.69,  11.76,  25.49,  15.69, 11.46,   0.604,   0.118,   0.473,   0.020,    4.109,    1.115
WIN51-MIN,>111590,  -3.92,   0.00,   51, 100.00,  0.00,  0.00,  0.00,  0.00,  0.00,  0.00,  0.00,  0.00,  0.00,  0.00,  0.00,  0.00,  0.00,  0.00,  0.00,  0.00,  0.00,  0.00,  0.00,  0.00,   0.00,   1.96,  -9.80,   5.88,   0.00,  1.00,   0.444,   0.000,  -0.019,  -0.110,    3.412,    0.932

WHOLE-SEQ,>10707,   1.65,   4.29,  303, 100.00, 11.22,  0.66,  6.27,  1.98,  3.63,  8.25,  0.66,  5.61,  4.29,  7.59,  1.98,  7.59,  4.62,  5.94,  2.64,  7.26,  5.28,  9.24,  2.64,  2.64,   6.93,   8.25,  -1.32,  15.18,   8.91,  5.20,   0.495,   0.013,   0.215,  -0.059,    4.066,    0.997
WIN21-MAX,>10707,   9.52,  14.29,   21, 100.00, 28.57,  9.52, 14.29,  9.52, 14.29, 28.57,  4.76, 14.29, 14.29, 28.57,  9.52, 19.05, 19.05, 14.29,  9.52, 23.81, 28.57, 28.57,  9.52,  9.52,  23.81,  19.05,  23.81,  33.33,  23.81, 14.00,   0.659,   0.238,   0.637,   0.097,    3.880,    1.220
WIN21-MIN,>10707,  -9.52,  -4.76,   21, 100.00,  0.00,  0.00,  0.00,  0.00,  0.00,  0.00,  0.00,  0.00,  0.00,  0.00,  0.00,  0.00,  0.00,  0.00,  0.00,  0.00,  0.00,  0.00,  0.00,  0.00,   0.00,   0.00, -19.05,   0.00,   0.00,  1.00,   0.394,   0.000,  -0.202,  -0.152,    2.715,    0.835
WIN51-MAX,>10707,   7.84,   9.80,   51, 100.00, 19.61,  3.92, 11.76,  3.92,  7.84, 15.69,  3.92,  9.80,  9.80, 15.69,  5.88, 13.73,  9.80,  9.80,  7.84, 13.73, 11.76, 15.69,  9.80,  5.88,  13.73,  15.69,  11.76,  25.49,  15.69, 11.46,   0.604,   0.118,   0.473,   0.019,    4.109,    1.108
WIN51-MIN,>10707,  -3.92,   0.00,   51, 100.00,  0.00,  0.00,  0.00,  0.00,  0.00,  0.00,  0.00,  0.00,  0.00,  0.00,  0.00,  0.00,  0.00,  0.00,  0.00,  0.00,  0.00,  0.00,  0.00,  0.00,   0.00,   1.96,  -9.80,   5.88,   0.00,  1.00,   0.441,   0.000,  -0.008,  -0.105,    3.412,    0.932

WHOLE-SEQ,>90615,   2.31,   3.96,  303, 100.00, 11.22,  0.66,  5.94,  1.98,  3.30,  8.25,  0.66,  5.61,  4.62,  7.59,  2.31,  7.92,  4.62,  5.94,  2.31,  6.93,  5.61,  9.24,  2.64,  2.64,   6.93,   7.92,  -0.99,  14.85,   8.58,  5.43,   0.495,   0.010,   0.218,  -0.060,    4.066,    0.997
WIN21-MAX,>90615,  14.29,  14.29,   21, 100.00, 28.57,  9.52, 14.29,  9.52, 14.29, 28.57,  4.76, 14.29, 14.29, 28.57,  9.52, 19.05, 19.05, 14.29,  9.52, 19.05, 28.57, 28.57,  9.52,  9.52,  23.81,  19.05,  23.81,  33.33,  23.81, 14.00,   0.659,   0.238,   0.637,   0.091,    3.880,    1.199
WIN21-MIN,>90615,  -9.52,  -4.76,   21, 100.00,  0.00,  0.00,  0.00,  0.00,  0.00,  0.00,  0.00,  0.00,  0.00,  0.00,  0.00,  0.00,  0.00,  0.00,  0.00,  0.00,  0.00,  0.00,  0.00,  0.00,   0.00,   0.00, -19.05,   0.00,   0.00,  1.00,   0.397,   0.000,  -0.202,  -0.152,    2.715,    0.835
WIN51-MAX,>90615,   7.84,   9.80,   51, 100.00, 19.61,  3.92, 11.76,  3.92,  7.84, 15.69,  3.92,  9.80,  9.80, 15.69,  5.88, 13.73,  9.80,  9.80,  7.84, 11.76, 11.76, 15.69,  9.80,  5.88,  13.73,  15.69,  11.76,  25.49,  15.69, 11.46,   0.603,   0.118,   0.470,   0.016,    4.109,    1.108
WIN51-MIN,>90615,  -3.92,   0.00,   51, 100.00,  0.00,  0.00,  0.00,  0.00,  0.00,  0.00,  0.00,  0.00,  0.00,  0.00,  0.00,  0.00,  0.00,  0.00,  0.00,  0.00,  0.00,  0.00,  0.00,  0.00,   0.00,   1.96,  -9.80,   5.88,   0.00,  1.00,   0.441,   0.000,  -0.008,  -0.105,    3.412,    0.932

WHOLE-SEQ,>111471,   0.99,   3.63,  303, 100.00, 11.22,  0.99,  5.94,  2.31,  3.30,  8.25,  0.99,  5.61,  3.96,  7.59,  1.65,  7.59,  4.62,  5.94,  2.97,  6.93,  5.61,  9.24,  2.64,  2.64,   6.93,   8.25,  -1.32,  15.18,   8.58,  5.42,   0.493,   0.013,   0.209,  -0.060,    4.085,    0.999
WIN21-MAX,>111471,   9.52,  14.29,   21, 100.00, 28.57,  9.52, 14.29,  9.52,  9.52, 28.57,  9.52, 14.29, 14.29, 28.57,  9.52, 19.05, 19.05, 14.29,  9.52, 23.81, 28.57, 28.57,  9.52,  9.52,  23.81,  19.05,  23.81,  33.33,  19.05, 14.00,   0.659,   0.238,   0.637,   0.099,    3.880,    1.220
WIN21-MIN,>111471,  -9.52,  -4.76,   21, 100.00,  0.00,  0.00,  0.00,  0.00,  0.00,  0.00,  0.00,  0.00,  0.00,  0.00,  0.00,  0.00,  0.00,  0.00,  0.00,  0.00,  0.00,  0.00,  0.00,  0.00,   0.00,   0.00, -19.05,   0.00,   0.00,  1.00,   0.394,   0.000,  -0.202,  -0.152,    2.715,    0.828
WIN51-MAX,>111471,   7.84,   9.80,   51, 100.00, 19.61,  3.92, 11.76,  5.88,  7.84, 15.69,  5.88,  9.80,  9.80, 15.69,  3.92, 13.73,  9.80,  9.80,  7.84, 13.73, 13.73, 15.69,  9.80,  5.88,  13.73,  15.69,   9.80,  25.49,  15.69, 11.26,   0.604,   0.098,   0.473,   0.020,    4.109,    1.117
WIN51-MIN,>111471,  -3.92,   0.00,   51, 100.00,  0.00,  0.00,  0.00,  0.00,  0.00,  0.00,  0.00,  0.00,  0.00,  0.00,  0.00,  0.00,  0.00,  0.00,  0.00,  0.00,  0.00,  0.00,  0.00,  0.00,   0.00,   1.96,  -9.80,   5.88,   0.00,  1.00,   0.444,   0.000,   0.001,  -0.110,    3.412,    0.932

WHOLE-SEQ,>89576,   1.32,   3.96,  303, 100.00, 11.22,  0.66,  6.27,  2.31,  3.30,  8.25,  0.99,  5.94,  4.29,  7.59,  1.98,  7.26,  4.62,  5.61,  2.97,  7.26,  4.95,  9.24,  2.64,  2.64,   7.26,   8.58,  -1.32,  15.84,   8.58,  5.43,   0.495,   0.013,   0.213,  -0.061,    4.082,    0.998
WIN21-MAX,>89576,   9.52,  14.29,   21, 100.00, 28.57,  9.52, 14.29,  9.52,  9.52, 28.57,  9.52, 14.29, 14.29, 28.57,  9.52, 19.05, 19.05, 14.29,  9.52, 23.81, 23.81, 28.57,  9.52,  9.52,  23.81,  19.05,  23.81,  33.33,  19.05, 14.00,   0.659,   0.238,   0.637,   0.099,    3.880,    1.220
WIN21-MIN,>89576,  -9.52,  -4.76,   21, 100.00,  0.00,  0.00,  0.00,  0.00,  0.00,  0.00,  0.00,  0.00,  0.00,  0.00,  0.00,  0.00,  0.00,  0.00,  0.00,  0.00,  0.00,  0.00,  0.00,  0.00,   0.00,   0.00, -19.05,   0.00,   0.00,  1.00,   0.394,   0.000,  -0.202,  -0.152,    2.715,    0.828
WIN51-MAX,>89576,   7.84,   9.80,   51, 100.00, 19.61,  3.92, 11.76,  5.88,  7.84, 15.69,  5.88, 11.76,  9.80, 15.69,  5.88, 11.76,  9.80,  7.84,  7.84, 13.73,  9.80, 15.69,  9.80,  5.88,  13.73,  15.69,   9.80,  25.49,  15.69, 11.26,   0.604,   0.098,   0.473,   0.020,    4.109,    1.124
WIN51-MIN,>89576,  -3.92,   0.00,   51, 100.00,  0.00,  0.00,  0.00,  0.00,  0.00,  0.00,  0.00,  0.00,  0.00,  0.00,  0.00,  0.00,  0.00,  0.00,  0.00,  0.00,  0.00,  0.00,  0.00,  0.00,   0.00,   1.96,  -9.80,   5.88,   0.00,  1.00,   0.447,   0.000,   0.044,  -0.107,    3.412,    0.932

WHOLE-SEQ,>5378,   1.32,   4.29,  303, 100.00, 11.22,  0.66,  6.27,  1.98,  3.63,  8.25,  0.66,  5.94,  4.29,  7.59,  1.98,  7.26,  4.29,  5.94,  2.97,  7.26,  5.61,  8.91,  2.64,  2.64,   7.26,   8.25,  -0.99,  15.51,   8.91,  5.44,   0.495,   0.010,   0.219,  -0.063,    4.072,    1.000
WIN21-MAX,>5378,   9.52,  14.29,   21, 100.00, 28.57,  9.52, 14.29,  9.52,  9.52, 28.57,  4.76, 14.29, 14.29, 28.57,  9.52, 19.05, 19.05, 14.29,  9.52, 23.81, 23.81, 28.57,  9.52,  9.52,  23.81,  19.05,  23.81,  33.33,  19.05, 14.00,   0.659,   0.238,   0.637,   0.099,    3.880,    1.220
WIN21-MIN,>5378,  -9.52,  -4.76,   21, 100.00,  0.00,  0.00,  0.00,  0.00,  0.00,  0.00,  0.00,  0.00,  0.00,  0.00,  0.00,  0.00,  0.00,  0.00,  0.00,  0.00,  0.00,  0.00,  0.00,  0.00,   0.00,   0.00, -19.05,   0.00,   0.00,  1.00,   0.380,   0.000,  -0.236,  -0.183,    2.715,    0.821
WIN51-MAX,>5378,   7.84,   9.80,   51, 100.00, 19.61,  3.92, 11.76,  3.92,  7.84, 15.69,  3.92, 11.76,  9.80, 15.69,  5.88, 13.73,  9.80,  9.80,  7.84, 13.73, 11.76, 15.69,  9.80,  5.88,  15.69,  15.69,  11.76,  27.45,  17.65, 11.46,   0.604,   0.118,   0.473,   0.020,    4.045,    1.131
WIN51-MIN,>5378,  -1.96,   0.00,   51, 100.00,  0.00,  0.00,  0.00,  0.00,  0.00,  0.00,  0.00,  0.00,  0.00,  0.00,  0.00,  0.00,  0.00,  0.00,  0.00,  0.00,  0.00,  0.00,  0.00,  0.00,   0.00,   1.96,  -9.80,   5.88,   0.00,  1.00,   0.438,   0.000,  -0.003,  -0.123,    3.412,    0.932

WHOLE-SEQ,>106144,   1.32,   3.63,  303, 100.00, 11.22,  0.99,  5.94,  2.31,  3.30,  8.25,  0.66,  5.61,  3.96,  7.59,  1.98,  7.59,  4.62,  6.27,  2.64,  7.26,  5.61,  8.91,  2.64,  2.64,   6.60,   8.25,  -1.65,  14.85,   8.58,  4.99,   0.493,   0.017,   0.207,  -0.059,    4.079,    0.995
WIN21-MAX,>106144,   9.52,  14.29,   21, 100.00, 28.57,  9.52, 14.29, 14.29, 14.29, 28.57,  4.76, 14.29, 14.29, 28.57,  9.52, 19.05, 19.05, 14.29,  9.52, 23.81, 28.57, 28.57,  9.52,  9.52,  23.81,  23.81,  23.81,  33.33,  23.81, 14.00,   0.659,   0.238,   0.637,   0.097,    3.880,    1.199
WIN21-MIN,>106144,  -9.52,  -9.52,   21, 100.00,  0.00,  0.00,  0.00,  0.00,  0.00,  0.00,  0.00,  0.00,  0.00,  0.00,  0.00,  0.00,  0.00,  0.00,  0.00,  0.00,  0.00,  0.00,  0.00,  0.00,   0.00,   0.00, -23.81,   0.00,   0.00,  1.00,   0.380,   0.000,  -0.283,  -0.152,    2.715,    0.826
WIN51-MAX,>106144,   7.84,   9.80,   51, 100.00, 19.61,  3.92, 11.76,  5.88,  7.84, 15.69,  3.92,  9.80,  9.80, 15.69,  3.92, 13.73,  9.80,  9.80,  7.84, 13.73, 11.76, 15.69,  9.80,  5.88,  13.73,  15.69,  11.76,  25.49,  15.69, 11.46,   0.603,   0.118,   0.470,   0.019,    4.109,    1.115
WIN51-MIN,>106144,  -3.92,  -1.96,   51, 100.00,  0.00,  0.00,  0.00,  0.00,  0.00,  0.00,  0.00,  0.00,  0.00,  0.00,  0.00,  0.00,  0.00,  0.00,  0.00,  0.00,  0.00,  0.00,  0.00,  0.00,   0.00,   1.96,  -9.80,   5.88,   0.00,  1.00,   0.438,   0.000,  -0.022,  -0.108,    3.412,    0.932

WHOLE-SEQ,>122247,   1.32,   3.63,  303, 100.00, 11.22,  0.99,  5.94,  2.31,  3.30,  8.25,  0.66,  5.61,  3.96,  7.59,  1.98,  7.59,  4.62,  6.27,  2.64,  7.26,  5.61,  8.91,  2.64,  2.64,   6.60,   8.25,  -1.65,  14.85,   8.58,  4.99,   0.493,   0.017,   0.207,  -0.059,    4.079,    0.995
WIN21-MAX,>122247,   9.52,  14.29,   21, 100.00, 28.57,  9.52, 14.29,  9.52, 14.29, 28.57,  4.76, 14.29, 14.29, 28.57,  9.52, 19.05, 19.05, 14.29,  9.52, 23.81, 28.57, 28.57,  9.52,  9.52,  23.81,  19.05,  23.81,  33.33,  23.81, 14.00,   0.659,   0.238,   0.637,   0.097,    3.880,    1.199
WIN21-MIN,>122247,  -9.52,  -4.76,   21, 100.00,  0.00,  0.00,  0.00,  0.00,  0.00,  0.00,  0.00,  0.00,  0.00,  0.00,  0.00,  0.00,  0.00,  0.00,  0.00,  0.00,  0.00,  0.00,  0.00,  0.00,   0.00,   0.00, -19.05,   0.00,   0.00,  1.00,   0.380,   0.000,  -0.236,  -0.152,    2.715,    0.821
WIN51-MAX,>122247,   7.84,   9.80,   51, 100.00, 19.61,  3.92, 11.76,  5.88,  7.84, 15.69,  3.92,  9.80,  9.80, 15.69,  3.92, 13.73,  9.80,  9.80,  7.84, 13.73, 11.76, 15.69,  9.80,  5.88,  13.73,  15.69,   9.80,  25.49,  15.69, 11.26,   0.603,   0.098,   0.470,   0.019,    4.109,    1.117
WIN51-MIN,>122247,  -3.92,   0.00,   51, 100.00,  0.00,  0.00,  0.00,  0.00,  0.00,  0.00,  0.00,  0.00,  0.00,  0.00,  0.00,  0.00,  0.00,  0.00,  0.00,  0.00,  0.00,  0.00,  0.00,  0.00,   0.00,   1.96,  -9.80,   5.88,   0.00,  1.00,   0.438,   0.000,  -0.003,  -0.105,    3.412,    0.932

WHOLE-SEQ,>54934,   1.98,   3.96,  303, 100.00, 11.22,  0.66,  6.27,  2.31,  3.63,  8.25,  0.99,  5.61,  4.29,  7.59,  1.98,  7.26,  4.62,  5.94,  2.31,  7.26,  5.61,  8.91,  2.64,  2.64,   6.60,   8.58,  -1.98,  15.18,   8.91,  5.00,   0.494,   0.020,   0.205,  -0.059,    4.080,    0.996
WIN21-MAX,>54934,  14.29,  14.29,   21, 100.00, 28.57,  9.52, 14.29,  9.52, 14.29, 28.57,  9.52, 14.29, 14.29, 28.57,  9.52, 19.05, 19.05, 14.29,  9.52, 23.81, 28.57, 28.57,  9.52,  9.52,  23.81,  19.05,  23.81,  33.33,  23.81, 14.00,   0.659,   0.238,   0.637,   0.097,    3.880,    1.220
WIN21-MIN,>54934,  -9.52,  -4.76,   21, 100.00,  0.00,  0.00,  0.00,  0.00,  0.00,  0.00,  0.00,  0.00,  0.00,  0.00,  0.00,  0.00,  0.00,  0.00,  0.00,  0.00,  0.00,  0.00,  0.00,  0.00,   0.00,   0.00, -19.05,   0.00,   0.00,  1.00,   0.380,   0.000,  -0.236,  -0.152,    2.715,    0.821
WIN51-MAX,>54934,   7.84,   9.80,   51, 100.00, 19.61,  3.92, 11.76,  5.88,  7.84, 15.69,  5.88,  9.80,  9.80, 15.69,  5.88, 11.76,  9.80,  9.80,  7.84, 13.73, 11.76, 15.69,  9.80,  5.88,  13.73,  15.69,   9.80,  25.49,  15.69, 10.98,   0.604,   0.098,   0.473,   0.019,    4.109,    1.115
WIN51-MIN,>54934,  -3.92,   0.00,   51, 100.00,  0.00,  0.00,  0.00,  0.00,  0.00,  0.00,  0.00,  0.00,  0.00,  0.00,  0.00,  0.00,  0.00,  0.00,  0.00,  0.00,  0.00,  0.00,  0.00,  0.00,   0.00,   1.96,  -9.80,   5.88,   0.00,  1.00,   0.438,   0.000,  -0.003,  -0.105,    3.412,    0.932

WHOLE-SEQ,>29577,   1.98,   3.96,  303, 100.00, 11.22,  0.99,  5.94,  1.98,  3.63,  8.25,  0.66,  5.28,  4.29,  7.59,  1.98,  7.92,  4.62,  6.27,  2.31,  6.93,  5.94,  8.91,  2.64,  2.64,   6.60,   7.92,  -1.32,  14.52,   8.91,  5.18,   0.493,   0.013,   0.209,  -0.057,    4.073,    0.995
WIN21-MAX,>29577,  14.29,  14.29,   21, 100.00, 28.57,  9.52, 14.29,  9.52, 14.29, 28.57,  4.76, 14.29, 14.29, 28.57,  9.52, 19.05, 19.05, 14.29,  9.52, 19.05, 28.57, 28.57,  9.52,  9.52,  23.81,  19.05,  23.81,  33.33,  23.81, 14.00,   0.659,   0.238,   0.637,   0.091,    3.880,    1.220
WIN21-MIN,>29577,  -9.52,  -4.76,   21, 100.00,  0.00,  0.00,  0.00,  0.00,  0.00,  0.00,  0.00,  0.00,  0.00,  0.00,  0.00,  0.00,  0.00,  0.00,  0.00,  0.00,  0.00,  0.00,  0.00,  0.00,   0.00,   0.00, -19.05,   0.00,   0.00,  1.00,   0.380,   0.000,  -0.236,  -0.152,    2.715,    0.821
WIN51-MAX,>29577,   7.84,   9.80,   51, 100.00, 19.61,  3.92, 11.76,  3.92,  7.84, 15.69,  3.92,  9.80,  9.80, 15.69,  3.92, 13.73,  9.80,  9.80,  7.84, 11.76, 11.76, 15.69,  9.80,  5.88,  13.73,  15.69,  11.76,  25.49,  15.69, 11.46,   0.604,   0.118,   0.473,   0.016,    4.109,    1.115
WIN51-MIN,>29577,  -3.92,   0.00,   51, 100.00,  0.00,  0.00,  0.00,  0.00,  0.00,  0.00,  0.00,  0.00,  0.00,  0.00,  0.00,  0.00,  0.00,  0.00,  0.00,  0.00,  0.00,  0.00,  0.00,  0.00,   0.00,   1.96,  -9.80,   5.88,   0.00,  1.00,   0.436,   0.000,  -0.004,  -0.105,    3.412,    0.932

WHOLE-SEQ,>99350,   1.65,   3.96,  303, 100.00, 11.22,  0.99,  6.27,  2.31,  2.97,  8.25,  0.99,  5.61,  4.29,  7.59,  1.98,  7.26,  4.62,  5.94,  2.64,  6.93,  5.61,  9.24,  2.64,  2.64,   6.93,   8.58,  -1.65,  15.51,   8.25,  5.21,   0.493,   0.017,   0.205,  -0.060,    4.087,    0.997
WIN21-MAX,>99350,  14.29,  14.29,   21, 100.00, 28.57,  9.52, 14.29, 14.29,  9.52, 28.57,  9.52, 14.29, 14.29, 28.57,  9.52, 19.05, 19.05, 14.29,  9.52, 19.05, 28.57, 28.57,  9.52,  9.52,  23.81,  23.81,  23.81,  33.33,  19.05, 14.00,   0.659,   0.238,   0.637,   0.093,    3.880,    1.199
WIN21-MIN,>99350,  -9.52,  -9.52,   21, 100.00,  0.00,  0.00,  0.00,  0.00,  0.00,  0.00,  0.00,  0.00,  0.00,  0.00,  0.00,  0.00,  0.00,  0.00,  0.00,  0.00,  0.00,  0.00,  0.00,  0.00,   0.00,   0.00, -23.81,   0.00,   0.00,  1.00,   0.394,   0.000,  -0.211,  -0.152,    2.715,    0.835
WIN51-MAX,>99350,   7.84,   9.80,   51, 100.00, 19.61,  3.92, 11.76,  5.88,  7.84, 15.69,  5.88,  9.80,  9.80, 15.69,  3.92, 13.73,  9.80,  9.80,  7.84, 11.76, 11.76, 15.69,  9.80,  5.88,  13.73,  15.69,  11.76,  25.49,  15.69, 11.46,   0.603,   0.118,   0.470,   0.017,    4.109,    1.119
WIN51-MIN,>99350,  -3.92,  -1.96,   51, 100.00,  0.00,  0.00,  0.00,  0.00,  0.00,  0.00,  0.00,  0.00,  0.00,  0.00,  0.00,  0.00,  0.00,  0.00,  0.00,  0.00,  0.00,  0.00,  0.00,  0.00,   0.00,   1.96,  -9.80,   5.88,   0.00,  1.00,   0.441,   0.000,  -0.002,  -0.108,    3.412,    0.932

WHOLE-SEQ,>15639,   1.65,   4.29,  303, 100.00, 11.22,  0.66,  6.27,  1.98,  3.63,  8.25,  0.66,  5.61,  4.29,  7.59,  1.98,  7.92,  4.62,  5.94,  2.64,  6.60,  5.61,  9.24,  2.64,  2.64,   6.93,   8.25,  -1.32,  15.18,   8.91,  5.20,   0.494,   0.013,   0.212,  -0.060,    4.067,    0.998
WIN21-MAX,>15639,  14.29,  14.29,   21, 100.00, 28.57,  9.52, 14.29,  9.52,  9.52, 28.57,  4.76, 14.29, 14.29, 28.57,  9.52, 19.05, 19.05, 14.29,  9.52, 19.05, 28.57, 28.57,  9.52,  9.52,  23.81,  19.05,  23.81,  33.33,  19.05, 14.00,   0.659,   0.238,   0.637,   0.093,    3.880,    1.220
WIN21-MIN,>15639,  -9.52,  -4.76,   21, 100.00,  0.00,  0.00,  0.00,  0.00,  0.00,  0.00,  0.00,  0.00,  0.00,  0.00,  0.00,  0.00,  0.00,  0.00,  0.00,  0.00,  0.00,  0.00,  0.00,  0.00,   0.00,   0.00, -19.05,   0.00,   0.00,  1.00,   0.394,   0.000,  -0.202,  -0.152,    2.715,    0.835
WIN51-MAX,>15639,   7.84,   9.80,   51, 100.00, 19.61,  3.92, 11.76,  3.92,  7.84, 15.69,  3.92,  9.80,  9.80, 15.69,  5.88, 15.69,  9.80,  9.80,  7.84, 11.76, 11.76, 15.69,  9.80,  5.88,  13.73,  15.69,  11.76,  25.49,  17.65, 11.46,   0.604,   0.118,   0.473,   0.017,    4.109,    1.117
WIN51-MIN,>15639,  -3.92,   0.00,   51, 100.00,  0.00,  0.00,  0.00,  0.00,  0.00,  0.00,  0.00,  0.00,  0.00,  0.00,  0.00,  0.00,  0.00,  0.00,  0.00,  0.00,  0.00,  0.00,  0.00,  0.00,   0.00,   1.96,  -9.80,   5.88,   0.00,  1.00,   0.441,   0.000,   0.014,  -0.105,    3.412,    0.932

WHOLE-SEQ,>95527,   1.32,   3.96,  303, 100.00, 11.22,  0.66,  6.27,  2.31,  3.63,  8.25,  0.66,  5.94,  4.29,  7.59,  1.98,  7.59,  4.62,  5.61,  2.97,  6.93,  5.28,  8.91,  2.64,  2.64,   7.26,   8.58,  -1.32,  15.84,   8.91,  5.23,   0.494,   0.013,   0.212,  -0.061,    4.078,    0.997
WIN21-MAX,>95527,   9.52,  14.29,   21, 100.00, 28.57,  9.52, 14.29,  9.52,  9.52, 28.57,  4.76, 14.29, 14.29, 28.57,  9.52, 19.05, 19.05, 14.29,  9.52, 23.81, 23.81, 28.57,  9.52,  9.52,  23.81,  19.05,  23.81,  33.33,  19.05, 14.00,   0.659,   0.238,   0.637,   0.099,    3.916,    1.220
WIN21-MIN,>95527,  -9.52,  -4.76,   21, 100.00,  0.00,  0.00,  0.00,  0.00,  0.00,  0.00,  0.00,  0.00,  0.00,  0.00,  0.00,  0.00,  0.00,  0.00,  0.00,  0.00,  0.00,  0.00,  0.00,  0.00,   0.00,   0.00, -19.05,   0.00,   0.00,  1.00,   0.380,   0.000,  -0.236,  -0.152,    2.715,    0.821
WIN51-MAX,>95527,   7.84,   9.80,   51, 100.00, 19.61,  3.92, 11.76,  5.88,  7.84, 15.69,  3.92, 11.76,  9.80, 15.69,  5.88, 13.73,  9.80,  7.84,  7.84, 13.73,  9.80, 15.69,  9.80,  5.88,  13.73,  15.69,   9.80,  25.49,  17.65, 11.26,   0.604,   0.098,   0.473,   0.020,    4.109,    1.128
WIN51-MIN,>95527,  -3.92,   0.00,   51, 100.00,  0.00,  0.00,  0.00,  0.00,  0.00,  0.00,  0.00,  0.00,  0.00,  0.00,  0.00,  0.00,  0.00,  0.00,  0.00,  0.00,  0.00,  0.00,  0.00,  0.00,   0.00,   1.96,  -9.80,   5.88,   0.00,  1.00,   0.437,   0.000,   0.015,  -0.107,    3.412,    0.932

WHOLE-SEQ,>20431,   1.98,   3.96,  303, 100.00, 11.22,  0.66,  5.94,  1.98,  3.63,  8.25,  0.66,  5.61,  4.29,  7.59,  1.98,  7.92,  4.62,  6.27,  2.31,  7.26,  5.61,  8.91,  2.64,  2.64,   6.60,   7.92,  -1.32,  14.52,   8.91,  5.18,   0.494,   0.013,   0.211,  -0.058,    4.063,    0.995
WIN21-MAX,>20431,  14.29,  14.29,   21, 100.00, 28.57,  9.52, 14.29,  9.52, 14.29, 28.57,  4.76, 14.29, 14.29, 28.57,  9.52, 19.05, 19.05, 14.29,  9.52, 23.81, 28.57, 28.57,  9.52,  9.52,  23.81,  19.05,  23.81,  33.33,  23.81, 14.00,   0.659,   0.238,   0.637,   0.097,    3.880,    1.220
WIN21-MIN,>20431,  -9.52,  -4.76,   21, 100.00,  0.00,  0.00,  0.00,  0.00,  0.00,  0.00,  0.00,  0.00,  0.00,  0.00,  0.00,  0.00,  0.00,  0.00,  0.00,  0.00,  0.00,  0.00,  0.00,  0.00,   0.00,   0.00, -19.05,   0.00,   0.00,  1.00,   0.380,   0.000,  -0.236,  -0.152,    2.715,    0.821
WIN51-MAX,>20431,   7.84,   9.80,   51, 100.00, 19.61,  3.92, 11.76,  3.92,  7.84, 15.69,  3.92,  9.80,  9.80, 15.69,  5.88, 13.73,  9.80,  9.80,  7.84, 13.73, 11.76, 15.69,  9.80,  5.88,  13.73,  15.69,  11.76,  25.49,  15.69, 11.46,   0.604,   0.118,   0.473,   0.019,    4.109,    1.108
WIN51-MIN,>20431,  -3.92,   0.00,   51, 100.00,  0.00,  0.00,  0.00,  0.00,  0.00,  0.00,  0.00,  0.00,  0.00,  0.00,  0.00,  0.00,  0.00,  0.00,  0.00,  0.00,  0.00,  0.00,  0.00,  0.00,   0.00,   1.96,  -9.80,   5.88,   0.00,  1.00,   0.438,   0.000,  -0.008,  -0.105,    3.412,    0.932

WHOLE-SEQ,>40004,   0.99,   3.63,  303, 100.00, 11.22,  0.99,  5.94,  2.31,  3.30,  8.25,  0.99,  5.61,  3.96,  7.59,  1.65,  7.59,  4.62,  5.94,  2.97,  6.93,  5.61,  9.24,  2.64,  2.64,   6.93,   8.25,  -1.32,  15.18,   8.58,  5.42,   0.493,   0.013,   0.209,  -0.060,    4.085,    0.999
WIN21-MAX,>40004,   9.52,  14.29,   21, 100.00, 28.57,  9.52, 14.29, 14.29,  9.52, 28.57,  9.52, 14.29, 14.29, 28.57,  9.52, 19.05, 19.05, 14.29,  9.52, 19.05, 28.57, 28.57,  9.52,  9.52,  23.81,  23.81,  23.81,  33.33,  19.05, 14.00,   0.659,   0.238,   0.637,   0.093,    3.880,    1.220
WIN21-MIN,>40004,  -9.52,  -9.52,   21, 100.00,  0.00,  0.00,  0.00,  0.00,  0.00,  0.00,  0.00,  0.00,  0.00,  0.00,  0.00,  0.00,  0.00,  0.00,  0.00,  0.00,  0.00,  0.00,  0.00,  0.00,   0.00,   0.00, -23.81,   0.00,   0.00,  1.00,   0.394,   0.000,  -0.211,  -0.152,    2.715,    0.835
WIN51-MAX,>40004,   7.84,   9.80,   51, 100.00, 19.61,  3.92, 11.76,  5.88,  7.84, 15.69,  5.88,  9.80,  9.80, 15.69,  3.92, 13.73,  9.80,  9.80,  7.84, 11.76, 11.76, 15.69,  9.80,  5.88,  13.73,  15.69,  11.76,  25.49,  15.69, 11.46,   0.604,   0.118,   0.473,   0.017,    4.109,    1.119
WIN51-MIN,>40004,  -3.92,  -1.96,   51, 100.00,  0.00,  0.00,  0.00,  0.00,  0.00,  0.00,  0.00,  0.00,  0.00,  0.00,  0.00,  0.00,  0.00,  0.00,  0.00,  0.00,  0.00,  0.00,  0.00,  0.00,   0.00,   1.96,  -9.80,   5.88,   0.00,  1.00,   0.441,   0.000,  -0.002,  -0.108,    3.412,    0.932

WHOLE-SEQ,>88009,   1.98,   4.29,  303, 100.00, 11.22,  0.99,  6.27,  1.98,  3.30,  8.25,  0.99,  5.61,  4.62,  7.59,  1.98,  7.59,  4.62,  5.61,  2.64,  6.60,  5.61,  9.24,  2.64,  2.64,   7.26,   8.25,  -0.99,  15.51,   8.58,  5.74,   0.494,   0.010,   0.215,  -0.059,    4.086,    0.999
WIN21-MAX,>88009,  14.29,  14.29,   21, 100.00, 28.57,  9.52, 14.29,  9.52,  9.52, 28.57,  9.52, 14.29, 14.29, 28.57,  9.52, 19.05, 19.05, 14.29,  9.52, 19.05, 28.57, 28.57,  9.52,  9.52,  23.81,  19.05,  23.81,  33.33,  19.05, 14.00,   0.659,   0.238,   0.637,   0.093,    3.880,    1.220
WIN21-MIN,>88009,  -9.52,  -4.76,   21, 100.00,  0.00,  0.00,  0.00,  0.00,  0.00,  0.00,  0.00,  0.00,  0.00,  0.00,  0.00,  0.00,  0.00,  0.00,  0.00,  0.00,  0.00,  0.00,  0.00,  0.00,   0.00,   0.00, -19.05,   0.00,   0.00,  1.00,   0.394,   0.000,  -0.202,  -0.152,    2.715,    0.835
WIN51-MAX,>88009,   7.84,   9.80,   51, 100.00, 19.61,  3.92, 11.76,  3.92,  7.84, 15.69,  5.88,  9.80,  9.80, 15.69,  5.88, 15.69,  9.80,  7.84,  7.84, 11.76, 13.73, 15.69,  9.80,  5.88,  13.73,  15.69,  11.76,  25.49,  15.69, 11.46,   0.604,   0.118,   0.473,   0.017,    4.109,    1.115
WIN51-MIN,>88009,  -3.92,   0.00,   51, 100.00,  0.00,  0.00,  0.00,  0.00,  0.00,  0.00,  0.00,  0.00,  0.00,  0.00,  0.00,  0.00,  0.00,  0.00,  0.00,  0.00,  0.00,  0.00,  0.00,  0.00,   0.00,   1.96,  -9.80,   5.88,   0.00,  1.00,   0.444,   0.000,  -0.019,  -0.110,    3.412,    0.927

WHOLE-SEQ,>38398,   1.65,   3.96,  303, 100.00, 11.22,  0.66,  6.27,  2.31,  3.63,  8.25,  0.99,  5.61,  4.29,  7.59,  1.98,  7.26,  4.62,  5.61,  2.64,  7.26,  5.61,  8.91,  2.64,  2.64,   6.93,   8.58,  -1.65,  15.51,   8.91,  5.21,   0.494,   0.017,   0.207,  -0.059,    4.084,    0.996
WIN21-MAX,>38398,   9.52,  14.29,   21, 100.00, 28.57,  9.52, 14.29,  9.52, 14.29, 28.57,  9.52, 14.29, 14.29, 28.57,  9.52, 19.05, 19.05, 14.29,  9.52, 23.81, 28.57, 28.57,  9.52,  9.52,  23.81,  19.05,  23.81,  33.33,  23.81, 14.00,   0.659,   0.238,   0.637,   0.097,    3.916,    1.220
WIN21-MIN,>38398,  -9.52,  -4.76,   21, 100.00,  0.00,  0.00,  0.00,  0.00,  0.00,  0.00,  0.00,  0.00,  0.00,  0.00,  0.00,  0.00,  0.00,  0.00,  0.00,  0.00,  0.00,  0.00,  0.00,  0.00,   0.00,   0.00, -19.05,   0.00,   0.00,  1.00,   0.380,   0.000,  -0.236,  -0.152,    2.715,    0.821
WIN51-MAX,>38398,   7.84,   9.80,   51, 100.00, 19.61,  3.92, 11.76,  5.88,  7.84, 15.69,  5.88,  9.80,  9.80, 15.69,  5.88, 11.76,  9.80,  7.84,  7.84, 13.73, 11.76, 15.69,  9.80,  5.88,  13.73,  15.69,   9.80,  25.49,  15.69, 11.26,   0.604,   0.098,   0.473,   0.019,    4.109,    1.115
WIN51-MIN,>38398,  -3.92,   0.00,   51, 100.00,  0.00,  0.00,  0.00,  0.00,  0.00,  0.00,  0.00,  0.00,  0.00,  0.00,  0.00,  0.00,  0.00,  0.00,  0.00,  0.00,  0.00,  0.00,  0.00,  0.00,   0.00,   1.96,  -9.80,   5.88,   0.00,  1.00,   0.437,   0.000,   0.014,  -0.105,    3.412,    0.932

WHOLE-SEQ,>94067,   1.65,   3.96,  303, 100.00, 11.22,  0.99,  5.94,  1.98,  3.30,  8.25,  0.66,  5.61,  4.29,  7.59,  1.98,  7.92,  4.62,  5.94,  2.64,  6.93,  5.94,  8.91,  2.64,  2.64,   6.93,   7.92,  -0.99,  14.85,   8.58,  5.43,   0.493,   0.010,   0.213,  -0.058,    4.075,    0.996
WIN21-MAX,>94067,   9.52,  14.29,   21, 100.00, 28.57,  9.52, 14.29,  9.52, 14.29, 28.57,  4.76, 14.29, 14.29, 28.57,  9.52, 19.05, 19.05, 14.29,  9.52, 23.81, 28.57, 28.57,  9.52,  9.52,  23.81,  19.05,  23.81,  33.33,  23.81, 14.00,   0.659,   0.238,   0.637,   0.097,    3.916,    1.199
WIN21-MIN,>94067,  -9.52,  -4.76,   21, 100.00,  0.00,  0.00,  0.00,  0.00,  0.00,  0.00,  0.00,  0.00,  0.00,  0.00,  0.00,  0.00,  0.00,  0.00,  0.00,  0.00,  0.00,  0.00,  0.00,  0.00,   0.00,   0.00, -19.05,   0.00,   0.00,  1.00,   0.380,   0.000,  -0.236,  -0.152,    2.715,    0.821
WIN51-MAX,>94067,   7.84,   9.80,   51, 100.00, 19.61,  3.92, 11.76,  3.92,  7.84, 15.69,  3.92,  9.80,  9.80, 15.69,  3.92, 15.69,  9.80,  9.80,  7.84, 13.73, 13.73, 15.69,  9.80,  5.88,  13.73,  15.69,  11.76,  25.49,  15.69, 11.46,   0.603,   0.118,   0.470,   0.019,    4.109,    1.111
WIN51-MIN,>94067,  -3.92,   0.00,   51, 100.00,  0.00,  0.00,  0.00,  0.00,  0.00,  0.00,  0.00,  0.00,  0.00,  0.00,  0.00,  0.00,  0.00,  0.00,  0.00,  0.00,  0.00,  0.00,  0.00,  0.00,   0.00,   1.96,  -9.80,   5.88,   0.00,  1.00,   0.437,   0.000,  -0.021,  -0.110,    3.412,    0.932

WHOLE-SEQ,>97286,   1.65,   3.96,  303, 100.00, 11.22,  0.66,  6.27,  2.31,  3.30,  8.25,  0.66,  5.94,  4.29,  7.59,  2.31,  7.26,  4.62,  5.94,  2.64,  7.26,  5.28,  8.91,  2.64,  2.64,   6.93,   8.58,  -1.65,  15.51,   8.58,  5.01,   0.495,   0.017,   0.211,  -0.061,    4.077,    0.996
WIN21-MAX,>97286,   9.52,  14.29,   21, 100.00, 28.57,  9.52, 14.29,  9.52, 14.29, 28.57,  4.76, 14.29, 14.29, 28.57,  9.52, 19.05, 19.05, 14.29,  9.52, 23.81, 23.81, 28.57,  9.52,  9.52,  23.81,  19.05,  23.81,  33.33,  23.81, 14.00,   0.659,   0.238,   0.637,   0.097,    3.916,    1.199
WIN21-MIN,>97286,  -9.52,  -4.76,   21, 100.00,  0.00,  0.00,  0.00,  0.00,  0.00,  0.00,  0.00,  0.00,  0.00,  0.00,  0.00,  0.00,  0.00,  0.00,  0.00,  0.00,  0.00,  0.00,  0.00,  0.00,   0.00,   0.00, -19.05,   0.00,   0.00,  1.00,   0.380,   0.000,  -0.236,  -0.152,    2.715,    0.821
WIN51-MAX,>97286,   7.84,   9.80,   51, 100.00, 19.61,  3.92, 11.76,  5.88,  7.84, 15.69,  3.92, 11.76,  9.80, 15.69,  5.88, 11.76,  9.80,  9.80,  7.84, 13.73,  9.80, 15.69,  9.80,  5.88,  13.73,  15.69,   9.80,  25.49,  15.69, 11.26,   0.603,   0.098,   0.470,   0.019,    4.109,    1.120
WIN51-MIN,>97286,  -3.92,   0.00,   51, 100.00,  0.00,  0.00,  0.00,  0.00,  0.00,  0.00,  0.00,  0.00,  0.00,  0.00,  0.00,  0.00,  0.00,  0.00,  0.00,  0.00,  0.00,  0.00,  0.00,  0.00,   0.00,   1.96,  -9.80,   5.88,   0.00,  1.00,   0.437,   0.000,   0.015,  -0.107,    3.412,    0.932

WHOLE-SEQ,>90031,   1.98,   4.29,  303, 100.00, 11.22,  0.66,  6.27,  1.98,  3.63,  8.25,  0.66,  5.94,  4.62,  7.59,  1.98,  7.59,  4.62,  5.61,  2.64,  7.26,  4.95,  9.24,  2.64,  2.64,   7.26,   8.25,  -0.99,  15.51,   8.91,  5.44,   0.497,   0.010,   0.223,  -0.061,    4.067,    0.999
WIN21-MAX,>90031,  14.29,  14.29,   21, 100.00, 28.57,  9.52, 14.29,  9.52,  9.52, 28.57,  4.76, 14.29, 14.29, 28.57,  9.52, 19.05, 19.05, 14.29,  9.52, 23.81, 23.81, 28.57,  9.52,  9.52,  23.81,  19.05,  23.81,  33.33,  19.05, 14.00,   0.659,   0.238,   0.637,   0.099,    3.880,    1.220
WIN21-MIN,>90031,  -9.52,  -4.76,   21, 100.00,  0.00,  0.00,  0.00,  0.00,  0.00,  0.00,  0.00,  0.00,  0.00,  0.00,  0.00,  0.00,  0.00,  0.00,  0.00,  0.00,  0.00,  0.00,  0.00,  0.00,   0.00,   0.00, -19.05,   0.00,   0.00,  1.00,   0.394,   0.000,  -0.202,  -0.152,    2.715,    0.828
WIN51-MAX,>90031,   7.84,   9.80,   51, 100.00, 19.61,  3.92, 11.76,  3.92,  7.84, 15.69,  3.92, 11.76,  9.80, 15.69,  5.88, 13.73,  9.80,  7.84,  7.84, 13.73,  9.80, 15.69,  9.80,  5.88,  13.73,  15.69,  11.76,  25.49,  17.65, 11.46,   0.604,   0.118,   0.473,   0.020,    4.109,    1.131
WIN51-MIN,>90031,  -3.92,   0.00,   51, 100.00,  0.00,  0.00,  0.00,  0.00,  0.00,  0.00,  0.00,  0.00,  0.00,  0.00,  0.00,  0.00,  0.00,  0.00,  0.00,  0.00,  0.00,  0.00,  0.00,  0.00,   0.00,   1.96,  -9.80,   5.88,   0.00,  1.00,   0.447,   0.000,   0.044,  -0.105,    3.412,    0.932

WHOLE-SEQ,>67608,   1.32,   3.96,  303, 100.00, 11.22,  0.99,  6.27,  2.31,  3.63,  8.25,  0.99,  5.28,  3.96,  7.59,  1.98,  7.26,  4.62,  5.94,  2.64,  7.26,  5.61,  8.91,  2.64,  2.64,   6.60,   8.58,  -1.98,  15.18,   8.91,  5.00,   0.493,   0.020,   0.202,  -0.058,    4.091,    0.995
WIN21-MAX,>67608,   9.52,  14.29,   21, 100.00, 28.57,  9.52, 14.29, 14.29, 14.29, 28.57,  9.52, 14.29, 14.29, 28.57,  9.52, 19.05, 19.05, 14.29,  9.52, 23.81, 28.57, 28.57,  9.52,  9.52,  23.81,  23.81,  23.81,  33.33,  23.81, 14.00,   0.659,   0.238,   0.637,   0.097,    3.880,    1.220
WIN21-MIN,>67608,  -9.52,  -9.52,   21, 100.00,  0.00,  0.00,  0.00,  0.00,  0.00,  0.00,  0.00,  0.00,  0.00,  0.00,  0.00,  0.00,  0.00,  0.00,  0.00,  0.00,  0.00,  0.00,  0.00,  0.00,   0.00,   0.00, -23.81,   0.00,   0.00,  1.00,   0.380,   0.000,  -0.283,  -0.152,    2.715,    0.826
WIN51-MAX,>67608,   7.84,   9.80,   51, 100.00, 19.61,  3.92, 11.76,  5.88,  7.84, 15.69,  5.88,  9.80,  9.80, 15.69,  3.92, 13.73,  9.80,  9.80,  7.84, 13.73, 11.76, 15.69,  9.80,  5.88,  13.73,  15.69,  11.76,  25.49,  15.69, 11.46,   0.604,   0.118,   0.473,   0.019,    4.109,    1.119
WIN51-MIN,>67608,  -3.92,  -1.96,   51, 100.00,  0.00,  0.00,  0.00,  0.00,  0.00,  0.00,  0.00,  0.00,  0.00,  0.00,  0.00,  0.00,  0.00,  0.00,  0.00,  0.00,  0.00,  0.00,  0.00,  0.00,   0.00,   1.96,  -9.80,   5.88,   0.00,  1.00,   0.436,   0.000,  -0.022,  -0.105,    3.412,    0.932

WHOLE-SEQ,>77386,   1.32,   3.96,  303, 100.00, 11.22,  0.99,  6.27,  2.31,  3.63,  8.25,  0.99,  5.28,  3.96,  7.59,  1.98,  7.26,  4.62,  5.94,  2.64,  7.26,  5.61,  8.91,  2.64,  2.64,   6.60,   8.58,  -1.98,  15.18,   8.91,  5.00,   0.493,   0.020,   0.202,  -0.058,    4.091,    0.995
WIN21-MAX,>77386,   9.52,  14.29,   21, 100.00, 28.57,  9.52, 14.29,  9.52, 14.29, 28.57,  9.52, 14.29, 14.29, 28.57,  9.52, 19.05, 19.05, 14.29,  9.52, 23.81, 28.57, 28.57,  9.52,  9.52,  23.81,  19.05,  23.81,  33.33,  23.81, 14.00,   0.659,   0.238,   0.637,   0.097,    3.880,    1.220
WIN21-MIN,>77386,  -9.52,  -4.76,   21, 100.00,  0.00,  0.00,  0.00,  0.00,  0.00,  0.00,  0.00,  0.00,  0.00,  0.00,  0.00,  0.00,  0.00,  0.00,  0.00,  0.00,  0.00,  0.00,  0.00,  0.00,   0.00,   0.00, -19.05,   0.00,   0.00,  1.00,   0.380,   0.000,  -0.236,  -0.152,    2.715,    0.821
WIN51-MAX,>77386,   7.84,   9.80,   51, 100.00, 19.61,  3.92, 11.76,  5.88,  7.84, 15.69,  5.88,  9.80,  9.80, 15.69,  3.92, 11.76,  9.80,  9.80,  7.84, 13.73, 11.76, 15.69,  9.80,  5.88,  13.73,  15.69,   9.80,  25.49,  15.69, 11.26,   0.604,   0.098,   0.473,   0.019,    4.109,    1.121
WIN51-MIN,>77386,  -3.92,   0.00,   51, 100.00,  0.00,  0.00,  0.00,  0.00,  0.00,  0.00,  0.00,  0.00,  0.00,  0.00,  0.00,  0.00,  0.00,  0.00,  0.00,  0.00,  0.00,  0.00,  0.00,  0.00,   0.00,   1.96,  -9.80,   5.88,   0.00,  1.00,   0.436,   0.000,  -0.003,  -0.105,    3.412,    0.932

WHOLE-SEQ,>18932,   1.65,   4.29,  303, 100.00, 11.22,  0.66,  6.27,  1.98,  3.63,  8.25,  0.66,  5.94,  4.29,  7.59,  1.98,  7.92,  4.62,  5.94,  2.64,  6.60,  5.61,  8.91,  2.64,  2.64,   6.93,   8.25,  -1.32,  15.18,   8.91,  5.20,   0.494,   0.013,   0.213,  -0.060,    4.069,    0.997
WIN21-MAX,>18932,  14.29,  14.29,   21, 100.00, 28.57,  9.52, 14.29,  9.52,  9.52, 28.57,  4.76, 14.29, 14.29, 28.57,  9.52, 19.05, 19.05, 14.29,  9.52, 19.05, 23.81, 28.57,  9.52,  9.52,  23.81,  19.05,  23.81,  33.33,  19.05, 14.00,   0.659,   0.238,   0.637,   0.093,    3.880,    1.220
WIN21-MIN,>18932,  -9.52,  -4.76,   21, 100.00,  0.00,  0.00,  0.00,  0.00,  0.00,  0.00,  0.00,  0.00,  0.00,  0.00,  0.00,  0.00,  0.00,  0.00,  0.00,  0.00,  0.00,  0.00,  0.00,  0.00,   0.00,   0.00, -19.05,   0.00,   0.00,  1.00,   0.380,   0.000,  -0.236,  -0.152,    2.715,    0.821
WIN51-MAX,>18932,   7.84,   9.80,   51, 100.00, 19.61,  3.92, 11.76,  3.92,  7.84, 15.69,  3.92, 11.76,  9.80, 15.69,  5.88, 15.69,  9.80,  9.80,  7.84, 11.76,  9.80, 15.69,  9.80,  5.88,  13.73,  15.69,  11.76,  25.49,  17.65, 11.46,   0.604,   0.118,   0.473,   0.017,    4.109,    1.126
WIN51-MIN,>18932,  -3.92,   0.00,   51, 100.00,  0.00,  0.00,  0.00,  0.00,  0.00,  0.00,  0.00,  0.00,  0.00,  0.00,  0.00,  0.00,  0.00,  0.00,  0.00,  0.00,  0.00,  0.00,  0.00,  0.00,   0.00,   1.96,  -9.80,   5.88,   0.00,  1.00,   0.438,   0.000,  -0.003,  -0.105,    3.412,    0.932

WHOLE-SEQ,>10460,   1.65,   4.29,  303, 100.00, 11.22,  0.66,  6.27,  1.98,  3.63,  8.25,  0.66,  5.61,  4.29,  7.59,  1.98,  7.92,  4.62,  5.94,  2.64,  6.60,  5.61,  9.24,  2.64,  2.64,   6.93,   8.25,  -1.32,  15.18,   8.91,  5.20,   0.494,   0.013,   0.212,  -0.060,    4.067,    0.998
WIN21-MAX,>10460,   9.52,  14.29,   21, 100.00, 28.57,  9.52, 14.29,  9.52, 14.29, 28.57,  4.76, 14.29, 14.29, 28.57,  9.52, 19.05, 19.05, 14.29,  9.52, 19.05, 28.57, 28.57,  9.52,  9.52,  23.81,  19.05,  23.81,  33.33,  23.81, 14.00,   0.659,   0.238,   0.637,   0.091,    3.880,    1.220
WIN21-MIN,>10460,  -9.52,  -4.76,   21, 100.00,  0.00,  0.00,  0.00,  0.00,  0.00,  0.00,  0.00,  0.00,  0.00,  0.00,  0.00,  0.00,  0.00,  0.00,  0.00,  0.00,  0.00,  0.00,  0.00,  0.00,   0.00,   0.00, -19.05,   0.00,   0.00,  1.00,   0.394,   0.000,  -0.202,  -0.152,    2.715,    0.835
WIN51-MAX,>10460,   7.84,   9.80,   51, 100.00, 19.61,  3.92, 11.76,  3.92,  7.84, 15.69,  3.92,  9.80,  9.80, 15.69,  5.88, 15.69,  9.80,  9.80,  7.84, 11.76, 11.76, 15.69,  9.80,  5.88,  13.73,  15.69,  11.76,  25.49,  15.69, 11.46,   0.604,   0.118,   0.473,   0.016,    4.109,    1.104
WIN51-MIN,>10460,  -3.92,   0.00,   51, 100.00,  0.00,  0.00,  0.00,  0.00,  0.00,  0.00,  0.00,  0.00,  0.00,  0.00,  0.00,  0.00,  0.00,  0.00,  0.00,  0.00,  0.00,  0.00,  0.00,  0.00,   0.00,   1.96,  -9.80,   5.88,   0.00,  1.00,   0.441,   0.000,  -0.024,  -0.105,    3.412,    0.932

WHOLE-SEQ,>46559,   0.99,   4.29,  303, 100.00, 11.22,  0.99,  6.27,  1.98,  3.63,  8.25,  0.66,  5.61,  3.96,  7.59,  1.65,  7.92,  4.62,  5.94,  2.97,  6.93,  5.28,  9.24,  2.64,  2.64,   6.93,   8.25,  -1.32,  15.18,   8.91,  5.20,   0.494,   0.013,   0.212,  -0.059,    4.071,    0.998
WIN21-MAX,>46559,   9.52,  14.29,   21, 100.00, 28.57,  9.52, 14.29,  9.52,  9.52, 28.57,  4.76, 14.29, 14.29, 28.57,  9.52, 19.05, 19.05, 14.29,  9.52, 23.81, 28.57, 28.57,  9.52,  9.52,  23.81,  19.05,  23.81,  33.33,  19.05, 14.00,   0.659,   0.238,   0.637,   0.099,    3.880,    1.220
WIN21-MIN,>46559,  -9.52,  -4.76,   21, 100.00,  0.00,  0.00,  0.00,  0.00,  0.00,  0.00,  0.00,  0.00,  0.00,  0.00,  0.00,  0.00,  0.00,  0.00,  0.00,  0.00,  0.00,  0.00,  0.00,  0.00,   0.00,   0.00, -19.05,   0.00,   0.00,  1.00,   0.394,   0.000,  -0.202,  -0.152,    2.715,    0.828
WIN51-MAX,>46559,   7.84,   9.80,   51, 100.00, 19.61,  3.92, 11.76,  3.92,  7.84, 15.69,  3.92,  9.80,  9.80, 15.69,  3.92, 15.69,  9.80,  9.80,  7.84, 13.73, 11.76, 15.69,  9.80,  5.88,  13.73,  15.69,  11.76,  25.49,  17.65, 11.46,   0.604,   0.118,   0.473,   0.020,    4.109,    1.123
WIN51-MIN,>46559,  -3.92,   0.00,   51, 100.00,  0.00,  0.00,  0.00,  0.00,  0.00,  0.00,  0.00,  0.00,  0.00,  0.00,  0.00,  0.00,  0.00,  0.00,  0.00,  0.00,  0.00,  0.00,  0.00,  0.00,   0.00,   1.96,  -9.80,   5.88,   0.00,  1.00,   0.441,   0.000,   0.018,  -0.105,    3.412,    0.932

WHOLE-SEQ,>46859,   0.99,   3.96,  303, 100.00, 11.55,  0.99,  5.94,  1.98,  3.30,  8.25,  0.99,  5.61,  3.96,  7.59,  1.65,  7.92,  4.62,  5.94,  2.97,  6.93,  5.61,  9.24,  2.31,  2.64,   6.93,   7.92,  -0.99,  14.85,   8.25,  5.73,   0.494,   0.010,   0.215,  -0.059,    4.072,    0.997
WIN21-MAX,>46859,   9.52,  14.29,   21, 100.00, 28.57,  9.52, 14.29,  9.52,  9.52, 28.57,  9.52, 14.29, 14.29, 28.57,  9.52, 19.05, 19.05, 14.29,  9.52, 19.05, 28.57, 28.57,  9.52,  9.52,  23.81,  19.05,  23.81,  33.33,  19.05, 14.00,   0.659,   0.238,   0.637,   0.092,    3.880,    1.220
WIN21-MIN,>46859,  -9.52,  -4.76,   21, 100.00,  0.00,  0.00,  0.00,  0.00,  0.00,  0.00,  0.00,  0.00,  0.00,  0.00,  0.00,  0.00,  0.00,  0.00,  0.00,  0.00,  0.00,  0.00,  0.00,  0.00,   0.00,   0.00, -19.05,   0.00,   0.00,  1.00,   0.394,   0.000,  -0.202,  -0.152,    2.715,    0.820
WIN51-MAX,>46859,   7.84,   9.80,   51, 100.00, 19.61,  3.92, 11.76,  3.92,  7.84, 15.69,  5.88,  9.80,  9.80, 15.69,  3.92, 13.73,  9.80,  9.80,  7.84, 11.76, 11.76, 15.69,  9.80,  5.88,  13.73,  15.69,  11.76,  25.49,  15.69, 11.46,   0.604,   0.118,   0.473,   0.017,    4.109,    1.119
WIN51-MIN,>46859,  -3.92,   0.00,   51, 100.00,  0.00,  0.00,  0.00,  0.00,  0.00,  0.00,  0.00,  0.00,  0.00,  0.00,  0.00,  0.00,  0.00,  0.00,  0.00,  0.00,  0.00,  0.00,  0.00,  0.00,   0.00,   1.96,  -9.80,   5.88,   0.00,  1.00,   0.441,   0.000,  -0.002,  -0.105,    3.412,    0.932

WHOLE-SEQ,>38811,   1.32,   3.96,  303, 100.00, 11.55,  0.66,  5.94,  1.98,  3.63,  8.25,  0.66,  5.94,  4.29,  7.59,  1.98,  7.92,  4.62,  5.61,  2.97,  6.93,  5.61,  8.91,  2.31,  2.64,   7.26,   7.92,  -0.66,  15.18,   8.58,  5.84,   0.496,   0.007,   0.224,  -0.060,    4.065,    0.997
WIN21-MAX,>38811,   9.52,  14.29,   21, 100.00, 28.57,  9.52, 14.29,  9.52,  9.52, 28.57,  4.76, 14.29, 14.29, 28.57,  9.52, 19.05, 19.05, 14.29,  9.52, 19.05, 23.81, 28.57,  9.52,  9.52,  23.81,  19.05,  23.81,  33.33,  19.05, 14.00,   0.659,   0.238,   0.637,   0.092,    3.916,    1.220
WIN21-MIN,>38811,  -9.52,  -4.76,   21, 100.00,  0.00,  0.00,  0.00,  0.00,  0.00,  0.00,  0.00,  0.00,  0.00,  0.00,  0.00,  0.00,  0.00,  0.00,  0.00,  0.00,  0.00,  0.00,  0.00,  0.00,   0.00,   0.00, -19.05,   0.00,   0.00,  1.00,   0.380,   0.000,  -0.236,  -0.152,    2.715,    0.820
WIN51-MAX,>38811,   7.84,   9.80,   51, 100.00, 19.61,  3.92, 11.76,  3.92,  7.84, 15.69,  3.92, 11.76,  9.80, 15.69,  5.88, 13.73,  9.80,  7.84,  7.84, 11.76,  9.80, 15.69,  9.80,  5.88,  13.73,  15.69,  11.76,  25.49,  17.65, 11.46,   0.604,   0.118,   0.473,   0.017,    4.109,    1.131
WIN51-MIN,>38811,  -3.92,   0.00,   51, 100.00,  0.00,  0.00,  0.00,  0.00,  0.00,  0.00,  0.00,  0.00,  0.00,  0.00,  0.00,  0.00,  0.00,  0.00,  0.00,  0.00,  0.00,  0.00,  0.00,  0.00,   0.00,   1.96,  -9.80,   5.88,   0.00,  1.00,   0.437,   0.000,   0.015,  -0.105,    3.412,    0.932

WHOLE-SEQ,>95723,   1.32,   3.96,  303, 100.00, 11.55,  0.66,  5.94,  1.98,  3.63,  8.25,  0.66,  5.94,  4.29,  7.59,  1.98,  7.92,  4.62,  5.61,  2.97,  6.93,  5.61,  8.91,  2.31,  2.64,   7.26,   7.92,  -0.66,  15.18,   8.58,  5.84,   0.496,   0.007,   0.224,  -0.060,    4.065,    0.997
WIN21-MAX,>95723,   9.52,  14.29,   21, 100.00, 28.57,  9.52, 14.29,  9.52,  9.52, 28.57,  4.76, 14.29, 14.29, 28.57,  9.52, 19.05, 19.05, 14.29,  9.52, 23.81, 23.81, 28.57,  9.52,  9.52,  23.81,  19.05,  23.81,  33.33,  19.05, 14.00,   0.659,   0.238,   0.637,   0.098,    3.916,    1.220
WIN21-MIN,>95723,  -9.52,  -4.76,   21, 100.00,  0.00,  0.00,  0.00,  0.00,  0.00,  0.00,  0.00,  0.00,  0.00,  0.00,  0.00,  0.00,  0.00,  0.00,  0.00,  0.00,  0.00,  0.00,  0.00,  0.00,   0.00,   0.00, -19.05,   0.00,   0.00,  1.00,   0.380,   0.000,  -0.236,  -0.152,    2.715,    0.801
WIN51-MAX,>95723,   7.84,   9.80,   51, 100.00, 19.61,  3.92, 11.76,  3.92,  7.84, 15.69,  3.92, 11.76,  9.80, 15.69,  5.88, 15.69,  9.80,  7.84,  7.84, 13.73, 11.76, 15.69,  9.80,  5.88,  13.73,  15.69,  11.76,  25.49,  17.65, 11.46,   0.604,   0.118,   0.473,   0.020,    4.109,    1.126
WIN51-MIN,>95723,  -3.92,   0.00,   51, 100.00,  0.00,  0.00,  0.00,  0.00,  0.00,  0.00,  0.00,  0.00,  0.00,  0.00,  0.00,  0.00,  0.00,  0.00,  0.00,  0.00,  0.00,  0.00,  0.00,  0.00,   0.00,   1.96,  -9.80,   5.88,   0.00,  1.00,   0.437,   0.000,   0.015,  -0.110,    3.412,    0.932

WHOLE-SEQ,>89090,   1.32,   3.96,  303, 100.00, 11.22,  0.66,  6.27,  2.31,  3.63,  8.25,  0.66,  5.61,  4.29,  7.59,  1.98,  7.59,  4.62,  5.61,  2.97,  6.93,  5.28,  9.24,  2.64,  2.64,   7.26,   8.58,  -1.32,  15.84,   8.91,  5.23,   0.494,   0.013,   0.211,  -0.060,    4.075,    0.997
WIN21-MAX,>89090,   9.52,  14.29,   21, 100.00, 28.57,  9.52, 14.29,  9.52,  9.52, 28.57,  4.76, 14.29, 14.29, 28.57,  9.52, 19.05, 19.05, 14.29,  9.52, 23.81, 28.57, 28.57,  9.52,  9.52,  23.81,  19.05,  23.81,  33.33,  19.05, 14.00,   0.659,   0.238,   0.637,   0.099,    3.880,    1.220
WIN21-MIN,>89090,  -9.52,  -4.76,   21, 100.00,  0.00,  0.00,  0.00,  0.00,  0.00,  0.00,  0.00,  0.00,  0.00,  0.00,  0.00,  0.00,  0.00,  0.00,  0.00,  0.00,  0.00,  0.00,  0.00,  0.00,   0.00,   0.00, -19.05,   0.00,   0.00,  1.00,   0.394,   0.000,  -0.202,  -0.152,    2.715,    0.828
WIN51-MAX,>89090,   7.84,   9.80,   51, 100.00, 19.61,  3.92, 11.76,  5.88,  7.84, 15.69,  3.92,  9.80,  9.80, 15.69,  5.88, 13.73,  9.80,  7.84,  7.84, 13.73, 11.76, 15.69,  9.80,  5.88,  13.73,  15.69,   9.80,  25.49,  17.65, 11.26,   0.604,   0.098,   0.473,   0.020,    4.109,    1.119
WIN51-MIN,>89090,  -3.92,   0.00,   51, 100.00,  0.00,  0.00,  0.00,  0.00,  0.00,  0.00,  0.00,  0.00,  0.00,  0.00,  0.00,  0.00,  0.00,  0.00,  0.00,  0.00,  0.00,  0.00,  0.00,  0.00,   0.00,   1.96,  -9.80,   5.88,   0.00,  1.00,   0.441,   0.000,   0.034,  -0.105,    3.412,    0.932

WHOLE-SEQ,>111564,   1.65,   4.29,  303, 100.00, 11.22,  0.99,  6.27,  1.98,  2.97,  8.25,  0.99,  5.61,  4.29,  7.59,  1.98,  7.59,  4.62,  5.94,  2.64,  6.93,  5.61,  9.24,  2.64,  2.64,   6.93,   8.25,  -1.32,  15.18,   8.25,  5.41,   0.493,   0.013,   0.209,  -0.058,    4.081,    0.997
WIN21-MAX,>111564,  14.29,  14.29,   21, 100.00, 28.57,  9.52, 14.29,  9.52,  9.52, 28.57,  9.52, 14.29, 14.29, 28.57,  9.52, 19.05, 19.05, 14.29,  9.52, 23.81, 28.57, 28.57,  9.52,  9.52,  23.81,  19.05,  23.81,  33.33,  19.05, 14.00,   0.659,   0.238,   0.637,   0.099,    3.880,    1.199
WIN21-MIN,>111564,  -9.52,  -4.76,   21, 100.00,  0.00,  0.00,  0.00,  0.00,  0.00,  0.00,  0.00,  0.00,  0.00,  0.00,  0.00,  0.00,  0.00,  0.00,  0.00,  0.00,  0.00,  0.00,  0.00,  0.00,   0.00,   0.00, -19.05,   0.00,   0.00,  1.00,   0.394,   0.000,  -0.202,  -0.152,    2.715,    0.828
WIN51-MAX,>111564,   7.84,   9.80,   51, 100.00, 19.61,  3.92, 11.76,  3.92,  7.84, 15.69,  5.88,  9.80,  9.80, 15.69,  3.92, 15.69,  9.80,  9.80,  7.84, 13.73, 13.73, 15.69,  9.80,  5.88,  13.73,  15.69,  11.76,  25.49,  15.69, 11.46,   0.603,   0.118,   0.470,   0.020,    4.109,    1.115
WIN51-MIN,>111564,  -3.92,   0.00,   51, 100.00,  0.00,  0.00,  0.00,  0.00,  0.00,  0.00,  0.00,  0.00,  0.00,  0.00,  0.00,  0.00,  0.00,  0.00,  0.00,  0.00,  0.00,  0.00,  0.00,  0.00,   0.00,   1.96,  -9.80,   5.88,   0.00,  1.00,   0.444,   0.000,  -0.019,  -0.110,    3.412,    0.932

WHOLE-SEQ,>34857,   1.98,   4.29,  303, 100.00, 11.55,  0.66,  6.27,  1.98,  3.30,  8.25,  0.99,  5.94,  4.62,  7.59,  1.98,  7.26,  4.62,  5.61,  2.64,  6.93,  5.61,  9.24,  2.31,  2.64,   7.26,   8.25,  -0.99,  15.51,   8.25,  5.74,   0.497,   0.010,   0.223,  -0.061,    4.070,    0.999
WIN21-MAX,>34857,  14.29,  14.29,   21, 100.00, 28.57,  9.52, 14.29,  9.52,  9.52, 28.57,  9.52, 14.29, 14.29, 28.57,  9.52, 19.05, 19.05, 14.29,  9.52, 19.05, 23.81, 28.57,  9.52,  9.52,  23.81,  19.05,  23.81,  33.33,  19.05, 14.00,   0.659,   0.238,   0.637,   0.092,    3.880,    1.220
WIN21-MIN,>34857,  -9.52,  -4.76,   21, 100.00,  0.00,  0.00,  0.00,  0.00,  0.00,  0.00,  0.00,  0.00,  0.00,  0.00,  0.00,  0.00,  0.00,  0.00,  0.00,  0.00,  0.00,  0.00,  0.00,  0.00,   0.00,   0.00, -19.05,   0.00,   0.00,  1.00,   0.397,   0.000,  -0.202,  -0.152,    2.715,    0.820
WIN51-MAX,>34857,   7.84,   9.80,   51, 100.00, 19.61,  3.92, 11.76,  3.92,  7.84, 15.69,  5.88, 11.76,  9.80, 15.69,  5.88, 13.73,  9.80,  7.84,  7.84, 11.76, 11.76, 15.69,  9.80,  5.88,  13.73,  15.69,  11.76,  25.49,  15.69, 11.46,   0.604,   0.118,   0.473,   0.017,    4.109,    1.122
WIN51-MIN,>34857,  -3.92,   0.00,   51, 100.00,  0.00,  0.00,  0.00,  0.00,  0.00,  0.00,  0.00,  0.00,  0.00,  0.00,  0.00,  0.00,  0.00,  0.00,  0.00,  0.00,  0.00,  0.00,  0.00,  0.00,   0.00,   1.96,  -9.80,   5.88,   0.00,  1.00,   0.447,   0.000,   0.026,  -0.110,    3.412,    0.932

WHOLE-SEQ,>111519,   1.65,   4.29,  303, 100.00, 11.22,  0.99,  6.27,  1.98,  3.30,  8.25,  0.99,  5.61,  4.29,  7.59,  1.65,  7.92,  4.62,  5.94,  2.64,  6.93,  5.28,  9.24,  2.64,  2.64,   6.93,   8.25,  -1.32,  15.18,   8.58,  5.41,   0.492,   0.013,   0.207,  -0.058,    4.076,    0.996
WIN21-MAX,>111519,  14.29,  14.29,   21, 100.00, 28.57,  9.52, 14.29,  9.52,  9.52, 28.57,  9.52, 14.29, 14.29, 28.57,  9.52, 19.05, 19.05, 14.29,  9.52, 23.81, 28.57, 28.57,  9.52,  9.52,  23.81,  19.05,  23.81,  33.33,  19.05, 14.00,   0.659,   0.238,   0.637,   0.099,    3.880,    1.220
WIN21-MIN,>111519,  -9.52,  -4.76,   21, 100.00,  0.00,  0.00,  0.00,  0.00,  0.00,  0.00,  0.00,  0.00,  0.00,  0.00,  0.00,  0.00,  0.00,  0.00,  0.00,  0.00,  0.00,  0.00,  0.00,  0.00,   0.00,   0.00, -19.05,   0.00,   0.00,  1.00,   0.394,   0.000,  -0.202,  -0.152,    2.715,    0.828
WIN51-MAX,>111519,   7.84,   9.80,   51, 100.00, 19.61,  3.92, 11.76,  3.92,  7.84, 15.69,  5.88,  9.80,  9.80, 15.69,  3.92, 15.69,  9.80,  9.80,  7.84, 13.73, 11.76, 15.69,  9.80,  5.88,  13.73,  15.69,  11.76,  25.49,  15.69, 11.46,   0.604,   0.118,   0.473,   0.020,    4.109,    1.115
WIN51-MIN,>111519,  -3.92,   0.00,   51, 100.00,  0.00,  0.00,  0.00,  0.00,  0.00,  0.00,  0.00,  0.00,  0.00,  0.00,  0.00,  0.00,  0.00,  0.00,  0.00,  0.00,  0.00,  0.00,  0.00,  0.00,   0.00,   1.96,  -9.80,   5.88,   0.00,  1.00,   0.441,   0.000,  -0.019,  -0.105,    3.412,    0.932

WHOLE-SEQ,>48205,   1.65,   4.29,  303, 100.00, 11.22,  0.66,  6.27,  1.98,  3.30,  8.25,  0.99,  5.94,  4.29,  7.59,  1.98,  7.59,  4.62,  5.94,  2.64,  7.26,  4.95,  9.24,  2.64,  2.64,   6.93,   8.25,  -1.32,  15.18,   8.58,  5.41,   0.495,   0.013,   0.214,  -0.060,    4.073,    0.997
WIN21-MAX,>48205,  14.29,  14.29,   21, 100.00, 28.57,  9.52, 14.29,  9.52,  9.52, 28.57,  9.52, 14.29, 14.29, 28.57,  9.52, 19.05, 19.05, 14.29,  9.52, 23.81, 23.81, 28.57,  9.52,  9.52,  23.81,  19.05,  23.81,  33.33,  19.05, 14.00,   0.659,   0.238,   0.637,   0.099,    3.880,    1.220
WIN21-MIN,>48205,  -9.52,  -4.76,   21, 100.00,  0.00,  0.00,  0.00,  0.00,  0.00,  0.00,  0.00,  0.00,  0.00,  0.00,  0.00,  0.00,  0.00,  0.00,  0.00,  0.00,  0.00,  0.00,  0.00,  0.00,   0.00,   0.00, -19.05,   0.00,   0.00,  1.00,   0.394,   0.000,  -0.202,  -0.152,    2.715,    0.828
WIN51-MAX,>48205,   7.84,   9.80,   51, 100.00, 19.61,  3.92, 11.76,  3.92,  7.84, 15.69,  5.88, 11.76,  9.80, 15.69,  5.88, 13.73,  9.80,  9.80,  7.84, 13.73,  9.80, 15.69,  9.80,  5.88,  13.73,  15.69,  11.76,  25.49,  15.69, 11.46,   0.604,   0.118,   0.473,   0.020,    4.109,    1.122
WIN51-MIN,>48205,  -3.92,   0.00,   51, 100.00,  0.00,  0.00,  0.00,  0.00,  0.00,  0.00,  0.00,  0.00,  0.00,  0.00,  0.00,  0.00,  0.00,  0.00,  0.00,  0.00,  0.00,  0.00,  0.00,  0.00,   0.00,   1.96,  -9.80,   5.88,   0.00,  1.00,   0.448,   0.000,   0.026,  -0.105,    3.412,    0.932

WHOLE-SEQ,>16133,   1.32,   3.96,  303, 100.00, 11.22,  0.66,  5.94,  1.98,  3.63,  8.25,  0.66,  5.61,  4.29,  7.59,  1.98,  7.59,  4.29,  5.94,  2.97,  7.26,  5.61,  9.24,  2.64,  2.64,   7.26,   7.92,  -0.66,  15.18,   8.91,  5.84,   0.495,   0.007,   0.222,  -0.063,    4.069,    1.001
WIN21-MAX,>16133,   9.52,  14.29,   21, 100.00, 28.57,  9.52, 14.29,  9.52,  9.52, 28.57,  4.76, 14.29, 14.29, 28.57,  9.52, 19.05, 19.05, 14.29,  9.52, 23.81, 28.57, 28.57,  9.52,  9.52,  23.81,  19.05,  23.81,  33.33,  19.05, 14.00,   0.659,   0.238,   0.637,   0.099,    3.880,    1.220
WIN21-MIN,>16133,  -9.52,  -4.76,   21, 100.00,  0.00,  0.00,  0.00,  0.00,  0.00,  0.00,  0.00,  0.00,  0.00,  0.00,  0.00,  0.00,  0.00,  0.00,  0.00,  0.00,  0.00,  0.00,  0.00,  0.00,   0.00,   0.00, -19.05,   0.00,   0.00,  1.00,   0.394,   0.000,  -0.202,  -0.183,    2.715,    0.828
WIN51-MAX,>16133,   7.84,   9.80,   51, 100.00, 19.61,  3.92, 11.76,  3.92,  7.84, 15.69,  3.92,  9.80,  9.80, 15.69,  5.88, 13.73,  9.80,  9.80,  7.84, 13.73, 13.73, 15.69,  9.80,  5.88,  15.69,  15.69,  11.76,  27.45,  17.65, 11.46,   0.604,   0.118,   0.473,   0.020,    4.045,    1.122
WIN51-MIN,>16133,  -1.96,   0.00,   51, 100.00,  0.00,  0.00,  0.00,  0.00,  0.00,  0.00,  0.00,  0.00,  0.00,  0.00,  0.00,  0.00,  0.00,  0.00,  0.00,  0.00,  0.00,  0.00,  0.00,  0.00,   0.00,   1.96,  -9.80,   5.88,   0.00,  1.00,   0.447,   0.000,   0.027,  -0.123,    3.412,    0.932

WHOLE-SEQ,>55201,   1.98,   4.29,  303, 100.00, 11.22,  0.66,  6.27,  1.98,  3.30,  8.25,  0.99,  5.61,  4.29,  7.59,  2.31,  7.59,  4.62,  5.94,  2.31,  7.26,  5.61,  8.91,  2.64,  2.64,   6.60,   8.25,  -1.65,  14.85,   8.58,  5.18,   0.494,   0.017,   0.207,  -0.057,    4.076,    0.994
WIN21-MAX,>55201,  14.29,  14.29,   21, 100.00, 28.57,  9.52, 14.29,  9.52, 14.29, 28.57,  9.52, 14.29, 14.29, 28.57,  9.52, 19.05, 19.05, 14.29,  9.52, 23.81, 28.57, 28.57,  9.52,  9.52,  23.81,  19.05,  23.81,  33.33,  23.81, 14.00,   0.659,   0.238,   0.637,   0.097,    3.880,    1.199
WIN21-MIN,>55201,  -9.52,  -4.76,   21, 100.00,  0.00,  0.00,  0.00,  0.00,  0.00,  0.00,  0.00,  0.00,  0.00,  0.00,  0.00,  0.00,  0.00,  0.00,  0.00,  0.00,  0.00,  0.00,  0.00,  0.00,   0.00,   0.00, -19.05,   0.00,   0.00,  1.00,   0.380,   0.000,  -0.236,  -0.152,    2.715,    0.821
WIN51-MAX,>55201,   7.84,   9.80,   51, 100.00, 19.61,  3.92, 11.76,  3.92,  7.84, 15.69,  5.88,  9.80,  9.80, 15.69,  5.88, 13.73,  9.80,  9.80,  7.84, 13.73, 11.76, 15.69,  9.80,  5.88,  13.73,  15.69,  11.76,  25.49,  15.69, 11.46,   0.603,   0.118,   0.470,   0.019,    4.109,    1.113
WIN51-MIN,>55201,  -3.92,   0.00,   51, 100.00,  0.00,  0.00,  0.00,  0.00,  0.00,  0.00,  0.00,  0.00,  0.00,  0.00,  0.00,  0.00,  0.00,  0.00,  0.00,  0.00,  0.00,  0.00,  0.00,  0.00,   0.00,   1.96,  -9.80,   5.88,   0.00,  1.00,   0.438,   0.000,  -0.006,  -0.105,    3.412,    0.932

WHOLE-SEQ,>81805,   1.32,   3.63,  303, 100.00, 11.22,  0.66,  6.27,  2.64,  3.63,  8.25,  0.66,  5.61,  4.29,  7.59,  1.98,  7.26,  4.62,  5.61,  2.97,  6.60,  5.61,  9.24,  2.64,  2.64,   7.26,   8.91,  -1.65,  16.17,   8.91,  5.05,   0.494,   0.017,   0.208,  -0.062,    4.082,    0.999
WIN21-MAX,>81805,   9.52,  14.29,   21, 100.00, 28.57,  9.52, 14.29, 14.29,  9.52, 28.57,  4.76, 14.29, 14.29, 28.57,  9.52, 19.05, 19.05, 14.29,  9.52, 19.05, 28.57, 28.57,  9.52,  9.52,  23.81,  23.81,  23.81,  33.33,  19.05, 14.00,   0.659,   0.238,   0.637,   0.093,    3.880,    1.220
WIN21-MIN,>81805,  -9.52,  -9.52,   21, 100.00,  0.00,  0.00,  0.00,  0.00,  0.00,  0.00,  0.00,  0.00,  0.00,  0.00,  0.00,  0.00,  0.00,  0.00,  0.00,  0.00,  0.00,  0.00,  0.00,  0.00,   0.00,   0.00, -23.81,   0.00,   0.00,  1.00,   0.394,   0.000,  -0.211,  -0.152,    2.715,    0.835
WIN51-MAX,>81805,   7.84,   9.80,   51, 100.00, 19.61,  3.92, 11.76,  5.88,  7.84, 15.69,  3.92,  9.80,  9.80, 15.69,  5.88, 13.73,  9.80,  7.84,  7.84, 11.76, 11.76, 15.69,  9.80,  5.88,  13.73,  15.69,   9.80,  25.49,  17.65, 11.26,   0.604,   0.098,   0.473,   0.017,    4.109,    1.119
WIN51-MIN,>81805,  -3.92,  -1.96,   51, 100.00,  0.00,  0.00,  0.00,  0.00,  0.00,  0.00,  0.00,  0.00,  0.00,  0.00,  0.00,  0.00,  0.00,  0.00,  0.00,  0.00,  0.00,  0.00,  0.00,  0.00,   0.00,   1.96,  -9.80,   5.88,   0.00,  1.00,   0.441,   0.000,   0.025,  -0.106,    3.412,    0.932

WHOLE-SEQ,>20425,   1.98,   4.29,  303, 100.00, 11.22,  0.66,  6.27,  1.98,  3.30,  8.25,  0.66,  5.61,  4.29,  7.59,  2.31,  7.59,  4.62,  6.27,  2.31,  7.26,  5.61,  8.91,  2.64,  2.64,   6.60,   8.25,  -1.65,  14.85,   8.58,  4.98,   0.493,   0.017,   0.207,  -0.058,    4.067,    0.993
WIN21-MAX,>20425,  14.29,  14.29,   21, 100.00, 28.57,  9.52, 14.29,  9.52, 14.29, 28.57,  4.76, 14.29, 14.29, 28.57,  9.52, 19.05, 19.05, 14.29,  9.52, 23.81, 28.57, 28.57,  9.52,  9.52,  23.81,  19.05,  23.81,  33.33,  23.81, 14.00,   0.659,   0.238,   0.637,   0.097,    3.880,    1.199
WIN21-MIN,>20425,  -9.52,  -4.76,   21, 100.00,  0.00,  0.00,  0.00,  0.00,  0.00,  0.00,  0.00,  0.00,  0.00,  0.00,  0.00,  0.00,  0.00,  0.00,  0.00,  0.00,  0.00,  0.00,  0.00,  0.00,   0.00,   0.00, -19.05,   0.00,   0.00,  1.00,   0.380,   0.000,  -0.236,  -0.152,    2.715,    0.821
WIN51-MAX,>20425,   7.84,   9.80,   51, 100.00, 19.61,  3.92, 11.76,  3.92,  7.84, 15.69,  3.92,  9.80,  9.80, 15.69,  5.88, 13.73,  9.80,  9.80,  7.84, 13.73, 11.76, 15.69,  9.80,  5.88,  13.73,  15.69,  11.76,  25.49,  15.69, 11.46,   0.603,   0.118,   0.470,   0.019,    4.109,    1.108
WIN51-MIN,>20425,  -3.92,   0.00,   51, 100.00,  0.00,  0.00,  0.00,  0.00,  0.00,  0.00,  0.00,  0.00,  0.00,  0.00,  0.00,  0.00,  0.00,  0.00,  0.00,  0.00,  0.00,  0.00,  0.00,  0.00,   0.00,   1.96,  -9.80,   5.88,   0.00,  1.00,   0.438,   0.000,  -0.008,  -0.105,    3.412,    0.932

WHOLE-SEQ,>35286,   1.65,   4.29,  303, 100.00, 11.22,  0.66,  6.27,  1.98,  2.97,  8.25,  0.66,  5.94,  4.62,  7.59,  2.31,  7.26,  4.29,  5.94,  2.97,  7.26,  5.28,  9.24,  2.64,  2.64,   7.59,   8.25,  -0.66,  15.84,   8.25,  5.85,   0.494,   0.007,   0.219,  -0.064,    4.070,    0.999
WIN21-MAX,>35286,   9.52,  14.29,   21, 100.00, 28.57,  9.52, 14.29,  9.52,  9.52, 28.57,  4.76, 14.29, 14.29, 28.57,  9.52, 19.05, 19.05, 14.29,  9.52, 23.81, 23.81, 28.57,  9.52,  9.52,  23.81,  19.05,  23.81,  33.33,  19.05, 14.00,   0.659,   0.238,   0.637,   0.099,    3.880,    1.199
WIN21-MIN,>35286,  -9.52,  -4.76,   21, 100.00,  0.00,  0.00,  0.00,  0.00,  0.00,  0.00,  0.00,  0.00,  0.00,  0.00,  0.00,  0.00,  0.00,  0.00,  0.00,  0.00,  0.00,  0.00,  0.00,  0.00,   0.00,   0.00, -19.05,   0.00,   0.00,  1.00,   0.394,   0.000,  -0.202,  -0.183,    2.715,    0.828
WIN51-MAX,>35286,   7.84,   9.80,   51, 100.00, 19.61,  3.92, 11.76,  3.92,  7.84, 15.69,  3.92, 11.76,  9.80, 15.69,  5.88, 13.73,  9.80,  9.80,  7.84, 13.73, 11.76, 15.69,  9.80,  5.88,  15.69,  15.69,  11.76,  27.45,  15.69, 11.46,   0.603,   0.118,   0.470,   0.020,    4.045,    1.122
WIN51-MIN,>35286,  -1.96,   0.00,   51, 100.00,  0.00,  0.00,  0.00,  0.00,  0.00,  0.00,  0.00,  0.00,  0.00,  0.00,  0.00,  0.00,  0.00,  0.00,  0.00,  0.00,  0.00,  0.00,  0.00,  0.00,   0.00,   1.96,  -9.80,   5.88,   0.00,  1.00,   0.447,   0.000,   0.024,  -0.123,    3.412,    0.932

WHOLE-SEQ,>121827,   1.65,   4.29,  303, 100.00, 11.55,  0.99,  6.27,  1.98,  3.30,  8.25,  0.66,  5.94,  4.29,  7.59,  1.98,  7.59,  4.62,  5.94,  2.64,  6.93,  5.61,  8.91,  2.31,  2.64,   6.93,   8.25,  -1.32,  15.18,   8.25,  5.20,   0.496,   0.013,   0.218,  -0.059,    4.069,    0.996
WIN21-MAX,>121827,  14.29,  14.29,   21, 100.00, 28.57,  9.52, 14.29,  9.52,  9.52, 28.57,  4.76, 14.29, 14.29, 28.57,  9.52, 19.05, 19.05, 14.29,  9.52, 19.05, 23.81, 28.57,  9.52,  9.52,  23.81,  19.05,  23.81,  33.33,  19.05, 14.00,   0.659,   0.238,   0.637,   0.092,    3.880,    1.199
WIN21-MIN,>121827,  -9.52,  -4.76,   21, 100.00,  0.00,  0.00,  0.00,  0.00,  0.00,  0.00,  0.00,  0.00,  0.00,  0.00,  0.00,  0.00,  0.00,  0.00,  0.00,  0.00,  0.00,  0.00,  0.00,  0.00,   0.00,   0.00, -19.05,   0.00,   0.00,  1.00,   0.380,   0.000,  -0.236,  -0.152,    2.715,    0.820
WIN51-MAX,>121827,   7.84,   9.80,   51, 100.00, 19.61,  3.92, 11.76,  3.92,  7.84, 15.69,  3.92, 11.76,  9.80, 15.69,  3.92, 13.73,  9.80,  9.80,  7.84, 11.76,  9.80, 15.69,  9.80,  5.88,  13.73,  15.69,  11.76,  25.49,  17.65, 11.46,   0.603,   0.118,   0.470,   0.017,    4.109,    1.137
WIN51-MIN,>121827,  -3.92,   0.00,   51, 100.00,  0.00,  0.00,  0.00,  0.00,  0.00,  0.00,  0.00,  0.00,  0.00,  0.00,  0.00,  0.00,  0.00,  0.00,  0.00,  0.00,  0.00,  0.00,  0.00,  0.00,   0.00,   1.96,  -9.80,   5.88,   0.00,  1.00,   0.438,   0.000,  -0.003,  -0.105,    3.412,    0.932

WHOLE-SEQ,>88975,   1.98,   3.96,  303, 100.00, 11.22,  0.66,  5.94,  1.98,  3.30,  8.25,  0.99,  5.94,  4.62,  7.59,  1.98,  7.92,  4.62,  5.61,  2.64,  6.60,  5.61,  9.24,  2.64,  2.64,   7.26,   7.92,  -0.66,  15.18,   8.58,  6.15,   0.495,   0.007,   0.221,  -0.061,    4.075,    1.000
WIN21-MAX,>88975,  14.29,  14.29,   21, 100.00, 28.57,  9.52, 14.29,  9.52,  9.52, 28.57,  9.52, 14.29, 14.29, 28.57,  9.52, 19.05, 19.05, 14.29,  9.52, 19.05, 23.81, 28.57,  9.52,  9.52,  23.81,  19.05,  23.81,  33.33,  19.05, 14.00,   0.659,   0.238,   0.637,   0.093,    3.880,    1.220
WIN21-MIN,>88975,  -9.52,  -4.76,   21, 100.00,  0.00,  0.00,  0.00,  0.00,  0.00,  0.00,  0.00,  0.00,  0.00,  0.00,  0.00,  0.00,  0.00,  0.00,  0.00,  0.00,  0.00,  0.00,  0.00,  0.00,   0.00,   0.00, -19.05,   0.00,   0.00,  1.00,   0.394,   0.000,  -0.202,  -0.152,    2.715,    0.835
WIN51-MAX,>88975,   7.84,   9.80,   51, 100.00, 19.61,  3.92, 11.76,  3.92,  7.84, 15.69,  5.88, 11.76,  9.80, 15.69,  5.88, 15.69,  9.80,  7.84,  7.84, 11.76, 11.76, 15.69,  9.80,  5.88,  13.73,  15.69,  11.76,  25.49,  15.69, 11.46,   0.604,   0.118,   0.473,   0.017,    4.109,    1.118
WIN51-MIN,>88975,  -3.92,   0.00,   51, 100.00,  0.00,  0.00,  0.00,  0.00,  0.00,  0.00,  0.00,  0.00,  0.00,  0.00,  0.00,  0.00,  0.00,  0.00,  0.00,  0.00,  0.00,  0.00,  0.00,  0.00,   0.00,   1.96,  -9.80,   5.88,   0.00,  1.00,   0.447,   0.000,   0.009,  -0.110,    3.412,    0.932

WHOLE-SEQ,>106124,   1.98,   3.96,  303, 100.00, 11.22,  0.99,  6.27,  2.31,  3.30,  8.25,  0.66,  5.61,  4.29,  7.59,  1.98,  7.26,  4.62,  6.27,  2.31,  7.26,  5.61,  8.91,  2.64,  2.64,   6.60,   8.58,  -1.98,  15.18,   8.58,  4.90,   0.494,   0.020,   0.204,  -0.059,    4.077,    0.995
WIN21-MAX,>106124,  14.29,  14.29,   21, 100.00, 28.57,  9.52, 14.29, 14.29, 14.29, 28.57,  4.76, 14.29, 14.29, 28.57,  9.52, 19.05, 19.05, 14.29,  9.52, 23.81, 28.57, 28.57,  9.52,  9.52,  23.81,  23.81,  23.81,  33.33,  23.81, 14.00,   0.659,   0.238,   0.637,   0.097,    3.880,    1.199
WIN21-MIN,>106124,  -9.52,  -9.52,   21, 100.00,  0.00,  0.00,  0.00,  0.00,  0.00,  0.00,  0.00,  0.00,  0.00,  0.00,  0.00,  0.00,  0.00,  0.00,  0.00,  0.00,  0.00,  0.00,  0.00,  0.00,   0.00,   0.00, -23.81,   0.00,   0.00,  1.00,   0.380,   0.000,  -0.283,  -0.152,    2.715,    0.826
WIN51-MAX,>106124,   7.84,   9.80,   51, 100.00, 19.61,  3.92, 11.76,  5.88,  7.84, 15.69,  3.92,  9.80,  9.80, 15.69,  3.92, 13.73,  9.80,  9.80,  7.84, 13.73, 11.76, 15.69,  9.80,  5.88,  13.73,  15.69,  11.76,  25.49,  15.69, 11.46,   0.603,   0.118,   0.470,   0.019,    4.109,    1.115
WIN51-MIN,>106124,  -3.92,  -1.96,   51, 100.00,  0.00,  0.00,  0.00,  0.00,  0.00,  0.00,  0.00,  0.00,  0.00,  0.00,  0.00,  0.00,  0.00,  0.00,  0.00,  0.00,  0.00,  0.00,  0.00,  0.00,   0.00,   1.96,  -9.80,   5.88,   0.00,  1.00,   0.438,   0.000,  -0.022,  -0.108,    3.412,    0.932

WHOLE-SEQ,>55391,   1.65,   3.96,  303, 100.00, 11.22,  0.66,  6.27,  2.31,  3.30,  8.25,  0.66,  5.61,  4.29,  7.59,  2.31,  7.26,  4.62,  5.94,  2.64,  7.26,  5.61,  8.91,  2.64,  2.64,   6.93,   8.58,  -1.65,  15.51,   8.58,  5.01,   0.493,   0.017,   0.206,  -0.060,    4.077,    0.994
WIN21-MAX,>55391,  14.29,  14.29,   21, 100.00, 28.57,  9.52, 14.29,  9.52,  9.52, 28.57,  4.76, 14.29, 14.29, 28.57,  9.52, 19.05, 19.05, 14.29,  9.52, 23.81, 28.57, 28.57,  9.52,  9.52,  23.81,  19.05,  23.81,  33.33,  19.05, 14.00,   0.659,   0.238,   0.637,   0.099,    3.880,    1.199
WIN21-MIN,>55391,  -9.52,  -4.76,   21, 100.00,  0.00,  0.00,  0.00,  0.00,  0.00,  0.00,  0.00,  0.00,  0.00,  0.00,  0.00,  0.00,  0.00,  0.00,  0.00,  0.00,  0.00,  0.00,  0.00,  0.00,   0.00,   0.00, -19.05,   0.00,   0.00,  1.00,   0.380,   0.000,  -0.236,  -0.152,    2.715,    0.821
WIN51-MAX,>55391,   7.84,   9.80,   51, 100.00, 19.61,  3.92, 11.76,  5.88,  7.84, 15.69,  3.92,  9.80,  9.80, 15.69,  5.88, 11.76,  9.80,  9.80,  7.84, 13.73, 11.76, 15.69,  9.80,  5.88,  13.73,  15.69,   9.80,  25.49,  17.65, 10.98,   0.603,   0.098,   0.470,   0.020,    4.109,    1.124
WIN51-MIN,>55391,  -3.92,   0.00,   51, 100.00,  0.00,  0.00,  0.00,  0.00,  0.00,  0.00,  0.00,  0.00,  0.00,  0.00,  0.00,  0.00,  0.00,  0.00,  0.00,  0.00,  0.00,  0.00,  0.00,  0.00,   0.00,   1.96,  -9.80,   5.88,   0.00,  1.00,   0.438,   0.000,  -0.003,  -0.105,    3.412,    0.932

WHOLE-SEQ,>31802,   1.32,   3.96,  303, 100.00, 11.22,  0.66,  6.27,  2.31,  3.63,  8.25,  0.66,  5.61,  4.29,  7.59,  1.98,  7.26,  4.62,  5.61,  2.97,  7.26,  5.28,  9.24,  2.64,  2.64,   7.26,   8.58,  -1.32,  15.84,   8.91,  5.23,   0.495,   0.013,   0.214,  -0.061,    4.076,    0.998
WIN21-MAX,>31802,   9.52,  14.29,   21, 100.00, 28.57,  9.52, 14.29, 14.29,  9.52, 28.57,  4.76, 14.29, 14.29, 28.57,  9.52, 19.05, 19.05, 14.29,  9.52, 23.81, 28.57, 28.57,  9.52,  9.52,  23.81,  23.81,  23.81,  33.33,  19.05, 14.00,   0.659,   0.238,   0.637,   0.099,    3.880,    1.220
WIN21-MIN,>31802,  -9.52,  -9.52,   21, 100.00,  0.00,  0.00,  0.00,  0.00,  0.00,  0.00,  0.00,  0.00,  0.00,  0.00,  0.00,  0.00,  0.00,  0.00,  0.00,  0.00,  0.00,  0.00,  0.00,  0.00,   0.00,   0.00, -23.81,   0.00,   0.00,  1.00,   0.394,   0.000,  -0.211,  -0.152,    2.715,    0.828
WIN51-MAX,>31802,   7.84,   9.80,   51, 100.00, 19.61,  3.92, 11.76,  5.88,  7.84, 15.69,  3.92,  9.80,  9.80, 15.69,  5.88, 13.73,  9.80,  7.84,  7.84, 13.73, 11.76, 15.69,  9.80,  5.88,  13.73,  15.69,  11.76,  25.49,  17.65, 11.46,   0.604,   0.118,   0.473,   0.020,    4.109,    1.122
WIN51-MIN,>31802,  -3.92,  -1.96,   51, 100.00,  0.00,  0.00,  0.00,  0.00,  0.00,  0.00,  0.00,  0.00,  0.00,  0.00,  0.00,  0.00,  0.00,  0.00,  0.00,  0.00,  0.00,  0.00,  0.00,  0.00,   0.00,   1.96,  -9.80,   5.88,   0.00,  1.00,   0.441,   0.000,   0.018,  -0.106,    3.412,    0.932

WHOLE-SEQ,>19218,   1.65,   3.96,  303, 100.00, 11.22,  0.66,  5.94,  1.98,  3.63,  8.25,  0.66,  5.94,  4.29,  7.59,  1.98,  7.92,  4.29,  6.27,  2.64,  6.60,  5.94,  8.91,  2.64,  2.64,   6.93,   7.92,  -0.99,  14.85,   8.91,  5.43,   0.495,   0.010,   0.217,  -0.063,    4.068,    1.001
WIN21-MAX,>19218,   9.52,  14.29,   21, 100.00, 28.57,  9.52, 14.29,  9.52, 14.29, 28.57,  4.76, 14.29, 14.29, 28.57,  9.52, 19.05, 19.05, 14.29,  9.52, 19.05, 23.81, 28.57,  9.52,  9.52,  23.81,  19.05,  23.81,  33.33,  23.81, 14.00,   0.659,   0.238,   0.637,   0.091,    3.880,    1.220
WIN21-MIN,>19218,  -9.52,  -4.76,   21, 100.00,  0.00,  0.00,  0.00,  0.00,  0.00,  0.00,  0.00,  0.00,  0.00,  0.00,  0.00,  0.00,  0.00,  0.00,  0.00,  0.00,  0.00,  0.00,  0.00,  0.00,   0.00,   0.00, -19.05,   0.00,   0.00,  1.00,   0.380,   0.000,  -0.236,  -0.183,    2.715,    0.821
WIN51-MAX,>19218,   7.84,   9.80,   51, 100.00, 19.61,  3.92, 11.76,  3.92,  7.84, 15.69,  3.92, 11.76,  9.80, 15.69,  5.88, 15.69,  9.80,  9.80,  7.84, 11.76, 11.76, 15.69,  9.80,  5.88,  15.69,  15.69,  11.76,  27.45,  15.69, 11.46,   0.604,   0.118,   0.473,   0.016,    4.045,    1.122
WIN51-MIN,>19218,  -1.96,   0.00,   51, 100.00,  0.00,  0.00,  0.00,  0.00,  0.00,  0.00,  0.00,  0.00,  0.00,  0.00,  0.00,  0.00,  0.00,  0.00,  0.00,  0.00,  0.00,  0.00,  0.00,  0.00,   0.00,   1.96,  -9.80,   5.88,   0.00,  1.00,   0.437,   0.000,  -0.003,  -0.123,    3.412,    0.930

WHOLE-SEQ,>11625,   1.32,   4.29,  303, 100.00, 11.22,  0.66,  6.27,  1.98,  3.63,  8.25,  0.66,  5.94,  4.29,  7.59,  1.98,  7.92,  4.62,  5.61,  2.97,  6.60,  5.61,  8.91,  2.64,  2.64,   7.26,   8.25,  -0.99,  15.51,   8.91,  5.44,   0.494,   0.010,   0.215,  -0.060,    4.072,    0.998
WIN21-MAX,>11625,   9.52,  14.29,   21, 100.00, 28.57,  9.52, 14.29,  9.52,  9.52, 28.57,  4.76, 14.29, 14.29, 28.57,  9.52, 19.05, 19.05, 14.29,  9.52, 19.05, 23.81, 28.57,  9.52,  9.52,  23.81,  19.05,  23.81,  33.33,  19.05, 14.00,   0.659,   0.238,   0.637,   0.093,    3.916,    1.220
WIN21-MIN,>11625,  -9.52,  -4.76,   21, 100.00,  0.00,  0.00,  0.00,  0.00,  0.00,  0.00,  0.00,  0.00,  0.00,  0.00,  0.00,  0.00,  0.00,  0.00,  0.00,  0.00,  0.00,  0.00,  0.00,  0.00,   0.00,   0.00, -19.05,   0.00,   0.00,  1.00,   0.380,   0.000,  -0.236,  -0.152,    2.715,    0.821
WIN51-MAX,>11625,   7.84,   9.80,   51, 100.00, 19.61,  3.92, 11.76,  3.92,  7.84, 15.69,  3.92, 11.76,  9.80, 15.69,  5.88, 15.69,  9.80,  7.84,  7.84, 11.76,  9.80, 15.69,  9.80,  5.88,  13.73,  15.69,  11.76,  25.49,  17.65, 11.46,   0.604,   0.118,   0.473,   0.017,    4.109,    1.126
WIN51-MIN,>11625,  -3.92,   0.00,   51, 100.00,  0.00,  0.00,  0.00,  0.00,  0.00,  0.00,  0.00,  0.00,  0.00,  0.00,  0.00,  0.00,  0.00,  0.00,  0.00,  0.00,  0.00,  0.00,  0.00,  0.00,   0.00,   1.96,  -9.80,   5.88,   0.00,  1.00,   0.437,   0.000,   0.015,  -0.105,    3.412,    0.932

WHOLE-SEQ,>105007,   1.32,   3.63,  303, 100.00, 11.55,  0.99,  5.94,  2.31,  3.63,  8.25,  0.66,  5.61,  3.96,  7.59,  1.65,  7.92,  4.62,  6.27,  2.64,  6.60,  5.94,  8.91,  2.31,  2.64,   6.60,   8.25,  -1.65,  14.85,   8.58,  4.99,   0.494,   0.017,   0.208,  -0.059,    4.069,    0.995
WIN21-MAX,>105007,   9.52,  14.29,   21, 100.00, 28.57,  9.52, 14.29, 14.29, 14.29, 28.57,  4.76, 14.29, 14.29, 28.57,  9.52, 19.05, 19.05, 14.29,  9.52, 19.05, 28.57, 28.57,  9.52,  9.52,  23.81,  23.81,  23.81,  33.33,  19.05, 14.00,   0.659,   0.238,   0.637,   0.090,    3.880,    1.220
WIN21-MIN,>105007,  -9.52,  -9.52,   21, 100.00,  0.00,  0.00,  0.00,  0.00,  0.00,  0.00,  0.00,  0.00,  0.00,  0.00,  0.00,  0.00,  0.00,  0.00,  0.00,  0.00,  0.00,  0.00,  0.00,  0.00,   0.00,   0.00, -23.81,   0.00,   0.00,  1.00,   0.380,   0.000,  -0.283,  -0.152,    2.715,    0.826
WIN51-MAX,>105007,   7.84,   9.80,   51, 100.00, 19.61,  3.92, 11.76,  5.88,  7.84, 15.69,  3.92,  9.80,  9.80, 15.69,  3.92, 15.69,  9.80,  9.80,  7.84, 11.76, 11.76, 15.69,  9.80,  5.88,  13.73,  15.69,  11.76,  25.49,  15.69, 11.46,   0.604,   0.118,   0.473,   0.016,    4.109,    1.110
WIN51-MIN,>105007,  -3.92,  -1.96,   51, 100.00,  0.00,  0.00,  0.00,  0.00,  0.00,  0.00,  0.00,  0.00,  0.00,  0.00,  0.00,  0.00,  0.00,  0.00,  0.00,  0.00,  0.00,  0.00,  0.00,  0.00,   0.00,   1.96,  -9.80,   5.88,   0.00,  1.00,   0.438,   0.000,  -0.022,  -0.108,    3.412,    0.932

WHOLE-SEQ,>120804,   1.32,   3.63,  303, 100.00, 11.55,  0.99,  5.94,  2.31,  3.63,  8.25,  0.66,  5.61,  3.96,  7.59,  1.65,  7.92,  4.62,  6.27,  2.64,  6.60,  5.94,  8.91,  2.31,  2.64,   6.60,   8.25,  -1.65,  14.85,   8.58,  4.99,   0.494,   0.017,   0.208,  -0.059,    4.069,    0.995
WIN21-MAX,>120804,   9.52,  14.29,   21, 100.00, 28.57,  9.52, 14.29,  9.52, 14.29, 28.57,  4.76, 14.29, 14.29, 28.57,  9.52, 19.05, 19.05, 14.29,  9.52, 19.05, 28.57, 28.57,  9.52,  9.52,  23.81,  19.05,  23.81,  33.33,  19.05, 14.00,   0.659,   0.238,   0.637,   0.090,    3.880,    1.220
WIN21-MIN,>120804,  -9.52,  -4.76,   21, 100.00,  0.00,  0.00,  0.00,  0.00,  0.00,  0.00,  0.00,  0.00,  0.00,  0.00,  0.00,  0.00,  0.00,  0.00,  0.00,  0.00,  0.00,  0.00,  0.00,  0.00,   0.00,   0.00, -19.05,   0.00,   0.00,  1.00,   0.380,   0.000,  -0.236,  -0.152,    2.715,    0.821
WIN51-MAX,>120804,   7.84,   9.80,   51, 100.00, 19.61,  3.92, 11.76,  5.88,  7.84, 15.69,  3.92,  9.80,  9.80, 15.69,  3.92, 13.73,  9.80,  9.80,  7.84, 11.76, 11.76, 15.69,  9.80,  5.88,  13.73,  15.69,   9.80,  25.49,  15.69, 11.26,   0.604,   0.098,   0.473,   0.016,    4.109,    1.112
WIN51-MIN,>120804,  -3.92,   0.00,   51, 100.00,  0.00,  0.00,  0.00,  0.00,  0.00,  0.00,  0.00,  0.00,  0.00,  0.00,  0.00,  0.00,  0.00,  0.00,  0.00,  0.00,  0.00,  0.00,  0.00,  0.00,   0.00,   1.96,  -9.80,   5.88,   0.00,  1.00,   0.438,   0.000,  -0.003,  -0.105,    3.412,    0.932

WHOLE-SEQ,>54072,   1.65,   3.96,  303, 100.00, 11.22,  0.66,  6.27,  2.31,  3.63,  8.25,  0.66,  5.61,  4.29,  7.59,  1.98,  7.59,  4.62,  5.94,  2.64,  6.93,  5.61,  8.91,  2.64,  2.64,   6.93,   8.58,  -1.65,  15.51,   8.91,  5.01,   0.492,   0.017,   0.204,  -0.059,    4.074,    0.995
WIN21-MAX,>54072,  14.29,  14.29,   21, 100.00, 28.57,  9.52, 14.29,  9.52,  9.52, 28.57,  4.76, 14.29, 14.29, 28.57,  9.52, 19.05, 19.05, 14.29,  9.52, 23.81, 28.57, 28.57,  9.52,  9.52,  23.81,  19.05,  23.81,  33.33,  19.05, 14.00,   0.659,   0.238,   0.637,   0.099,    3.880,    1.220
WIN21-MIN,>54072,  -9.52,  -4.76,   21, 100.00,  0.00,  0.00,  0.00,  0.00,  0.00,  0.00,  0.00,  0.00,  0.00,  0.00,  0.00,  0.00,  0.00,  0.00,  0.00,  0.00,  0.00,  0.00,  0.00,  0.00,   0.00,   0.00, -19.05,   0.00,   0.00,  1.00,   0.380,   0.000,  -0.236,  -0.152,    2.715,    0.821
WIN51-MAX,>54072,   7.84,   9.80,   51, 100.00, 19.61,  3.92, 11.76,  5.88,  7.84, 15.69,  3.92,  9.80,  9.80, 15.69,  5.88, 13.73,  9.80,  9.80,  7.84, 13.73, 11.76, 15.69,  9.80,  5.88,  13.73,  15.69,   9.80,  25.49,  17.65, 10.98,   0.604,   0.098,   0.473,   0.020,    4.109,    1.119
WIN51-MIN,>54072,  -3.92,   0.00,   51, 100.00,  0.00,  0.00,  0.00,  0.00,  0.00,  0.00,  0.00,  0.00,  0.00,  0.00,  0.00,  0.00,  0.00,  0.00,  0.00,  0.00,  0.00,  0.00,  0.00,  0.00,   0.00,   1.96,  -9.80,   5.88,   0.00,  1.00,   0.438,   0.000,  -0.003,  -0.105,    3.412,    0.932

WHOLE-SEQ,>33296,   1.98,   3.63,  303, 100.00, 11.22,  0.66,  5.94,  2.31,  3.63,  8.25,  0.66,  5.94,  4.62,  7.59,  1.98,  7.26,  4.62,  5.61,  2.64,  6.93,  5.94,  8.91,  2.64,  2.64,   7.26,   8.25,  -0.99,  15.51,   8.91,  5.45,   0.496,   0.010,   0.221,  -0.062,    4.077,    1.001
WIN21-MAX,>33296,  14.29,  14.29,   21, 100.00, 28.57,  9.52, 14.29, 14.29,  9.52, 28.57,  4.76, 14.29, 14.29, 28.57,  9.52, 19.05, 19.05, 14.29,  9.52, 19.05, 23.81, 28.57,  9.52,  9.52,  23.81,  23.81,  23.81,  33.33,  19.05, 14.00,   0.659,   0.238,   0.637,   0.093,    3.880,    1.220
WIN21-MIN,>33296,  -9.52,  -9.52,   21, 100.00,  0.00,  0.00,  0.00,  0.00,  0.00,  0.00,  0.00,  0.00,  0.00,  0.00,  0.00,  0.00,  0.00,  0.00,  0.00,  0.00,  0.00,  0.00,  0.00,  0.00,   0.00,   0.00, -23.81,   0.00,   0.00,  1.00,   0.380,   0.000,  -0.283,  -0.152,    2.715,    0.826
WIN51-MAX,>33296,   7.84,   9.80,   51, 100.00, 19.61,  3.92, 11.76,  5.88,  7.84, 15.69,  3.92, 11.76,  9.80, 15.69,  5.88, 13.73,  9.80,  7.84,  7.84, 11.76, 11.76, 15.69,  9.80,  5.88,  13.73,  15.69,  11.76,  25.49,  17.65, 11.46,   0.604,   0.118,   0.473,   0.017,    4.109,    1.131
WIN51-MIN,>33296,  -3.92,  -1.96,   51, 100.00,  0.00,  0.00,  0.00,  0.00,  0.00,  0.00,  0.00,  0.00,  0.00,  0.00,  0.00,  0.00,  0.00,  0.00,  0.00,  0.00,  0.00,  0.00,  0.00,  0.00,   0.00,   1.96,  -9.80,   5.88,   0.00,  1.00,   0.437,   0.000,  -0.005,  -0.110,    3.412,    0.932

WHOLE-SEQ,>104926,   1.65,   3.96,  303, 100.00, 11.22,  0.99,  6.27,  2.31,  2.97,  8.25,  0.66,  5.94,  4.29,  7.59,  1.98,  7.26,  4.62,  6.27,  2.64,  6.93,  5.61,  8.91,  2.64,  2.64,   6.93,   8.58,  -1.65,  15.51,   8.25,  5.01,   0.493,   0.017,   0.205,  -0.061,    4.079,    0.996
WIN21-MAX,>104926,  14.29,  14.29,   21, 100.00, 28.57,  9.52, 14.29, 14.29,  9.52, 28.57,  4.76, 14.29, 14.29, 28.57,  9.52, 19.05, 19.05, 14.29,  9.52, 23.81, 23.81, 28.57,  9.52,  9.52,  23.81,  23.81,  23.81,  33.33,  19.05, 14.00,   0.659,   0.238,   0.637,   0.099,    3.880,    1.199
WIN21-MIN,>104926,  -9.52,  -9.52,   21, 100.00,  0.00,  0.00,  0.00,  0.00,  0.00,  0.00,  0.00,  0.00,  0.00,  0.00,  0.00,  0.00,  0.00,  0.00,  0.00,  0.00,  0.00,  0.00,  0.00,  0.00,   0.00,   0.00, -23.81,   0.00,   0.00,  1.00,   0.380,   0.000,  -0.283,  -0.152,    2.715,    0.826
WIN51-MAX,>104926,   7.84,   9.80,   51, 100.00, 19.61,  3.92, 11.76,  5.88,  7.84, 15.69,  3.92, 11.76,  9.80, 15.69,  3.92, 15.69,  9.80,  9.80,  7.84, 13.73, 11.76, 15.69,  9.80,  5.88,  13.73,  15.69,  11.76,  25.49,  15.69, 11.46,   0.603,   0.118,   0.470,   0.020,    4.109,    1.120
WIN51-MIN,>104926,  -3.92,  -1.96,   51, 100.00,  0.00,  0.00,  0.00,  0.00,  0.00,  0.00,  0.00,  0.00,  0.00,  0.00,  0.00,  0.00,  0.00,  0.00,  0.00,  0.00,  0.00,  0.00,  0.00,  0.00,   0.00,   1.96,  -9.80,   5.88,   0.00,  1.00,   0.438,   0.000,  -0.022,  -0.110,    3.412,    0.932

WHOLE-SEQ,>99967,   1.65,   3.96,  303, 100.00, 11.22,  0.66,  6.27,  2.31,  3.30,  8.25,  0.99,  5.94,  4.29,  7.59,  1.98,  7.59,  4.62,  5.94,  2.64,  6.60,  5.28,  9.24,  2.64,  2.64,   6.93,   8.58,  -1.65,  15.51,   8.58,  5.21,   0.494,   0.017,   0.208,  -0.062,    4.080,    0.998
WIN21-MAX,>99967,  14.29,  14.29,   21, 100.00, 28.57,  9.52, 14.29, 14.29,  9.52, 28.57,  9.52, 14.29, 14.29, 28.57,  9.52, 19.05, 19.05, 14.29,  9.52, 19.05, 23.81, 28.57,  9.52,  9.52,  23.81,  23.81,  23.81,  33.33,  19.05, 14.00,   0.659,   0.238,   0.637,   0.093,    3.880,    1.220
WIN21-MIN,>99967,  -9.52,  -9.52,   21, 100.00,  0.00,  0.00,  0.00,  0.00,  0.00,  0.00,  0.00,  0.00,  0.00,  0.00,  0.00,  0.00,  0.00,  0.00,  0.00,  0.00,  0.00,  0.00,  0.00,  0.00,   0.00,   0.00, -23.81,   0.00,   0.00,  1.00,   0.394,   0.000,  -0.211,  -0.152,    2.715,    0.835
WIN51-MAX,>99967,   7.84,   9.80,   51, 100.00, 19.61,  3.92, 11.76,  5.88,  7.84, 15.69,  5.88, 11.76,  9.80, 15.69,  5.88, 15.69,  9.80,  9.80,  7.84, 11.76,  9.80, 15.69,  9.80,  5.88,  13.73,  15.69,  11.76,  25.49,  15.69, 11.46,   0.604,   0.118,   0.473,   0.017,    4.109,    1.118
WIN51-MIN,>99967,  -3.92,  -1.96,   51, 100.00,  0.00,  0.00,  0.00,  0.00,  0.00,  0.00,  0.00,  0.00,  0.00,  0.00,  0.00,  0.00,  0.00,  0.00,  0.00,  0.00,  0.00,  0.00,  0.00,  0.00,   0.00,   1.96,  -9.80,   5.88,   0.00,  1.00,   0.448,   0.000,   0.008,  -0.108,    3.412,    0.932

WHOLE-SEQ,>38068,   1.65,   3.96,  303, 100.00, 11.22,  0.66,  6.27,  2.31,  3.63,  8.25,  0.66,  5.61,  4.29,  7.59,  1.98,  7.59,  4.62,  5.94,  2.64,  6.93,  5.61,  8.91,  2.64,  2.64,   6.93,   8.58,  -1.65,  15.51,   8.91,  5.01,   0.492,   0.017,   0.204,  -0.059,    4.074,    0.995
WIN21-MAX,>38068,   9.52,  14.29,   21, 100.00, 28.57,  9.52, 14.29,  9.52, 14.29, 28.57,  4.76, 14.29, 14.29, 28.57,  9.52, 19.05, 19.05, 14.29,  9.52, 23.81, 28.57, 28.57,  9.52,  9.52,  23.81,  19.05,  23.81,  33.33,  23.81, 14.00,   0.659,   0.238,   0.637,   0.097,    3.916,    1.220
WIN21-MIN,>38068,  -9.52,  -4.76,   21, 100.00,  0.00,  0.00,  0.00,  0.00,  0.00,  0.00,  0.00,  0.00,  0.00,  0.00,  0.00,  0.00,  0.00,  0.00,  0.00,  0.00,  0.00,  0.00,  0.00,  0.00,   0.00,   0.00, -19.05,   0.00,   0.00,  1.00,   0.380,   0.000,  -0.236,  -0.152,    2.715,    0.821
WIN51-MAX,>38068,   7.84,   9.80,   51, 100.00, 19.61,  3.92, 11.76,  5.88,  7.84, 15.69,  3.92,  9.80,  9.80, 15.69,  5.88, 13.73,  9.80,  9.80,  7.84, 13.73, 11.76, 15.69,  9.80,  5.88,  13.73,  15.69,   9.80,  25.49,  15.69, 11.26,   0.604,   0.098,   0.473,   0.019,    4.109,    1.106
WIN51-MIN,>38068,  -3.92,   0.00,   51, 100.00,  0.00,  0.00,  0.00,  0.00,  0.00,  0.00,  0.00,  0.00,  0.00,  0.00,  0.00,  0.00,  0.00,  0.00,  0.00,  0.00,  0.00,  0.00,  0.00,  0.00,   0.00,   1.96,  -9.80,   5.88,   0.00,  1.00,   0.437,   0.000,  -0.005,  -0.105,    3.412,    0.930

WHOLE-SEQ,>15897,   1.32,   4.29,  303, 100.00, 11.22,  0.66,  6.27,  1.98,  3.30,  8.25,  0.99,  5.94,  4.29,  7.59,  1.98,  7.26,  4.29,  5.94,  2.97,  7.26,  5.28,  9.24,  2.64,  2.64,   7.26,   8.25,  -0.99,  15.51,   8.58,  5.74,   0.495,   0.010,   0.217,  -0.063,    4.077,    1.001
WIN21-MAX,>15897,   9.52,  14.29,   21, 100.00, 28.57,  9.52, 14.29,  9.52,  9.52, 28.57,  9.52, 14.29, 14.29, 28.57,  9.52, 19.05, 19.05, 14.29,  9.52, 23.81, 23.81, 28.57,  9.52,  9.52,  23.81,  19.05,  23.81,  33.33,  19.05, 14.00,   0.659,   0.238,   0.637,   0.099,    3.880,    1.220
WIN21-MIN,>15897,  -9.52,  -4.76,   21, 100.00,  0.00,  0.00,  0.00,  0.00,  0.00,  0.00,  0.00,  0.00,  0.00,  0.00,  0.00,  0.00,  0.00,  0.00,  0.00,  0.00,  0.00,  0.00,  0.00,  0.00,   0.00,   0.00, -19.05,   0.00,   0.00,  1.00,   0.394,   0.000,  -0.202,  -0.183,    2.715,    0.828
WIN51-MAX,>15897,   7.84,   9.80,   51, 100.00, 19.61,  3.92, 11.76,  3.92,  7.84, 15.69,  5.88, 11.76,  9.80, 15.69,  5.88, 13.73,  9.80,  9.80,  7.84, 13.73, 11.76, 15.69,  9.80,  5.88,  15.69,  15.69,  11.76,  27.45,  15.69, 11.46,   0.604,   0.118,   0.473,   0.020,    4.045,    1.122
WIN51-MIN,>15897,  -1.96,   0.00,   51, 100.00,  0.00,  0.00,  0.00,  0.00,  0.00,  0.00,  0.00,  0.00,  0.00,  0.00,  0.00,  0.00,  0.00,  0.00,  0.00,  0.00,  0.00,  0.00,  0.00,  0.00,   0.00,   1.96,  -9.80,   5.88,   0.00,  1.00,   0.448,   0.000,   0.026,  -0.123,    3.412,    0.932

WHOLE-SEQ,>81918,   1.65,   3.63,  303, 100.00, 11.22,  0.66,  5.94,  2.31,  3.30,  8.25,  0.66,  5.94,  4.62,  7.59,  1.98,  7.59,  4.29,  5.94,  2.97,  6.60,  5.61,  9.24,  2.64,  2.64,   7.59,   8.25,  -0.66,  15.84,   8.58,  5.86,   0.494,   0.007,   0.217,  -0.065,    4.074,    1.002
WIN21-MAX,>81918,   9.52,  14.29,   21, 100.00, 28.57,  9.52, 14.29, 14.29,  9.52, 28.57,  4.76, 14.29, 14.29, 28.57,  9.52, 19.05, 19.05, 14.29,  9.52, 19.05, 23.81, 28.57,  9.52,  9.52,  23.81,  23.81,  23.81,  33.33,  19.05, 14.00,   0.659,   0.238,   0.637,   0.093,    3.880,    1.220
WIN21-MIN,>81918,  -9.52,  -9.52,   21, 100.00,  0.00,  0.00,  0.00,  0.00,  0.00,  0.00,  0.00,  0.00,  0.00,  0.00,  0.00,  0.00,  0.00,  0.00,  0.00,  0.00,  0.00,  0.00,  0.00,  0.00,   0.00,   0.00, -23.81,   0.00,   0.00,  1.00,   0.394,   0.000,  -0.211,  -0.183,    2.715,    0.835
WIN51-MAX,>81918,   7.84,   9.80,   51, 100.00, 19.61,  3.92, 11.76,  5.88,  7.84, 15.69,  3.92, 11.76,  9.80, 15.69,  5.88, 15.69,  9.80,  9.80,  7.84, 11.76, 11.76, 15.69,  9.80,  5.88,  15.69,  15.69,  11.76,  27.45,  15.69, 11.46,   0.604,   0.118,   0.473,   0.017,    4.045,    1.122
WIN51-MIN,>81918,  -1.96,  -1.96,   51, 100.00,  0.00,  0.00,  0.00,  0.00,  0.00,  0.00,  0.00,  0.00,  0.00,  0.00,  0.00,  0.00,  0.00,  0.00,  0.00,  0.00,  0.00,  0.00,  0.00,  0.00,   0.00,   1.96,  -9.80,   5.88,   0.00,  1.00,   0.447,   0.000,   0.007,  -0.123,    3.412,    0.932

WHOLE-SEQ,>85825,   1.65,   3.63,  303, 100.00, 11.22,  0.66,  5.94,  2.31,  3.63,  8.25,  0.99,  5.61,  4.29,  7.59,  1.98,  7.59,  4.62,  5.61,  2.64,  7.26,  5.61,  8.91,  2.64,  2.64,   6.93,   8.25,  -1.32,  15.18,   8.91,  5.42,   0.494,   0.013,   0.210,  -0.059,    4.083,    0.997
WIN21-MAX,>85825,   9.52,  14.29,   21, 100.00, 28.57,  9.52, 14.29, 14.29, 14.29, 28.57,  9.52, 14.29, 14.29, 28.57,  9.52, 19.05, 19.05, 14.29,  9.52, 23.81, 28.57, 28.57,  9.52,  9.52,  23.81,  23.81,  23.81,  33.33,  23.81, 14.00,   0.659,   0.238,   0.637,   0.097,    3.880,    1.220
WIN21-MIN,>85825,  -9.52,  -9.52,   21, 100.00,  0.00,  0.00,  0.00,  0.00,  0.00,  0.00,  0.00,  0.00,  0.00,  0.00,  0.00,  0.00,  0.00,  0.00,  0.00,  0.00,  0.00,  0.00,  0.00,  0.00,   0.00,   0.00, -23.81,   0.00,   0.00,  1.00,   0.380,   0.000,  -0.283,  -0.152,    2.715,    0.826
WIN51-MAX,>85825,   7.84,   9.80,   51, 100.00, 19.61,  3.92, 11.76,  5.88,  7.84, 15.69,  5.88,  9.80,  9.80, 15.69,  5.88, 13.73,  9.80,  7.84,  7.84, 13.73, 11.76, 15.69,  9.80,  5.88,  13.73,  15.69,  11.76,  25.49,  15.69, 11.46,   0.604,   0.118,   0.473,   0.019,    4.109,    1.113
WIN51-MIN,>85825,  -3.92,  -1.96,   51, 100.00,  0.00,  0.00,  0.00,  0.00,  0.00,  0.00,  0.00,  0.00,  0.00,  0.00,  0.00,  0.00,  0.00,  0.00,  0.00,  0.00,  0.00,  0.00,  0.00,  0.00,   0.00,   1.96,  -9.80,   5.88,   0.00,  1.00,   0.437,   0.000,  -0.006,  -0.106,    3.412,    0.932

WHOLE-SEQ,>15801,   1.65,   4.29,  303, 100.00, 11.22,  0.66,  6.27,  1.98,  3.63,  8.25,  0.66,  5.61,  4.29,  7.59,  1.98,  7.59,  4.29,  6.27,  2.64,  6.93,  5.61,  9.24,  2.64,  2.64,   6.93,   8.25,  -1.32,  15.18,   8.91,  5.20,   0.495,   0.013,   0.213,  -0.062,    4.066,    1.000
WIN21-MAX,>15801,   9.52,  14.29,   21, 100.00, 28.57,  9.52, 14.29,  9.52, 14.29, 28.57,  4.76, 14.29, 14.29, 28.57,  9.52, 19.05, 19.05, 14.29,  9.52, 23.81, 28.57, 28.57,  9.52,  9.52,  23.81,  19.05,  23.81,  33.33,  23.81, 14.00,   0.659,   0.238,   0.637,   0.097,    3.880,    1.220
WIN21-MIN,>15801,  -9.52,  -4.76,   21, 100.00,  0.00,  0.00,  0.00,  0.00,  0.00,  0.00,  0.00,  0.00,  0.00,  0.00,  0.00,  0.00,  0.00,  0.00,  0.00,  0.00,  0.00,  0.00,  0.00,  0.00,   0.00,   0.00, -19.05,   0.00,   0.00,  1.00,   0.394,   0.000,  -0.202,  -0.183,    2.715,    0.835
WIN51-MAX,>15801,   7.84,   9.80,   51, 100.00, 19.61,  3.92, 11.76,  3.92,  7.84, 15.69,  3.92,  9.80,  9.80, 15.69,  5.88, 15.69,  9.80,  9.80,  7.84, 13.73, 13.73, 15.69,  9.80,  5.88,  15.69,  15.69,  11.76,  27.45,  15.69, 11.46,   0.604,   0.118,   0.473,   0.019,    4.045,    1.119
WIN51-MIN,>15801,  -1.96,   0.00,   51, 100.00,  0.00,  0.00,  0.00,  0.00,  0.00,  0.00,  0.00,  0.00,  0.00,  0.00,  0.00,  0.00,  0.00,  0.00,  0.00,  0.00,  0.00,  0.00,  0.00,  0.00,   0.00,   1.96,  -9.80,   5.88,   0.00,  1.00,   0.444,   0.000,  -0.024,  -0.123,    3.412,    0.932

WHOLE-SEQ,>120570,   1.65,   3.96,  303, 100.00, 11.22,  0.99,  5.94,  1.98,  3.30,  8.25,  0.66,  5.61,  4.29,  7.59,  1.98,  8.25,  4.62,  5.94,  2.64,  6.60,  5.94,  8.91,  2.64,  2.64,   6.93,   7.92,  -0.99,  14.85,   8.58,  5.43,   0.492,   0.010,   0.210,  -0.058,    4.075,    0.996
WIN21-MAX,>120570,  14.29,  14.29,   21, 100.00, 28.57,  9.52, 14.29,  9.52,  9.52, 28.57,  4.76, 14.29, 14.29, 28.57,  9.52, 19.05, 19.05, 14.29,  9.52, 19.05, 28.57, 28.57,  9.52,  9.52,  23.81,  19.05,  23.81,  33.33,  19.05, 14.00,   0.659,   0.238,   0.637,   0.093,    3.880,    1.199
WIN21-MIN,>120570,  -9.52,  -4.76,   21, 100.00,  0.00,  0.00,  0.00,  0.00,  0.00,  0.00,  0.00,  0.00,  0.00,  0.00,  0.00,  0.00,  0.00,  0.00,  0.00,  0.00,  0.00,  0.00,  0.00,  0.00,   0.00,   0.00, -19.05,   0.00,   0.00,  1.00,   0.380,   0.000,  -0.236,  -0.152,    2.715,    0.821
WIN51-MAX,>120570,   7.84,   9.80,   51, 100.00, 19.61,  3.92, 11.76,  3.92,  7.84, 15.69,  3.92,  9.80,  9.80, 15.69,  3.92, 15.69,  9.80,  9.80,  7.84, 11.76, 11.76, 15.69,  9.80,  5.88,  13.73,  15.69,  11.76,  25.49,  17.65, 11.46,   0.603,   0.118,   0.470,   0.017,    4.109,    1.123
WIN51-MIN,>120570,  -3.92,   0.00,   51, 100.00,  0.00,  0.00,  0.00,  0.00,  0.00,  0.00,  0.00,  0.00,  0.00,  0.00,  0.00,  0.00,  0.00,  0.00,  0.00,  0.00,  0.00,  0.00,  0.00,  0.00,   0.00,   1.96,  -9.80,   5.88,   0.00,  1.00,   0.438,   0.000,  -0.003,  -0.105,    3.412,    0.932

WHOLE-SEQ,>18003,   1.32,   3.96,  303, 100.00, 11.22,  0.99,  5.94,  1.98,  3.63,  8.25,  0.66,  5.61,  3.96,  7.59,  1.65,  8.25,  4.62,  6.27,  2.64,  6.60,  5.94,  8.91,  2.64,  2.64,   6.60,   7.92,  -1.32,  14.52,   8.91,  5.18,   0.493,   0.013,   0.208,  -0.058,    4.070,    0.997
WIN21-MAX,>18003,   9.52,  14.29,   21, 100.00, 28.57,  9.52, 14.29,  9.52, 14.29, 28.57,  4.76, 14.29, 14.29, 28.57,  9.52, 19.05, 19.05, 14.29,  9.52, 19.05, 28.57, 28.57,  9.52,  9.52,  23.81,  19.05,  23.81,  33.33,  23.81, 14.00,   0.659,   0.238,   0.637,   0.091,    3.880,    1.220
WIN21-MIN,>18003,  -9.52,  -4.76,   21, 100.00,  0.00,  0.00,  0.00,  0.00,  0.00,  0.00,  0.00,  0.00,  0.00,  0.00,  0.00,  0.00,  0.00,  0.00,  0.00,  0.00,  0.00,  0.00,  0.00,  0.00,   0.00,   0.00, -19.05,   0.00,   0.00,  1.00,   0.380,   0.000,  -0.236,  -0.152,    2.715,    0.821
WIN51-MAX,>18003,   7.84,   9.80,   51, 100.00, 19.61,  3.92, 11.76,  3.92,  7.84, 15.69,  3.92,  9.80,  9.80, 15.69,  3.92, 15.69,  9.80,  9.80,  7.84, 11.76, 11.76, 15.69,  9.80,  5.88,  13.73,  15.69,  11.76,  25.49,  15.69, 11.46,   0.604,   0.118,   0.473,   0.016,    4.109,    1.110
WIN51-MIN,>18003,  -3.92,   0.00,   51, 100.00,  0.00,  0.00,  0.00,  0.00,  0.00,  0.00,  0.00,  0.00,  0.00,  0.00,  0.00,  0.00,  0.00,  0.00,  0.00,  0.00,  0.00,  0.00,  0.00,  0.00,   0.00,   1.96,  -9.80,   5.88,   0.00,  1.00,   0.438,   0.000,  -0.021,  -0.105,    3.412,    0.932

WHOLE-SEQ,>93993,   1.65,   3.96,  303, 100.00, 11.22,  0.99,  5.94,  1.98,  3.30,  8.25,  0.66,  5.61,  4.29,  7.59,  1.98,  8.25,  4.62,  5.94,  2.64,  6.60,  5.94,  8.91,  2.64,  2.64,   6.93,   7.92,  -0.99,  14.85,   8.58,  5.43,   0.492,   0.010,   0.210,  -0.058,    4.075,    0.996
WIN21-MAX,>93993,   9.52,  14.29,   21, 100.00, 28.57,  9.52, 14.29,  9.52, 14.29, 28.57,  4.76, 14.29, 14.29, 28.57,  9.52, 19.05, 19.05, 14.29,  9.52, 19.05, 28.57, 28.57,  9.52,  9.52,  23.81,  19.05,  23.81,  33.33,  23.81, 14.00,   0.659,   0.238,   0.637,   0.091,    3.916,    1.199
WIN21-MIN,>93993,  -9.52,  -4.76,   21, 100.00,  0.00,  0.00,  0.00,  0.00,  0.00,  0.00,  0.00,  0.00,  0.00,  0.00,  0.00,  0.00,  0.00,  0.00,  0.00,  0.00,  0.00,  0.00,  0.00,  0.00,   0.00,   0.00, -19.05,   0.00,   0.00,  1.00,   0.380,   0.000,  -0.236,  -0.152,    2.715,    0.821
WIN51-MAX,>93993,   7.84,   9.80,   51, 100.00, 19.61,  3.92, 11.76,  3.92,  7.84, 15.69,  3.92,  9.80,  9.80, 15.69,  3.92, 15.69,  9.80,  9.80,  7.84, 11.76, 11.76, 15.69,  9.80,  5.88,  13.73,  15.69,  11.76,  25.49,  15.69, 11.46,   0.603,   0.118,   0.470,   0.016,    4.109,    1.110
WIN51-MIN,>93993,  -3.92,   0.00,   51, 100.00,  0.00,  0.00,  0.00,  0.00,  0.00,  0.00,  0.00,  0.00,  0.00,  0.00,  0.00,  0.00,  0.00,  0.00,  0.00,  0.00,  0.00,  0.00,  0.00,  0.00,   0.00,   1.96,  -9.80,   5.88,   0.00,  1.00,   0.437,   0.000,  -0.021,  -0.105,    3.412,    0.932

WHOLE-SEQ,>40657,   1.32,   3.63,  303, 100.00, 11.22,  0.66,  5.94,  2.31,  3.30,  8.25,  0.99,  5.61,  4.29,  7.59,  1.98,  7.26,  4.29,  5.94,  2.97,  7.26,  5.61,  9.24,  2.64,  2.64,   7.26,   8.25,  -0.99,  15.51,   8.58,  5.75,   0.493,   0.010,   0.212,  -0.063,    4.082,    1.000
WIN21-MAX,>40657,   9.52,  14.29,   21, 100.00, 28.57,  9.52, 14.29, 14.29,  9.52, 28.57,  9.52, 14.29, 14.29, 28.57,  9.52, 19.05, 19.05, 14.29,  9.52, 23.81, 28.57, 28.57,  9.52,  9.52,  23.81,  23.81,  23.81,  33.33,  19.05, 14.00,   0.659,   0.238,   0.637,   0.099,    3.880,    1.220
WIN21-MIN,>40657,  -9.52,  -9.52,   21, 100.00,  0.00,  0.00,  0.00,  0.00,  0.00,  0.00,  0.00,  0.00,  0.00,  0.00,  0.00,  0.00,  0.00,  0.00,  0.00,  0.00,  0.00,  0.00,  0.00,  0.00,   0.00,   0.00, -23.81,   0.00,   0.00,  1.00,   0.394,   0.000,  -0.211,  -0.183,    2.715,    0.828
WIN51-MAX,>40657,   7.84,   9.80,   51, 100.00, 19.61,  3.92, 11.76,  5.88,  7.84, 15.69,  5.88,  9.80,  9.80, 15.69,  5.88, 13.73,  9.80,  9.80,  7.84, 13.73, 13.73, 15.69,  9.80,  5.88,  15.69,  15.69,  11.76,  27.45,  15.69, 11.46,   0.604,   0.118,   0.473,   0.020,    4.045,    1.119
WIN51-MIN,>40657,  -1.96,  -1.96,   51, 100.00,  0.00,  0.00,  0.00,  0.00,  0.00,  0.00,  0.00,  0.00,  0.00,  0.00,  0.00,  0.00,  0.00,  0.00,  0.00,  0.00,  0.00,  0.00,  0.00,  0.00,   0.00,   1.96,  -9.80,   5.88,   0.00,  1.00,   0.447,   0.000,  -0.006,  -0.123,    3.412,    0.932

WHOLE-SEQ,>48075,   1.65,   3.96,  303, 100.00, 11.22,  0.66,  6.27,  2.31,  3.30,  8.25,  0.99,  5.94,  4.29,  7.59,  1.98,  7.26,  4.62,  5.94,  2.64,  6.93,  5.28,  9.24,  2.64,  2.64,   6.93,   8.58,  -1.65,  15.51,   8.58,  5.21,   0.495,   0.017,   0.211,  -0.062,    4.080,    0.999
WIN21-MAX,>48075,  14.29,  14.29,   21, 100.00, 28.57,  9.52, 14.29,  9.52,  9.52, 28.57,  9.52, 14.29, 14.29, 28.57,  9.52, 19.05, 19.05, 14.29,  9.52, 19.05, 23.81, 28.57,  9.52,  9.52,  23.81,  19.05,  23.81,  33.33,  19.05, 14.00,   0.659,   0.238,   0.637,   0.093,    3.880,    1.220
WIN21-MIN,>48075,  -9.52,  -4.76,   21, 100.00,  0.00,  0.00,  0.00,  0.00,  0.00,  0.00,  0.00,  0.00,  0.00,  0.00,  0.00,  0.00,  0.00,  0.00,  0.00,  0.00,  0.00,  0.00,  0.00,  0.00,   0.00,   0.00, -19.05,   0.00,   0.00,  1.00,   0.394,   0.000,  -0.202,  -0.152,    2.715,    0.835
WIN51-MAX,>48075,   7.84,   9.80,   51, 100.00, 19.61,  3.92, 11.76,  5.88,  7.84, 15.69,  5.88, 11.76,  9.80, 15.69,  5.88, 11.76,  9.80,  9.80,  7.84, 11.76,  9.80, 15.69,  9.80,  5.88,  13.73,  15.69,   9.80,  25.49,  15.69, 10.98,   0.604,   0.098,   0.473,   0.017,    4.109,    1.124
WIN51-MIN,>48075,  -3.92,   0.00,   51, 100.00,  0.00,  0.00,  0.00,  0.00,  0.00,  0.00,  0.00,  0.00,  0.00,  0.00,  0.00,  0.00,  0.00,  0.00,  0.00,  0.00,  0.00,  0.00,  0.00,  0.00,   0.00,   1.96,  -9.80,   5.88,   0.00,  1.00,   0.448,   0.000,   0.027,  -0.107,    3.412,    0.932

WHOLE-SEQ,>113228,   1.65,   3.96,  303, 100.00, 11.22,  0.66,  6.27,  2.31,  3.30,  8.25,  0.99,  5.94,  4.29,  7.59,  1.98,  7.26,  4.62,  5.94,  2.64,  6.93,  5.28,  9.24,  2.64,  2.64,   6.93,   8.58,  -1.65,  15.51,   8.58,  5.21,   0.495,   0.017,   0.211,  -0.062,    4.080,    0.999
WIN21-MAX,>113228,  14.29,  14.29,   21, 100.00, 28.57,  9.52, 14.29,  9.52,  9.52, 28.57,  9.52, 14.29, 14.29, 28.57,  9.52, 19.05, 19.05, 14.29,  9.52, 23.81, 23.81, 28.57,  9.52,  9.52,  23.81,  19.05,  23.81,  33.33,  19.05, 14.00,   0.659,   0.238,   0.637,   0.099,    3.880,    1.220
WIN21-MIN,>113228,  -9.52,  -4.76,   21, 100.00,  0.00,  0.00,  0.00,  0.00,  0.00,  0.00,  0.00,  0.00,  0.00,  0.00,  0.00,  0.00,  0.00,  0.00,  0.00,  0.00,  0.00,  0.00,  0.00,  0.00,   0.00,   0.00, -19.05,   0.00,   0.00,  1.00,   0.394,   0.000,  -0.202,  -0.152,    2.715,    0.828
WIN51-MAX,>113228,   7.84,   9.80,   51, 100.00, 19.61,  3.92, 11.76,  5.88,  7.84, 15.69,  5.88, 11.76,  9.80, 15.69,  5.88, 13.73,  9.80,  9.80,  7.84, 13.73, 11.76, 15.69,  9.80,  5.88,  13.73,  15.69,   9.80,  25.49,  15.69, 10.98,   0.604,   0.098,   0.473,   0.020,    4.109,    1.120
WIN51-MIN,>113228,  -3.92,   0.00,   51, 100.00,  0.00,  0.00,  0.00,  0.00,  0.00,  0.00,  0.00,  0.00,  0.00,  0.00,  0.00,  0.00,  0.00,  0.00,  0.00,  0.00,  0.00,  0.00,  0.00,  0.00,   0.00,   1.96,  -9.80,   5.88,   0.00,  1.00,   0.448,   0.000,   0.027,  -0.111,    3.412,    0.932

WHOLE-SEQ,>89213,   1.98,   3.96,  303, 100.00, 11.22,  0.66,  5.94,  1.98,  3.30,  8.25,  0.66,  5.61,  4.62,  7.59,  2.31,  7.92,  4.62,  5.61,  2.64,  6.60,  5.94,  9.24,  2.64,  2.64,   7.26,   7.92,  -0.66,  15.18,   8.58,  5.84,   0.495,   0.007,   0.220,  -0.060,    4.071,    0.999
WIN21-MAX,>89213,  14.29,  14.29,   21, 100.00, 28.57,  9.52, 14.29,  9.52,  9.52, 28.57,  4.76, 14.29, 14.29, 28.57,  9.52, 19.05, 19.05, 14.29,  9.52, 19.05, 28.57, 28.57,  9.52,  9.52,  23.81,  19.05,  23.81,  33.33,  19.05, 14.00,   0.659,   0.238,   0.637,   0.093,    3.880,    1.199
WIN21-MIN,>89213,  -9.52,  -4.76,   21, 100.00,  0.00,  0.00,  0.00,  0.00,  0.00,  0.00,  0.00,  0.00,  0.00,  0.00,  0.00,  0.00,  0.00,  0.00,  0.00,  0.00,  0.00,  0.00,  0.00,  0.00,   0.00,   0.00, -19.05,   0.00,   0.00,  1.00,   0.394,   0.000,  -0.202,  -0.152,    2.715,    0.835
WIN51-MAX,>89213,   7.84,   9.80,   51, 100.00, 19.61,  3.92, 11.76,  3.92,  7.84, 15.69,  3.92,  9.80,  9.80, 15.69,  5.88, 15.69,  9.80,  7.84,  7.84, 11.76, 13.73, 15.69,  9.80,  5.88,  13.73,  15.69,  11.76,  25.49,  17.65, 11.46,   0.603,   0.118,   0.470,   0.017,    4.109,    1.117
WIN51-MIN,>89213,  -3.92,   0.00,   51, 100.00,  0.00,  0.00,  0.00,  0.00,  0.00,  0.00,  0.00,  0.00,  0.00,  0.00,  0.00,  0.00,  0.00,  0.00,  0.00,  0.00,  0.00,  0.00,  0.00,  0.00,   0.00,   1.96,  -9.80,   5.88,   0.00,  1.00,   0.447,   0.000,   0.014,  -0.110,    3.412,    0.932

WHOLE-SEQ,>4006,   1.65,   4.29,  303, 100.00, 11.22,  0.66,  6.27,  1.98,  3.63,  8.25,  0.66,  5.61,  4.29,  7.59,  1.98,  7.59,  4.29,  6.27,  2.64,  6.93,  5.61,  9.24,  2.64,  2.64,   6.93,   8.25,  -1.32,  15.18,   8.91,  5.20,   0.495,   0.013,   0.213,  -0.062,    4.066,    1.000
WIN21-MAX,>4006,   9.52,  14.29,   21, 100.00, 28.57,  9.52, 14.29,  9.52, 14.29, 28.57,  4.76, 14.29, 14.29, 28.57,  9.52, 19.05, 19.05, 14.29,  9.52, 19.05, 28.57, 28.57,  9.52,  9.52,  23.81,  19.05,  23.81,  33.33,  23.81, 14.00,   0.659,   0.238,   0.637,   0.091,    3.880,    1.220
WIN21-MIN,>4006,  -9.52,  -4.76,   21, 100.00,  0.00,  0.00,  0.00,  0.00,  0.00,  0.00,  0.00,  0.00,  0.00,  0.00,  0.00,  0.00,  0.00,  0.00,  0.00,  0.00,  0.00,  0.00,  0.00,  0.00,   0.00,   0.00, -19.05,   0.00,   0.00,  1.00,   0.394,   0.000,  -0.202,  -0.183,    2.715,    0.835
WIN51-MAX,>4006,   7.84,   9.80,   51, 100.00, 19.61,  3.92, 11.76,  3.92,  7.84, 15.69,  3.92,  9.80,  9.80, 15.69,  5.88, 13.73,  9.80,  9.80,  7.84, 11.76, 11.76, 15.69,  9.80,  5.88,  15.69,  15.69,  11.76,  27.45,  15.69, 11.46,   0.604,   0.118,   0.473,   0.016,    4.045,    1.108
WIN51-MIN,>4006,  -1.96,   0.00,   51, 100.00,  0.00,  0.00,  0.00,  0.00,  0.00,  0.00,  0.00,  0.00,  0.00,  0.00,  0.00,  0.00,  0.00,  0.00,  0.00,  0.00,  0.00,  0.00,  0.00,  0.00,   0.00,   1.96,  -9.80,   5.88,   0.00,  1.00,   0.441,   0.000,  -0.008,  -0.118,    3.412,    0.932

WHOLE-SEQ,>43339,   1.32,   3.63,  303, 100.00, 11.22,  0.99,  5.94,  2.31,  3.63,  8.25,  0.66,  5.61,  3.96,  7.59,  1.65,  7.59,  4.62,  6.27,  2.64,  7.26,  5.61,  8.91,  2.64,  2.64,   6.60,   8.25,  -1.65,  14.85,   8.91,  4.99,   0.494,   0.017,   0.208,  -0.059,    4.076,    0.997
WIN21-MAX,>43339,   9.52,  14.29,   21, 100.00, 28.57,  9.52, 14.29, 14.29, 14.29, 28.57,  4.76, 14.29, 14.29, 28.57,  9.52, 19.05, 19.05, 14.29,  9.52, 23.81, 28.57, 28.57,  9.52,  9.52,  23.81,  23.81,  23.81,  33.33,  23.81, 14.00,   0.659,   0.238,   0.637,   0.097,    3.880,    1.220
WIN21-MIN,>43339,  -9.52,  -9.52,   21, 100.00,  0.00,  0.00,  0.00,  0.00,  0.00,  0.00,  0.00,  0.00,  0.00,  0.00,  0.00,  0.00,  0.00,  0.00,  0.00,  0.00,  0.00,  0.00,  0.00,  0.00,   0.00,   0.00, -23.81,   0.00,   0.00,  1.00,   0.380,   0.000,  -0.283,  -0.152,    2.715,    0.826
WIN51-MAX,>43339,   7.84,   9.80,   51, 100.00, 19.61,  3.92, 11.76,  5.88,  7.84, 15.69,  3.92,  9.80,  9.80, 15.69,  3.92, 13.73,  9.80,  9.80,  7.84, 13.73, 11.76, 15.69,  9.80,  5.88,  13.73,  15.69,  11.76,  25.49,  15.69, 11.46,   0.604,   0.118,   0.473,   0.019,    4.109,    1.115
WIN51-MIN,>43339,  -3.92,  -1.96,   51, 100.00,  0.00,  0.00,  0.00,  0.00,  0.00,  0.00,  0.00,  0.00,  0.00,  0.00,  0.00,  0.00,  0.00,  0.00,  0.00,  0.00,  0.00,  0.00,  0.00,  0.00,   0.00,   1.96,  -9.80,   5.88,   0.00,  1.00,   0.438,   0.000,  -0.022,  -0.108,    3.412,    0.932

WHOLE-SEQ,>52557,   1.98,   3.96,  303, 100.00, 11.22,  0.99,  5.94,  1.98,  3.63,  8.25,  0.66,  5.61,  4.29,  7.59,  1.65,  7.92,  4.62,  6.27,  2.31,  6.93,  5.94,  8.91,  2.64,  2.64,   6.60,   7.92,  -1.32,  14.52,   8.91,  5.18,   0.494,   0.013,   0.212,  -0.058,    4.068,    0.997
WIN21-MAX,>52557,  14.29,  14.29,   21, 100.00, 28.57,  9.52, 14.29,  9.52, 14.29, 28.57,  4.76, 14.29, 14.29, 28.57,  9.52, 19.05, 19.05, 14.29,  9.52, 23.81, 28.57, 28.57,  9.52,  9.52,  23.81,  19.05,  23.81,  33.33,  23.81, 14.00,   0.659,   0.238,   0.637,   0.097,    3.880,    1.220
WIN21-MIN,>52557,  -9.52,  -4.76,   21, 100.00,  0.00,  0.00,  0.00,  0.00,  0.00,  0.00,  0.00,  0.00,  0.00,  0.00,  0.00,  0.00,  0.00,  0.00,  0.00,  0.00,  0.00,  0.00,  0.00,  0.00,   0.00,   0.00, -19.05,   0.00,   0.00,  1.00,   0.380,   0.000,  -0.236,  -0.152,    2.715,    0.821
WIN51-MAX,>52557,   7.84,   9.80,   51, 100.00, 19.61,  3.92, 11.76,  3.92,  7.84, 15.69,  3.92,  9.80,  9.80, 15.69,  3.92, 15.69,  9.80,  9.80,  7.84, 13.73, 13.73, 15.69,  9.80,  5.88,  13.73,  15.69,  11.76,  25.49,  15.69, 11.46,   0.604,   0.118,   0.473,   0.019,    4.109,    1.111
WIN51-MIN,>52557,  -3.92,   0.00,   51, 100.00,  0.00,  0.00,  0.00,  0.00,  0.00,  0.00,  0.00,  0.00,  0.00,  0.00,  0.00,  0.00,  0.00,  0.00,  0.00,  0.00,  0.00,  0.00,  0.00,  0.00,   0.00,   1.96,  -9.80,   5.88,   0.00,  1.00,   0.438,   0.000,  -0.021,  -0.110,    3.412,    0.932

WHOLE-SEQ,>111937,   1.65,   3.96,  303, 100.00, 11.55,  0.99,  5.94,  1.98,  3.30,  8.25,  0.66,  5.94,  4.29,  7.59,  1.65,  7.92,  4.62,  6.27,  2.64,  6.60,  5.61,  9.24,  2.31,  2.64,   6.93,   7.92,  -0.99,  14.85,   8.25,  5.43,   0.496,   0.010,   0.221,  -0.061,    4.061,    0.999
WIN21-MAX,>111937,  14.29,  14.29,   21, 100.00, 28.57,  9.52, 14.29,  9.52,  9.52, 28.57,  4.76, 14.29, 14.29, 28.57,  9.52, 19.05, 19.05, 14.29,  9.52, 19.05, 23.81, 28.57,  9.52,  9.52,  23.81,  19.05,  23.81,  33.33,  19.05, 14.00,   0.659,   0.238,   0.637,   0.092,    3.880,    1.220
WIN21-MIN,>111937,  -9.52,  -4.76,   21, 100.00,  0.00,  0.00,  0.00,  0.00,  0.00,  0.00,  0.00,  0.00,  0.00,  0.00,  0.00,  0.00,  0.00,  0.00,  0.00,  0.00,  0.00,  0.00,  0.00,  0.00,   0.00,   0.00, -19.05,   0.00,   0.00,  1.00,   0.397,   0.000,  -0.202,  -0.152,    2.715,    0.820
WIN51-MAX,>111937,   7.84,   9.80,   51, 100.00, 19.61,  3.92, 11.76,  3.92,  7.84, 15.69,  3.92, 11.76,  9.80, 15.69,  3.92, 15.69,  9.80,  9.80,  7.84, 11.76, 11.76, 15.69,  9.80,  5.88,  13.73,  15.69,  11.76,  25.49,  15.69, 11.46,   0.604,   0.118,   0.473,   0.017,    4.109,    1.120
WIN51-MIN,>111937,  -3.92,   0.00,   51, 100.00,  0.00,  0.00,  0.00,  0.00,  0.00,  0.00,  0.00,  0.00,  0.00,  0.00,  0.00,  0.00,  0.00,  0.00,  0.00,  0.00,  0.00,  0.00,  0.00,  0.00,   0.00,   1.96,  -9.80,   5.88,   0.00,  1.00,   0.448,   0.000,   0.011,  -0.110,    3.412,    0.932

WHOLE-SEQ,>99354,   1.65,   3.63,  303, 100.00, 11.22,  0.99,  5.94,  2.31,  3.30,  8.25,  0.99,  5.61,  4.29,  7.59,  1.65,  7.59,  4.62,  5.94,  2.64,  6.93,  5.61,  9.24,  2.64,  2.64,   6.93,   8.25,  -1.32,  15.18,   8.58,  5.42,   0.493,   0.013,   0.210,  -0.060,    4.083,    0.999
WIN21-MAX,>99354,  14.29,  14.29,   21, 100.00, 28.57,  9.52, 14.29, 14.29,  9.52, 28.57,  9.52, 14.29, 14.29, 28.57,  9.52, 19.05, 19.05, 14.29,  9.52, 19.05, 28.57, 28.57,  9.52,  9.52,  23.81,  23.81,  23.81,  33.33,  19.05, 14.00,   0.659,   0.238,   0.637,   0.093,    3.880,    1.220
WIN21-MIN,>99354,  -9.52,  -9.52,   21, 100.00,  0.00,  0.00,  0.00,  0.00,  0.00,  0.00,  0.00,  0.00,  0.00,  0.00,  0.00,  0.00,  0.00,  0.00,  0.00,  0.00,  0.00,  0.00,  0.00,  0.00,   0.00,   0.00, -23.81,   0.00,   0.00,  1.00,   0.394,   0.000,  -0.211,  -0.152,    2.715,    0.835
WIN51-MAX,>99354,   7.84,   9.80,   51, 100.00, 19.61,  3.92, 11.76,  5.88,  7.84, 15.69,  5.88,  9.80,  9.80, 15.69,  3.92, 13.73,  9.80,  9.80,  7.84, 11.76, 11.76, 15.69,  9.80,  5.88,  13.73,  15.69,  11.76,  25.49,  15.69, 11.46,   0.604,   0.118,   0.473,   0.017,    4.109,    1.119
WIN51-MIN,>99354,  -3.92,  -1.96,   51, 100.00,  0.00,  0.00,  0.00,  0.00,  0.00,  0.00,  0.00,  0.00,  0.00,  0.00,  0.00,  0.00,  0.00,  0.00,  0.00,  0.00,  0.00,  0.00,  0.00,  0.00,   0.00,   1.96,  -9.80,   5.88,   0.00,  1.00,   0.441,   0.000,  -0.002,  -0.108,    3.412,    0.932

WHOLE-SEQ,>112135,   1.65,   3.63,  303, 100.00, 11.22,  0.99,  5.94,  2.31,  3.30,  8.25,  0.99,  5.61,  4.29,  7.59,  1.65,  7.59,  4.62,  5.94,  2.64,  6.93,  5.61,  9.24,  2.64,  2.64,   6.93,   8.25,  -1.32,  15.18,   8.58,  5.42,   0.493,   0.013,   0.210,  -0.060,    4.083,    0.999
WIN21-MAX,>112135,  14.29,  14.29,   21, 100.00, 28.57,  9.52, 14.29,  9.52,  9.52, 28.57,  9.52, 14.29, 14.29, 28.57,  9.52, 19.05, 19.05, 14.29,  9.52, 19.05, 28.57, 28.57,  9.52,  9.52,  23.81,  19.05,  23.81,  33.33,  19.05, 14.00,   0.659,   0.238,   0.637,   0.093,    3.880,    1.220
WIN21-MIN,>112135,  -9.52,  -4.76,   21, 100.00,  0.00,  0.00,  0.00,  0.00,  0.00,  0.00,  0.00,  0.00,  0.00,  0.00,  0.00,  0.00,  0.00,  0.00,  0.00,  0.00,  0.00,  0.00,  0.00,  0.00,   0.00,   0.00, -19.05,   0.00,   0.00,  1.00,   0.394,   0.000,  -0.202,  -0.152,    2.715,    0.835
WIN51-MAX,>112135,   7.84,   9.80,   51, 100.00, 19.61,  3.92, 11.76,  5.88,  7.84, 15.69,  5.88,  9.80,  9.80, 15.69,  3.92, 13.73,  9.80,  9.80,  7.84, 11.76, 11.76, 15.69,  9.80,  5.88,  13.73,  15.69,   9.80,  25.49,  15.69, 10.98,   0.604,   0.098,   0.473,   0.017,    4.109,    1.121
WIN51-MIN,>112135,  -3.92,   0.00,   51, 100.00,  0.00,  0.00,  0.00,  0.00,  0.00,  0.00,  0.00,  0.00,  0.00,  0.00,  0.00,  0.00,  0.00,  0.00,  0.00,  0.00,  0.00,  0.00,  0.00,  0.00,   0.00,   1.96,  -9.80,   5.88,   0.00,  1.00,   0.441,   0.000,   0.017,  -0.105,    3.412,    0.932

WHOLE-SEQ,>10427,   1.32,   4.29,  303, 100.00, 11.22,  0.66,  6.27,  1.98,  3.63,  8.25,  0.66,  5.61,  4.29,  7.59,  1.98,  7.92,  4.62,  5.61,  2.97,  6.60,  5.61,  9.24,  2.64,  2.64,   7.26,   8.25,  -0.99,  15.51,   8.91,  5.44,   0.494,   0.010,   0.215,  -0.059,    4.070,    0.998
WIN21-MAX,>10427,   9.52,  14.29,   21, 100.00, 28.57,  9.52, 14.29,  9.52,  9.52, 28.57,  4.76, 14.29, 14.29, 28.57,  9.52, 19.05, 19.05, 14.29,  9.52, 19.05, 28.57, 28.57,  9.52,  9.52,  23.81,  19.05,  23.81,  33.33,  19.05, 14.00,   0.659,   0.238,   0.637,   0.093,    3.880,    1.220
WIN21-MIN,>10427,  -9.52,  -4.76,   21, 100.00,  0.00,  0.00,  0.00,  0.00,  0.00,  0.00,  0.00,  0.00,  0.00,  0.00,  0.00,  0.00,  0.00,  0.00,  0.00,  0.00,  0.00,  0.00,  0.00,  0.00,   0.00,   0.00, -19.05,   0.00,   0.00,  1.00,   0.394,   0.000,  -0.202,  -0.152,    2.715,    0.835
WIN51-MAX,>10427,   7.84,   9.80,   51, 100.00, 19.61,  3.92, 11.76,  3.92,  7.84, 15.69,  3.92,  9.80,  9.80, 15.69,  5.88, 15.69,  9.80,  7.84,  7.84, 11.76, 11.76, 15.69,  9.80,  5.88,  13.73,  15.69,  11.76,  25.49,  17.65, 11.46,   0.604,   0.118,   0.473,   0.017,    4.109,    1.117
WIN51-MIN,>10427,  -3.92,   0.00,   51, 100.00,  0.00,  0.00,  0.00,  0.00,  0.00,  0.00,  0.00,  0.00,  0.00,  0.00,  0.00,  0.00,  0.00,  0.00,  0.00,  0.00,  0.00,  0.00,  0.00,  0.00,   0.00,   1.96,  -9.80,   5.88,   0.00,  1.00,   0.441,   0.000,   0.014,  -0.105,    3.412,    0.932

WHOLE-SEQ,>1064,   1.32,   4.29,  303, 100.00, 11.22,  0.66,  6.27,  1.98,  3.63,  8.25,  0.66,  5.61,  3.96,  7.59,  1.98,  7.59,  4.62,  6.27,  2.64,  7.26,  5.61,  8.91,  2.64,  2.64,   6.60,   8.25,  -1.65,  14.85,   8.91,  4.98,   0.494,   0.017,   0.207,  -0.058,    4.067,    0.995
WIN21-MAX,>1064,   9.52,  14.29,   21, 100.00, 28.57,  9.52, 14.29,  9.52, 14.29, 28.57,  4.76, 14.29, 14.29, 28.57,  9.52, 19.05, 19.05, 14.29,  9.52, 23.81, 28.57, 28.57,  9.52,  9.52,  23.81,  19.05,  23.81,  33.33,  23.81, 14.00,   0.659,   0.238,   0.637,   0.097,    3.880,    1.220
WIN21-MIN,>1064,  -9.52,  -4.76,   21, 100.00,  0.00,  0.00,  0.00,  0.00,  0.00,  0.00,  0.00,  0.00,  0.00,  0.00,  0.00,  0.00,  0.00,  0.00,  0.00,  0.00,  0.00,  0.00,  0.00,  0.00,   0.00,   0.00, -19.05,   0.00,   0.00,  1.00,   0.380,   0.000,  -0.236,  -0.152,    2.715,    0.821
WIN51-MAX,>1064,   7.84,   9.80,   51, 100.00, 19.61,  3.92, 11.76,  3.92,  7.84, 15.69,  3.92,  9.80,  9.80, 15.69,  5.88, 13.73,  9.80,  9.80,  7.84, 13.73, 11.76, 15.69,  9.80,  5.88,  13.73,  15.69,  11.76,  25.49,  15.69, 11.46,   0.604,   0.118,   0.473,   0.019,    4.109,    1.108
WIN51-MIN,>1064,  -3.92,   0.00,   51, 100.00,  0.00,  0.00,  0.00,  0.00,  0.00,  0.00,  0.00,  0.00,  0.00,  0.00,  0.00,  0.00,  0.00,  0.00,  0.00,  0.00,  0.00,  0.00,  0.00,  0.00,   0.00,   1.96,  -9.80,   5.88,   0.00,  1.00,   0.438,   0.000,  -0.008,  -0.105,    3.412,    0.932

WHOLE-SEQ,>42883,   1.65,   3.96,  303, 100.00, 11.22,  0.99,  6.27,  2.31,  3.30,  8.25,  0.99,  5.61,  4.29,  7.59,  1.98,  6.93,  4.62,  5.94,  2.64,  7.26,  5.61,  8.91,  2.64,  2.64,   6.93,   8.58,  -1.65,  15.51,   8.58,  5.21,   0.493,   0.017,   0.207,  -0.060,    4.092,    0.996
WIN21-MAX,>42883,  14.29,  14.29,   21, 100.00, 28.57,  9.52, 14.29, 14.29,  9.52, 28.57,  9.52, 14.29, 14.29, 28.57,  9.52, 19.05, 19.05, 14.29,  9.52, 23.81, 28.57, 28.57,  9.52,  9.52,  23.81,  23.81,  23.81,  33.33,  19.05, 14.00,   0.659,   0.238,   0.637,   0.099,    3.880,    1.220
WIN21-MIN,>42883,  -9.52,  -9.52,   21, 100.00,  0.00,  0.00,  0.00,  0.00,  0.00,  0.00,  0.00,  0.00,  0.00,  0.00,  0.00,  0.00,  0.00,  0.00,  0.00,  0.00,  0.00,  0.00,  0.00,  0.00,   0.00,   0.00, -23.81,   0.00,   0.00,  1.00,   0.380,   0.000,  -0.283,  -0.152,    2.715,    0.826
WIN51-MAX,>42883,   7.84,   9.80,   51, 100.00, 19.61,  3.92, 11.76,  5.88,  7.84, 15.69,  5.88,  9.80,  9.80, 15.69,  5.88, 13.73,  9.80,  9.80,  7.84, 13.73, 13.73, 15.69,  9.80,  5.88,  13.73,  15.69,  11.76,  25.49,  15.69, 11.46,   0.604,   0.118,   0.473,   0.020,    4.109,    1.119
WIN51-MIN,>42883,  -3.92,  -1.96,   51, 100.00,  0.00,  0.00,  0.00,  0.00,  0.00,  0.00,  0.00,  0.00,  0.00,  0.00,  0.00,  0.00,  0.00,  0.00,  0.00,  0.00,  0.00,  0.00,  0.00,  0.00,   0.00,   1.96,  -9.80,   5.88,   0.00,  1.00,   0.438,   0.000,  -0.022,  -0.110,    3.412,    0.927

WHOLE-SEQ,>5152,   1.32,   3.96,  303, 100.00, 11.55,  0.66,  5.94,  1.98,  3.63,  8.25,  0.66,  5.61,  3.96,  7.59,  1.98,  7.92,  4.62,  6.27,  2.64,  6.60,  6.27,  8.91,  2.31,  2.64,   6.60,   7.92,  -1.32,  14.52,   8.58,  5.18,   0.495,   0.013,   0.213,  -0.059,    4.060,    0.996
WIN21-MAX,>5152,   9.52,  14.29,   21, 100.00, 28.57,  9.52, 14.29,  9.52, 14.29, 28.57,  4.76, 14.29, 14.29, 28.57,  9.52, 19.05, 19.05, 14.29,  9.52, 19.05, 28.57, 28.57,  9.52,  9.52,  23.81,  19.05,  23.81,  33.33,  19.05, 14.00,   0.659,   0.238,   0.637,   0.090,    3.880,    1.220
WIN21-MIN,>5152,  -9.52,  -4.76,   21, 100.00,  0.00,  0.00,  0.00,  0.00,  0.00,  0.00,  0.00,  0.00,  0.00,  0.00,  0.00,  0.00,  0.00,  0.00,  0.00,  0.00,  0.00,  0.00,  0.00,  0.00,   0.00,   0.00, -19.05,   0.00,   0.00,  1.00,   0.380,   0.000,  -0.236,  -0.152,    2.715,    0.821
WIN51-MAX,>5152,   7.84,   9.80,   51, 100.00, 19.61,  3.92, 11.76,  3.92,  7.84, 15.69,  3.92,  9.80,  9.80, 15.69,  5.88, 15.69,  9.80,  9.80,  7.84, 11.76, 13.73, 15.69,  9.80,  5.88,  13.73,  15.69,  11.76,  25.49,  15.69, 11.46,   0.604,   0.118,   0.473,   0.016,    4.109,    1.111
WIN51-MIN,>5152,  -3.92,   0.00,   51, 100.00,  0.00,  0.00,  0.00,  0.00,  0.00,  0.00,  0.00,  0.00,  0.00,  0.00,  0.00,  0.00,  0.00,  0.00,  0.00,  0.00,  0.00,  0.00,  0.00,  0.00,   0.00,   1.96,  -9.80,   5.88,   0.00,  1.00,   0.437,   0.000,  -0.024,  -0.110,    3.412,    0.930

WHOLE-SEQ,>89254,   1.65,   3.63,  303, 100.00, 11.22,  0.66,  5.94,  2.31,  3.30,  8.25,  0.66,  5.94,  4.62,  7.59,  1.98,  7.59,  4.29,  5.94,  2.97,  6.60,  5.61,  9.24,  2.64,  2.64,   7.59,   8.25,  -0.66,  15.84,   8.58,  5.86,   0.494,   0.007,   0.217,  -0.065,    4.074,    1.002
WIN21-MAX,>89254,   9.52,  14.29,   21, 100.00, 28.57,  9.52, 14.29,  9.52,  9.52, 28.57,  4.76, 14.29, 14.29, 28.57,  9.52, 19.05, 19.05, 14.29,  9.52, 19.05, 23.81, 28.57,  9.52,  9.52,  23.81,  19.05,  23.81,  33.33,  19.05, 14.00,   0.659,   0.238,   0.637,   0.093,    3.880,    1.220
WIN21-MIN,>89254,  -9.52,  -4.76,   21, 100.00,  0.00,  0.00,  0.00,  0.00,  0.00,  0.00,  0.00,  0.00,  0.00,  0.00,  0.00,  0.00,  0.00,  0.00,  0.00,  0.00,  0.00,  0.00,  0.00,  0.00,   0.00,   0.00, -19.05,   0.00,   0.00,  1.00,   0.394,   0.000,  -0.202,  -0.183,    2.715,    0.835
WIN51-MAX,>89254,   7.84,   9.80,   51, 100.00, 19.61,  3.92, 11.76,  5.88,  7.84, 15.69,  3.92, 11.76,  9.80, 15.69,  5.88, 13.73,  9.80,  9.80,  7.84, 11.76, 11.76, 15.69,  9.80,  5.88,  15.69,  15.69,   9.80,  27.45,  15.69, 11.26,   0.604,   0.098,   0.473,   0.017,    4.060,    1.122
WIN51-MIN,>89254,  -1.96,   0.00,   51, 100.00,  0.00,  0.00,  0.00,  0.00,  0.00,  0.00,  0.00,  0.00,  0.00,  0.00,  0.00,  0.00,  0.00,  0.00,  0.00,  0.00,  0.00,  0.00,  0.00,  0.00,   0.00,   1.96,  -9.80,   5.88,   0.00,  1.00,   0.447,   0.000,   0.027,  -0.123,    3.412,    0.932

WHOLE-SEQ,>53241,   1.65,   3.96,  303, 100.00, 11.22,  0.99,  6.27,  2.31,  2.97,  8.25,  0.66,  5.94,  4.29,  7.59,  1.98,  7.26,  4.62,  6.27,  2.64,  6.93,  5.61,  8.91,  2.64,  2.64,   6.93,   8.58,  -1.65,  15.51,   8.25,  5.01,   0.493,   0.017,   0.205,  -0.061,    4.079,    0.996
WIN21-MAX,>53241,  14.29,  14.29,   21, 100.00, 28.57,  9.52, 14.29,  9.52,  9.52, 28.57,  4.76, 14.29, 14.29, 28.57,  9.52, 19.05, 19.05, 14.29,  9.52, 19.05, 23.81, 28.57,  9.52,  9.52,  23.81,  19.05,  23.81,  33.33,  19.05, 14.00,   0.659,   0.238,   0.637,   0.093,    3.880,    1.199
WIN21-MIN,>53241,  -9.52,  -4.76,   21, 100.00,  0.00,  0.00,  0.00,  0.00,  0.00,  0.00,  0.00,  0.00,  0.00,  0.00,  0.00,  0.00,  0.00,  0.00,  0.00,  0.00,  0.00,  0.00,  0.00,  0.00,   0.00,   0.00, -19.05,   0.00,   0.00,  1.00,   0.380,   0.000,  -0.236,  -0.152,    2.715,    0.821
WIN51-MAX,>53241,   7.84,   9.80,   51, 100.00, 19.61,  3.92, 11.76,  5.88,  7.84, 15.69,  3.92, 11.76,  9.80, 15.69,  3.92, 11.76,  9.80,  9.80,  7.84, 11.76,  9.80, 15.69,  9.80,  5.88,  13.73,  15.69,   9.80,  25.49,  15.69, 10.98,   0.603,   0.098,   0.470,   0.017,    4.109,    1.126
WIN51-MIN,>53241,  -3.92,   0.00,   51, 100.00,  0.00,  0.00,  0.00,  0.00,  0.00,  0.00,  0.00,  0.00,  0.00,  0.00,  0.00,  0.00,  0.00,  0.00,  0.00,  0.00,  0.00,  0.00,  0.00,  0.00,   0.00,   1.96,  -9.80,   5.88,   0.00,  1.00,   0.438,   0.000,  -0.003,  -0.107,    3.412,    0.932

WHOLE-SEQ,>120723,   1.65,   3.96,  303, 100.00, 11.22,  0.99,  6.27,  2.31,  2.97,  8.25,  0.66,  5.94,  4.29,  7.59,  1.98,  7.26,  4.62,  6.27,  2.64,  6.93,  5.61,  8.91,  2.64,  2.64,   6.93,   8.58,  -1.65,  15.51,   8.25,  5.01,   0.493,   0.017,   0.205,  -0.061,    4.079,    0.996
WIN21-MAX,>120723,  14.29,  14.29,   21, 100.00, 28.57,  9.52, 14.29,  9.52,  9.52, 28.57,  4.76, 14.29, 14.29, 28.57,  9.52, 19.05, 19.05, 14.29,  9.52, 23.81, 23.81, 28.57,  9.52,  9.52,  23.81,  19.05,  23.81,  33.33,  19.05, 14.00,   0.659,   0.238,   0.637,   0.099,    3.880,    1.199
WIN21-MIN,>120723,  -9.52,  -4.76,   21, 100.00,  0.00,  0.00,  0.00,  0.00,  0.00,  0.00,  0.00,  0.00,  0.00,  0.00,  0.00,  0.00,  0.00,  0.00,  0.00,  0.00,  0.00,  0.00,  0.00,  0.00,   0.00,   0.00, -19.05,   0.00,   0.00,  1.00,   0.380,   0.000,  -0.236,  -0.152,    2.715,    0.821
WIN51-MAX,>120723,   7.84,   9.80,   51, 100.00, 19.61,  3.92, 11.76,  5.88,  7.84, 15.69,  3.92, 11.76,  9.80, 15.69,  3.92, 13.73,  9.80,  9.80,  7.84, 13.73, 11.76, 15.69,  9.80,  5.88,  13.73,  15.69,   9.80,  25.49,  15.69, 10.98,   0.603,   0.098,   0.470,   0.020,    4.109,    1.122
WIN51-MIN,>120723,  -3.92,   0.00,   51, 100.00,  0.00,  0.00,  0.00,  0.00,  0.00,  0.00,  0.00,  0.00,  0.00,  0.00,  0.00,  0.00,  0.00,  0.00,  0.00,  0.00,  0.00,  0.00,  0.00,  0.00,   0.00,   1.96,  -9.80,   5.88,   0.00,  1.00,   0.438,   0.000,  -0.003,  -0.111,    3.412,    0.932

WHOLE-SEQ,>44238,   1.32,   3.63,  303, 100.00, 11.22,  0.66,  5.94,  2.31,  3.30,  8.25,  0.99,  5.94,  4.29,  7.59,  1.98,  7.26,  4.29,  5.94,  2.97,  7.26,  5.61,  8.91,  2.64,  2.64,   7.26,   8.25,  -0.99,  15.51,   8.58,  5.75,   0.493,   0.010,   0.212,  -0.063,    4.084,    1.000
WIN21-MAX,>44238,   9.52,  14.29,   21, 100.00, 28.57,  9.52, 14.29, 14.29,  9.52, 28.57,  9.52, 14.29, 14.29, 28.57,  9.52, 19.05, 19.05, 14.29,  9.52, 23.81, 23.81, 28.57,  9.52,  9.52,  23.81,  23.81,  23.81,  33.33,  19.05, 14.00,   0.659,   0.238,   0.637,   0.099,    3.880,    1.220
WIN21-MIN,>44238,  -9.52,  -9.52,   21, 100.00,  0.00,  0.00,  0.00,  0.00,  0.00,  0.00,  0.00,  0.00,  0.00,  0.00,  0.00,  0.00,  0.00,  0.00,  0.00,  0.00,  0.00,  0.00,  0.00,  0.00,   0.00,   0.00, -23.81,   0.00,   0.00,  1.00,   0.380,   0.000,  -0.283,  -0.183,    2.715,    0.826
WIN51-MAX,>44238,   7.84,   9.80,   51, 100.00, 19.61,  3.92, 11.76,  5.88,  7.84, 15.69,  5.88, 11.76,  9.80, 15.69,  5.88, 13.73,  9.80,  9.80,  7.84, 13.73, 11.76, 15.69,  9.80,  5.88,  15.69,  15.69,  11.76,  27.45,  15.69, 11.46,   0.604,   0.118,   0.473,   0.020,    4.045,    1.122
WIN51-MIN,>44238,  -1.96,  -1.96,   51, 100.00,  0.00,  0.00,  0.00,  0.00,  0.00,  0.00,  0.00,  0.00,  0.00,  0.00,  0.00,  0.00,  0.00,  0.00,  0.00,  0.00,  0.00,  0.00,  0.00,  0.00,   0.00,   1.96,  -9.80,   5.88,   0.00,  1.00,   0.438,   0.000,  -0.022,  -0.123,    3.412,    0.932

WHOLE-SEQ,>55287,   1.65,   3.96,  303, 100.00, 11.22,  0.66,  6.27,  2.31,  3.30,  8.25,  0.66,  5.94,  4.29,  7.59,  2.31,  7.26,  4.62,  5.94,  2.64,  6.93,  5.61,  8.91,  2.64,  2.64,   6.93,   8.58,  -1.65,  15.51,   8.58,  5.01,   0.495,   0.017,   0.211,  -0.061,    4.078,    0.997
WIN21-MAX,>55287,  14.29,  14.29,   21, 100.00, 28.57,  9.52, 14.29,  9.52,  9.52, 28.57,  4.76, 14.29, 14.29, 28.57,  9.52, 19.05, 19.05, 14.29,  9.52, 19.05, 23.81, 28.57,  9.52,  9.52,  23.81,  19.05,  23.81,  33.33,  19.05, 14.00,   0.659,   0.238,   0.637,   0.093,    3.880,    1.199
WIN21-MIN,>55287,  -9.52,  -4.76,   21, 100.00,  0.00,  0.00,  0.00,  0.00,  0.00,  0.00,  0.00,  0.00,  0.00,  0.00,  0.00,  0.00,  0.00,  0.00,  0.00,  0.00,  0.00,  0.00,  0.00,  0.00,   0.00,   0.00, -19.05,   0.00,   0.00,  1.00,   0.380,   0.000,  -0.236,  -0.152,    2.715,    0.821
WIN51-MAX,>55287,   7.84,   9.80,   51, 100.00, 19.61,  3.92, 11.76,  5.88,  7.84, 15.69,  3.92, 11.76,  9.80, 15.69,  5.88, 11.76,  9.80,  9.80,  7.84, 11.76,  9.80, 15.69,  9.80,  5.88,  13.73,  15.69,   9.80,  25.49,  17.65, 10.98,   0.603,   0.098,   0.470,   0.017,    4.109,    1.133
WIN51-MIN,>55287,  -3.92,   0.00,   51, 100.00,  0.00,  0.00,  0.00,  0.00,  0.00,  0.00,  0.00,  0.00,  0.00,  0.00,  0.00,  0.00,  0.00,  0.00,  0.00,  0.00,  0.00,  0.00,  0.00,  0.00,   0.00,   1.96,  -9.80,   5.88,   0.00,  1.00,   0.438,   0.000,  -0.003,  -0.107,    3.412,    0.932

WHOLE-SEQ,>87990,   1.32,   4.29,  303, 100.00, 11.55,  0.99,  6.27,  1.98,  3.30,  8.25,  0.99,  5.94,  4.29,  7.59,  1.65,  7.59,  4.62,  5.61,  2.97,  6.60,  5.61,  9.24,  2.31,  2.64,   7.26,   8.25,  -0.99,  15.51,   8.25,  5.74,   0.496,   0.010,   0.220,  -0.060,    4.075,    1.000
WIN21-MAX,>87990,   9.52,  14.29,   21, 100.00, 28.57,  9.52, 14.29,  9.52,  9.52, 28.57,  9.52, 14.29, 14.29, 28.57,  9.52, 19.05, 19.05, 14.29,  9.52, 19.05, 23.81, 28.57,  9.52,  9.52,  23.81,  19.05,  23.81,  33.33,  19.05, 14.00,   0.659,   0.238,   0.637,   0.092,    3.880,    1.220
WIN21-MIN,>87990,  -9.52,  -4.76,   21, 100.00,  0.00,  0.00,  0.00,  0.00,  0.00,  0.00,  0.00,  0.00,  0.00,  0.00,  0.00,  0.00,  0.00,  0.00,  0.00,  0.00,  0.00,  0.00,  0.00,  0.00,   0.00,   0.00, -19.05,   0.00,   0.00,  1.00,   0.394,   0.000,  -0.202,  -0.152,    2.715,    0.820
WIN51-MAX,>87990,   7.84,   9.80,   51, 100.00, 19.61,  3.92, 11.76,  3.92,  7.84, 15.69,  5.88, 11.76,  9.80, 15.69,  3.92, 15.69,  9.80,  7.84,  7.84, 11.76, 11.76, 15.69,  9.80,  5.88,  13.73,  15.69,  11.76,  25.49,  15.69, 11.46,   0.604,   0.118,   0.473,   0.017,    4.109,    1.124
WIN51-MIN,>87990,  -3.92,   0.00,   51, 100.00,  0.00,  0.00,  0.00,  0.00,  0.00,  0.00,  0.00,  0.00,  0.00,  0.00,  0.00,  0.00,  0.00,  0.00,  0.00,  0.00,  0.00,  0.00,  0.00,  0.00,   0.00,   1.96,  -9.80,   5.88,   0.00,  1.00,   0.447,   0.000,   0.013,  -0.110,    3.412,    0.932

WHOLE-SEQ,>53372,   1.32,   3.63,  303, 100.00, 11.22,  0.99,  5.94,  2.31,  3.63,  8.25,  0.66,  5.61,  3.96,  7.59,  1.65,  7.59,  4.62,  6.27,  2.64,  7.26,  5.61,  8.91,  2.64,  2.64,   6.60,   8.25,  -1.65,  14.85,   8.91,  4.99,   0.494,   0.017,   0.208,  -0.059,    4.076,    0.997
WIN21-MAX,>53372,   9.52,  14.29,   21, 100.00, 28.57,  9.52, 14.29,  9.52, 14.29, 28.57,  4.76, 14.29, 14.29, 28.57,  9.52, 19.05, 19.05, 14.29,  9.52, 23.81, 28.57, 28.57,  9.52,  9.52,  23.81,  19.05,  23.81,  33.33,  23.81, 14.00,   0.659,   0.238,   0.637,   0.097,    3.880,    1.220
WIN21-MIN,>53372,  -9.52,  -4.76,   21, 100.00,  0.00,  0.00,  0.00,  0.00,  0.00,  0.00,  0.00,  0.00,  0.00,  0.00,  0.00,  0.00,  0.00,  0.00,  0.00,  0.00,  0.00,  0.00,  0.00,  0.00,   0.00,   0.00, -19.05,   0.00,   0.00,  1.00,   0.380,   0.000,  -0.236,  -0.152,    2.715,    0.821
WIN51-MAX,>53372,   7.84,   9.80,   51, 100.00, 19.61,  3.92, 11.76,  5.88,  7.84, 15.69,  3.92,  9.80,  9.80, 15.69,  3.92, 13.73,  9.80,  9.80,  7.84, 13.73, 11.76, 15.69,  9.80,  5.88,  13.73,  15.69,   9.80,  25.49,  15.69, 11.26,   0.604,   0.098,   0.473,   0.019,    4.109,    1.117
WIN51-MIN,>53372,  -3.92,   0.00,   51, 100.00,  0.00,  0.00,  0.00,  0.00,  0.00,  0.00,  0.00,  0.00,  0.00,  0.00,  0.00,  0.00,  0.00,  0.00,  0.00,  0.00,  0.00,  0.00,  0.00,  0.00,   0.00,   1.96,  -9.80,   5.88,   0.00,  1.00,   0.438,   0.000,  -0.003,  -0.105,    3.412,    0.932

WHOLE-SEQ,>88352,   1.32,   3.96,  303, 100.00, 11.22,  0.99,  5.94,  1.98,  2.97,  8.25,  0.99,  5.61,  4.29,  7.59,  1.98,  7.92,  4.62,  5.61,  2.97,  6.93,  5.61,  9.24,  2.64,  2.64,   7.26,   7.92,  -0.66,  15.18,   8.25,  6.15,   0.493,   0.007,   0.214,  -0.058,    4.083,    0.997
WIN21-MAX,>88352,   9.52,  14.29,   21, 100.00, 28.57,  9.52, 14.29,  9.52,  9.52, 28.57,  9.52, 14.29, 14.29, 28.57,  9.52, 19.05, 19.05, 14.29,  9.52, 19.05, 28.57, 28.57,  9.52,  9.52,  23.81,  19.05,  23.81,  33.33,  19.05, 14.00,   0.659,   0.238,   0.637,   0.093,    3.880,    1.199
WIN21-MIN,>88352,  -9.52,  -4.76,   21, 100.00,  0.00,  0.00,  0.00,  0.00,  0.00,  0.00,  0.00,  0.00,  0.00,  0.00,  0.00,  0.00,  0.00,  0.00,  0.00,  0.00,  0.00,  0.00,  0.00,  0.00,   0.00,   0.00, -19.05,   0.00,   0.00,  1.00,   0.394,   0.000,  -0.202,  -0.152,    2.715,    0.835
WIN51-MAX,>88352,   7.84,   9.80,   51, 100.00, 19.61,  3.92, 11.76,  3.92,  7.84, 15.69,  5.88,  9.80,  9.80, 15.69,  3.92, 13.73,  9.80,  7.84,  7.84, 11.76, 11.76, 15.69,  9.80,  5.88,  13.73,  15.69,  11.76,  25.49,  15.69, 11.46,   0.603,   0.118,   0.470,   0.017,    4.109,    1.119
WIN51-MIN,>88352,  -3.92,   0.00,   51, 100.00,  0.00,  0.00,  0.00,  0.00,  0.00,  0.00,  0.00,  0.00,  0.00,  0.00,  0.00,  0.00,  0.00,  0.00,  0.00,  0.00,  0.00,  0.00,  0.00,  0.00,   0.00,   1.96,  -9.80,   5.88,   0.00,  1.00,   0.441,   0.000,  -0.002,  -0.105,    3.412,    0.932

WHOLE-SEQ,>112647,   1.65,   4.29,  303, 100.00, 11.55,  0.99,  6.27,  1.98,  3.30,  8.25,  0.66,  5.61,  4.29,  7.59,  1.98,  7.59,  4.62,  5.94,  2.64,  6.93,  5.61,  9.24,  2.31,  2.64,   6.93,   8.25,  -1.32,  15.18,   8.25,  5.20,   0.496,   0.013,   0.218,  -0.059,    4.067,    0.996
WIN21-MAX,>112647,  14.29,  14.29,   21, 100.00, 28.57,  9.52, 14.29,  9.52,  9.52, 28.57,  4.76, 14.29, 14.29, 28.57,  9.52, 19.05, 19.05, 14.29,  9.52, 19.05, 28.57, 28.57,  9.52,  9.52,  23.81,  19.05,  23.81,  33.33,  19.05, 14.00,   0.659,   0.238,   0.637,   0.092,    3.880,    1.199
WIN21-MIN,>112647,  -9.52,  -4.76,   21, 100.00,  0.00,  0.00,  0.00,  0.00,  0.00,  0.00,  0.00,  0.00,  0.00,  0.00,  0.00,  0.00,  0.00,  0.00,  0.00,  0.00,  0.00,  0.00,  0.00,  0.00,   0.00,   0.00, -19.05,   0.00,   0.00,  1.00,   0.397,   0.000,  -0.202,  -0.152,    2.715,    0.820
WIN51-MAX,>112647,   7.84,   9.80,   51, 100.00, 19.61,  3.92, 11.76,  3.92,  7.84, 15.69,  3.92,  9.80,  9.80, 15.69,  3.92, 13.73,  9.80,  9.80,  7.84, 11.76, 11.76, 15.69,  9.80,  5.88,  13.73,  15.69,  11.76,  25.49,  17.65, 11.46,   0.603,   0.118,   0.470,   0.017,    4.109,    1.128
WIN51-MIN,>112647,  -3.92,   0.00,   51, 100.00,  0.00,  0.00,  0.00,  0.00,  0.00,  0.00,  0.00,  0.00,  0.00,  0.00,  0.00,  0.00,  0.00,  0.00,  0.00,  0.00,  0.00,  0.00,  0.00,  0.00,   0.00,   1.96,  -9.80,   5.88,   0.00,  1.00,   0.441,   0.000,   0.018,  -0.105,    3.412,    0.932

WHOLE-SEQ,>47246,   1.32,   3.96,  303, 100.00, 11.22,  0.99,  5.94,  1.98,  2.97,  8.25,  0.66,  5.94,  4.29,  7.59,  1.98,  7.59,  4.29,  6.27,  2.97,  6.93,  5.61,  9.24,  2.64,  2.64,   7.26,   7.92,  -0.66,  15.18,   8.25,  5.84,   0.495,   0.007,   0.220,  -0.064,    4.074,    1.001
WIN21-MAX,>47246,   9.52,  14.29,   21, 100.00, 28.57,  9.52, 14.29,  9.52,  9.52, 28.57,  4.76, 14.29, 14.29, 28.57,  9.52, 19.05, 19.05, 14.29,  9.52, 19.05, 23.81, 28.57,  9.52,  9.52,  23.81,  19.05,  23.81,  33.33,  19.05, 14.00,   0.659,   0.238,   0.637,   0.093,    3.880,    1.199
WIN21-MIN,>47246,  -9.52,  -4.76,   21, 100.00,  0.00,  0.00,  0.00,  0.00,  0.00,  0.00,  0.00,  0.00,  0.00,  0.00,  0.00,  0.00,  0.00,  0.00,  0.00,  0.00,  0.00,  0.00,  0.00,  0.00,   0.00,   0.00, -19.05,   0.00,   0.00,  1.00,   0.394,   0.000,  -0.202,  -0.183,    2.715,    0.835
WIN51-MAX,>47246,   7.84,   9.80,   51, 100.00, 19.61,  3.92, 11.76,  3.92,  7.84, 15.69,  3.92, 11.76,  9.80, 15.69,  3.92, 13.73,  9.80,  9.80,  7.84, 11.76, 11.76, 15.69,  9.80,  5.88,  15.69,  15.69,  11.76,  27.45,  15.69, 11.46,   0.603,   0.118,   0.470,   0.017,    4.045,    1.124
WIN51-MIN,>47246,  -1.96,   0.00,   51, 100.00,  0.00,  0.00,  0.00,  0.00,  0.00,  0.00,  0.00,  0.00,  0.00,  0.00,  0.00,  0.00,  0.00,  0.00,  0.00,  0.00,  0.00,  0.00,  0.00,  0.00,   0.00,   1.96,  -9.80,   5.88,   0.00,  1.00,   0.448,   0.000,   0.027,  -0.123,    3.412,    0.932

WHOLE-SEQ,>48158,   1.32,   3.63,  303, 100.00, 11.22,  0.66,  5.94,  2.31,  3.30,  8.25,  0.99,  5.61,  4.29,  7.59,  1.98,  7.26,  4.29,  5.94,  2.97,  7.26,  5.61,  9.24,  2.64,  2.64,   7.26,   8.25,  -0.99,  15.51,   8.58,  5.75,   0.493,   0.010,   0.212,  -0.063,    4.082,    1.000
WIN21-MAX,>48158,   9.52,  14.29,   21, 100.00, 28.57,  9.52, 14.29,  9.52,  9.52, 28.57,  9.52, 14.29, 14.29, 28.57,  9.52, 19.05, 19.05, 14.29,  9.52, 23.81, 28.57, 28.57,  9.52,  9.52,  23.81,  19.05,  23.81,  33.33,  19.05, 14.00,   0.659,   0.238,   0.637,   0.099,    3.880,    1.220
WIN21-MIN,>48158,  -9.52,  -4.76,   21, 100.00,  0.00,  0.00,  0.00,  0.00,  0.00,  0.00,  0.00,  0.00,  0.00,  0.00,  0.00,  0.00,  0.00,  0.00,  0.00,  0.00,  0.00,  0.00,  0.00,  0.00,   0.00,   0.00, -19.05,   0.00,   0.00,  1.00,   0.394,   0.000,  -0.202,  -0.183,    2.715,    0.828
WIN51-MAX,>48158,   7.84,   9.80,   51, 100.00, 19.61,  3.92, 11.76,  5.88,  7.84, 15.69,  5.88,  9.80,  9.80, 15.69,  5.88, 13.73,  9.80,  9.80,  7.84, 13.73, 13.73, 15.69,  9.80,  5.88,  15.69,  15.69,   9.80,  27.45,  15.69, 11.26,   0.604,   0.098,   0.473,   0.020,    4.045,    1.119
WIN51-MIN,>48158,  -1.96,   0.00,   51, 100.00,  0.00,  0.00,  0.00,  0.00,  0.00,  0.00,  0.00,  0.00,  0.00,  0.00,  0.00,  0.00,  0.00,  0.00,  0.00,  0.00,  0.00,  0.00,  0.00,  0.00,   0.00,   1.96,  -9.80,   5.88,   0.00,  1.00,   0.447,   0.000,   0.014,  -0.123,    3.412,    0.932

WHOLE-SEQ,>16321,   1.98,   4.29,  303, 100.00, 11.22,  0.66,  6.27,  1.98,  3.30,  8.25,  0.66,  5.94,  4.62,  7.59,  1.98,  7.26,  4.29,  6.27,  2.64,  7.26,  5.28,  9.24,  2.64,  2.64,   7.26,   8.25,  -0.99,  15.51,   8.58,  5.44,   0.495,   0.010,   0.218,  -0.064,    4.065,    1.000
WIN21-MAX,>16321,  14.29,  14.29,   21, 100.00, 28.57,  9.52, 14.29,  9.52,  9.52, 28.57,  4.76, 14.29, 14.29, 28.57,  9.52, 19.05, 19.05, 14.29,  9.52, 23.81, 23.81, 28.57,  9.52,  9.52,  23.81,  19.05,  23.81,  33.33,  19.05, 14.00,   0.659,   0.238,   0.637,   0.099,    3.880,    1.220
WIN21-MIN,>16321,  -9.52,  -4.76,   21, 100.00,  0.00,  0.00,  0.00,  0.00,  0.00,  0.00,  0.00,  0.00,  0.00,  0.00,  0.00,  0.00,  0.00,  0.00,  0.00,  0.00,  0.00,  0.00,  0.00,  0.00,   0.00,   0.00, -19.05,   0.00,   0.00,  1.00,   0.394,   0.000,  -0.202,  -0.183,    2.715,    0.828
WIN51-MAX,>16321,   7.84,   9.80,   51, 100.00, 19.61,  3.92, 11.76,  3.92,  7.84, 15.69,  3.92, 11.76,  9.80, 15.69,  5.88, 13.73,  9.80,  9.80,  7.84, 13.73, 11.76, 15.69,  9.80,  5.88,  15.69,  15.69,  11.76,  27.45,  15.69, 11.46,   0.604,   0.118,   0.473,   0.020,    4.045,    1.122
WIN51-MIN,>16321,  -1.96,   0.00,   51, 100.00,  0.00,  0.00,  0.00,  0.00,  0.00,  0.00,  0.00,  0.00,  0.00,  0.00,  0.00,  0.00,  0.00,  0.00,  0.00,  0.00,  0.00,  0.00,  0.00,  0.00,   0.00,   1.96,  -9.80,   5.88,   0.00,  1.00,   0.448,   0.000,   0.024,  -0.123,    3.412,    0.932

WHOLE-SEQ,>12307,   1.65,   4.29,  303, 100.00, 11.55,  0.66,  6.27,  1.98,  3.63,  8.25,  0.66,  5.94,  4.29,  7.59,  1.98,  7.59,  4.62,  5.94,  2.64,  6.93,  5.61,  8.91,  2.31,  2.64,   6.93,   8.25,  -1.32,  15.18,   8.58,  5.20,   0.496,   0.013,   0.218,  -0.060,    4.062,    0.996
WIN21-MAX,>12307,   9.52,  14.29,   21, 100.00, 28.57,  9.52, 14.29,  9.52, 14.29, 28.57,  4.76, 14.29, 14.29, 28.57,  9.52, 19.05, 19.05, 14.29,  9.52, 19.05, 23.81, 28.57,  9.52,  9.52,  23.81,  19.05,  23.81,  33.33,  19.05, 14.00,   0.659,   0.238,   0.637,   0.090,    3.916,    1.220
WIN21-MIN,>12307,  -9.52,  -4.76,   21, 100.00,  0.00,  0.00,  0.00,  0.00,  0.00,  0.00,  0.00,  0.00,  0.00,  0.00,  0.00,  0.00,  0.00,  0.00,  0.00,  0.00,  0.00,  0.00,  0.00,  0.00,   0.00,   0.00, -19.05,   0.00,   0.00,  1.00,   0.380,   0.000,  -0.236,  -0.152,    2.715,    0.821
WIN51-MAX,>12307,   7.84,   9.80,   51, 100.00, 19.61,  3.92, 11.76,  3.92,  7.84, 15.69,  3.92, 11.76,  9.80, 15.69,  5.88, 13.73,  9.80,  9.80,  7.84, 11.76,  9.80, 15.69,  9.80,  5.88,  13.73,  15.69,  11.76,  25.49,  15.69, 11.46,   0.604,   0.118,   0.473,   0.016,    4.109,    1.118
WIN51-MIN,>12307,  -3.92,   0.00,   51, 100.00,  0.00,  0.00,  0.00,  0.00,  0.00,  0.00,  0.00,  0.00,  0.00,  0.00,  0.00,  0.00,  0.00,  0.00,  0.00,  0.00,  0.00,  0.00,  0.00,  0.00,   0.00,   1.96,  -9.80,   5.88,   0.00,  1.00,   0.437,   0.000,   0.015,  -0.105,    3.412,    0.932

WHOLE-SEQ,>38207,   1.65,   4.29,  303, 100.00, 11.55,  0.66,  6.27,  1.98,  3.63,  8.25,  0.66,  5.94,  4.29,  7.59,  1.98,  7.59,  4.62,  5.94,  2.64,  6.93,  5.61,  8.91,  2.31,  2.64,   6.93,   8.25,  -1.32,  15.18,   8.58,  5.20,   0.496,   0.013,   0.218,  -0.060,    4.062,    0.996
WIN21-MAX,>38207,   9.52,  14.29,   21, 100.00, 28.57,  9.52, 14.29,  9.52, 14.29, 28.57,  4.76, 14.29, 14.29, 28.57,  9.52, 19.05, 19.05, 14.29,  9.52, 23.81, 23.81, 28.57,  9.52,  9.52,  23.81,  19.05,  23.81,  33.33,  19.05, 14.00,   0.659,   0.238,   0.637,   0.096,    3.916,    1.220
WIN21-MIN,>38207,  -9.52,  -4.76,   21, 100.00,  0.00,  0.00,  0.00,  0.00,  0.00,  0.00,  0.00,  0.00,  0.00,  0.00,  0.00,  0.00,  0.00,  0.00,  0.00,  0.00,  0.00,  0.00,  0.00,  0.00,   0.00,   0.00, -19.05,   0.00,   0.00,  1.00,   0.380,   0.000,  -0.236,  -0.152,    2.715,    0.821
WIN51-MAX,>38207,   7.84,   9.80,   51, 100.00, 19.61,  3.92, 11.76,  3.92,  7.84, 15.69,  3.92, 11.76,  9.80, 15.69,  5.88, 15.69,  9.80,  9.80,  7.84, 13.73, 11.76, 15.69,  9.80,  5.88,  13.73,  15.69,  11.76,  25.49,  15.69, 11.46,   0.604,   0.118,   0.473,   0.019,    4.109,    1.117
WIN51-MIN,>38207,  -3.92,   0.00,   51, 100.00,  0.00,  0.00,  0.00,  0.00,  0.00,  0.00,  0.00,  0.00,  0.00,  0.00,  0.00,  0.00,  0.00,  0.00,  0.00,  0.00,  0.00,  0.00,  0.00,  0.00,   0.00,   1.96,  -9.80,   5.88,   0.00,  1.00,   0.437,   0.000,   0.007,  -0.110,    3.412,    0.930

WHOLE-SEQ,>43208,   1.65,   3.96,  303, 100.00, 11.22,  0.99,  6.27,  2.31,  2.97,  8.25,  0.66,  5.94,  4.29,  7.59,  1.98,  7.26,  4.62,  6.27,  2.64,  6.93,  5.61,  8.91,  2.64,  2.64,   6.93,   8.58,  -1.65,  15.51,   8.25,  5.01,   0.493,   0.017,   0.205,  -0.061,    4.079,    0.996
WIN21-MAX,>43208,  14.29,  14.29,   21, 100.00, 28.57,  9.52, 14.29, 14.29,  9.52, 28.57,  4.76, 14.29, 14.29, 28.57,  9.52, 19.05, 19.05, 14.29,  9.52, 19.05, 23.81, 28.57,  9.52,  9.52,  23.81,  23.81,  23.81,  33.33,  19.05, 14.00,   0.659,   0.238,   0.637,   0.093,    3.880,    1.199
WIN21-MIN,>43208,  -9.52,  -9.52,   21, 100.00,  0.00,  0.00,  0.00,  0.00,  0.00,  0.00,  0.00,  0.00,  0.00,  0.00,  0.00,  0.00,  0.00,  0.00,  0.00,  0.00,  0.00,  0.00,  0.00,  0.00,   0.00,   0.00, -23.81,   0.00,   0.00,  1.00,   0.380,   0.000,  -0.283,  -0.152,    2.715,    0.826
WIN51-MAX,>43208,   7.84,   9.80,   51, 100.00, 19.61,  3.92, 11.76,  5.88,  7.84, 15.69,  3.92, 11.76,  9.80, 15.69,  3.92, 13.73,  9.80,  9.80,  7.84, 11.76,  9.80, 15.69,  9.80,  5.88,  13.73,  15.69,  11.76,  25.49,  15.69, 11.46,   0.603,   0.118,   0.470,   0.017,    4.109,    1.124
WIN51-MIN,>43208,  -3.92,  -1.96,   51, 100.00,  0.00,  0.00,  0.00,  0.00,  0.00,  0.00,  0.00,  0.00,  0.00,  0.00,  0.00,  0.00,  0.00,  0.00,  0.00,  0.00,  0.00,  0.00,  0.00,  0.00,   0.00,   1.96,  -9.80,   5.88,   0.00,  1.00,   0.438,   0.000,  -0.022,  -0.108,    3.412,    0.932

WHOLE-SEQ,>106145,   1.32,   3.63,  303, 100.00, 11.55,  0.99,  5.94,  2.31,  3.63,  8.25,  0.66,  5.61,  3.96,  7.59,  1.65,  7.59,  4.62,  6.27,  2.64,  7.26,  5.61,  8.91,  2.31,  2.64,   6.60,   8.25,  -1.65,  14.85,   8.58,  4.99,   0.495,   0.017,   0.210,  -0.059,    4.068,    0.995
WIN21-MAX,>106145,   9.52,  14.29,   21, 100.00, 28.57,  9.52, 14.29, 14.29, 14.29, 28.57,  4.76, 14.29, 14.29, 28.57,  9.52, 19.05, 19.05, 14.29,  9.52, 23.81, 28.57, 28.57,  9.52,  9.52,  23.81,  23.81,  23.81,  33.33,  19.05, 14.00,   0.659,   0.238,   0.637,   0.096,    3.880,    1.220
WIN21-MIN,>106145,  -9.52,  -9.52,   21, 100.00,  0.00,  0.00,  0.00,  0.00,  0.00,  0.00,  0.00,  0.00,  0.00,  0.00,  0.00,  0.00,  0.00,  0.00,  0.00,  0.00,  0.00,  0.00,  0.00,  0.00,   0.00,   0.00, -23.81,   0.00,   0.00,  1.00,   0.380,   0.000,  -0.283,  -0.152,    2.715,    0.826
WIN51-MAX,>106145,   7.84,   9.80,   51, 100.00, 19.61,  3.92, 11.76,  5.88,  7.84, 15.69,  3.92,  9.80,  9.80, 15.69,  3.92, 13.73,  9.80,  9.80,  7.84, 13.73, 11.76, 15.69,  9.80,  5.88,  13.73,  15.69,  11.76,  25.49,  15.69, 11.46,   0.604,   0.118,   0.473,   0.019,    4.109,    1.115
WIN51-MIN,>106145,  -3.92,  -1.96,   51, 100.00,  0.00,  0.00,  0.00,  0.00,  0.00,  0.00,  0.00,  0.00,  0.00,  0.00,  0.00,  0.00,  0.00,  0.00,  0.00,  0.00,  0.00,  0.00,  0.00,  0.00,   0.00,   1.96,  -9.80,   5.88,   0.00,  1.00,   0.438,   0.000,  -0.022,  -0.108,    3.412,    0.932

WHOLE-SEQ,>18567,   1.65,   4.29,  303, 100.00, 11.22,  0.99,  6.27,  1.98,  2.97,  8.25,  0.66,  5.94,  4.29,  7.59,  1.98,  7.26,  4.62,  6.27,  2.64,  7.26,  5.61,  8.91,  2.64,  2.64,   6.93,   8.25,  -1.32,  15.18,   8.25,  5.20,   0.494,   0.013,   0.211,  -0.059,    4.074,    0.996
WIN21-MAX,>18567,  14.29,  14.29,   21, 100.00, 28.57,  9.52, 14.29,  9.52,  9.52, 28.57,  4.76, 14.29, 14.29, 28.57,  9.52, 19.05, 19.05, 14.29,  9.52, 23.81, 23.81, 28.57,  9.52,  9.52,  23.81,  19.05,  23.81,  33.33,  19.05, 14.00,   0.659,   0.238,   0.637,   0.099,    3.880,    1.199
WIN21-MIN,>18567,  -9.52,  -4.76,   21, 100.00,  0.00,  0.00,  0.00,  0.00,  0.00,  0.00,  0.00,  0.00,  0.00,  0.00,  0.00,  0.00,  0.00,  0.00,  0.00,  0.00,  0.00,  0.00,  0.00,  0.00,   0.00,   0.00, -19.05,   0.00,   0.00,  1.00,   0.380,   0.000,  -0.236,  -0.152,    2.715,    0.821
WIN51-MAX,>18567,   7.84,   9.80,   51, 100.00, 19.61,  3.92, 11.76,  3.92,  7.84, 15.69,  3.92, 11.76,  9.80, 15.69,  3.92, 13.73,  9.80,  9.80,  7.84, 13.73, 11.76, 15.69,  9.80,  5.88,  13.73,  15.69,  11.76,  25.49,  15.69, 11.46,   0.603,   0.118,   0.470,   0.020,    4.109,    1.124
WIN51-MIN,>18567,  -3.92,   0.00,   51, 100.00,  0.00,  0.00,  0.00,  0.00,  0.00,  0.00,  0.00,  0.00,  0.00,  0.00,  0.00,  0.00,  0.00,  0.00,  0.00,  0.00,  0.00,  0.00,  0.00,  0.00,   0.00,   1.96,  -9.80,   5.88,   0.00,  1.00,   0.438,   0.000,  -0.003,  -0.110,    3.412,    0.932

WHOLE-SEQ,>3877,   1.32,   4.29,  303, 100.00, 11.22,  0.66,  6.27,  1.98,  3.63,  8.25,  0.66,  5.94,  4.29,  7.59,  1.98,  7.26,  4.29,  5.94,  2.97,  6.93,  5.61,  9.24,  2.64,  2.64,   7.26,   8.25,  -0.99,  15.51,   8.91,  5.44,   0.497,   0.010,   0.224,  -0.064,    4.071,    1.004
WIN21-MAX,>3877,   9.52,  14.29,   21, 100.00, 28.57,  9.52, 14.29,  9.52,  9.52, 28.57,  4.76, 14.29, 14.29, 28.57,  9.52, 19.05, 19.05, 14.29,  9.52, 19.05, 23.81, 28.57,  9.52,  9.52,  23.81,  19.05,  23.81,  33.33,  19.05, 14.00,   0.659,   0.238,   0.637,   0.093,    3.880,    1.220
WIN21-MIN,>3877,  -9.52,  -4.76,   21, 100.00,  0.00,  0.00,  0.00,  0.00,  0.00,  0.00,  0.00,  0.00,  0.00,  0.00,  0.00,  0.00,  0.00,  0.00,  0.00,  0.00,  0.00,  0.00,  0.00,  0.00,   0.00,   0.00, -19.05,   0.00,   0.00,  1.00,   0.394,   0.000,  -0.202,  -0.183,    2.715,    0.835
WIN51-MAX,>3877,   7.84,   9.80,   51, 100.00, 19.61,  3.92, 11.76,  3.92,  7.84, 15.69,  3.92, 11.76,  9.80, 15.69,  5.88, 13.73,  9.80,  9.80,  7.84, 11.76, 11.76, 15.69,  9.80,  5.88,  15.69,  15.69,  11.76,  27.45,  17.65, 11.46,   0.604,   0.118,   0.473,   0.017,    4.045,    1.131
WIN51-MIN,>3877,  -1.96,   0.00,   51, 100.00,  0.00,  0.00,  0.00,  0.00,  0.00,  0.00,  0.00,  0.00,  0.00,  0.00,  0.00,  0.00,  0.00,  0.00,  0.00,  0.00,  0.00,  0.00,  0.00,  0.00,   0.00,   1.96,  -9.80,   5.88,   0.00,  1.00,   0.448,   0.000,   0.027,  -0.123,    3.412,    0.932

WHOLE-SEQ,>67548,   1.65,   3.96,  303, 100.00, 11.22,  0.99,  6.27,  2.31,  3.30,  8.25,  0.99,  5.61,  4.29,  7.59,  1.98,  7.26,  4.62,  5.94,  2.64,  6.93,  5.61,  8.91,  2.64,  2.64,   6.93,   8.58,  -1.65,  15.51,   8.58,  5.21,   0.492,   0.017,   0.204,  -0.059,    4.092,    0.996
WIN21-MAX,>67548,  14.29,  14.29,   21, 100.00, 28.57,  9.52, 14.29, 14.29,  9.52, 28.57,  9.52, 14.29, 14.29, 28.57,  9.52, 19.05, 19.05, 14.29,  9.52, 19.05, 23.81, 28.57,  9.52,  9.52,  23.81,  23.81,  23.81,  33.33,  19.05, 14.00,   0.659,   0.238,   0.637,   0.093,    3.880,    1.220
WIN21-MIN,>67548,  -9.52,  -9.52,   21, 100.00,  0.00,  0.00,  0.00,  0.00,  0.00,  0.00,  0.00,  0.00,  0.00,  0.00,  0.00,  0.00,  0.00,  0.00,  0.00,  0.00,  0.00,  0.00,  0.00,  0.00,   0.00,   0.00, -23.81,   0.00,   0.00,  1.00,   0.380,   0.000,  -0.283,  -0.152,    2.715,    0.826
WIN51-MAX,>67548,   7.84,   9.80,   51, 100.00, 19.61,  3.92, 11.76,  5.88,  7.84, 15.69,  5.88, 11.76,  9.80, 15.69,  3.92, 13.73,  9.80,  9.80,  7.84, 11.76,  9.80, 15.69,  9.80,  5.88,  13.73,  15.69,  11.76,  25.49,  15.69, 11.46,   0.604,   0.118,   0.473,   0.017,    4.109,    1.129
WIN51-MIN,>67548,  -3.92,  -1.96,   51, 100.00,  0.00,  0.00,  0.00,  0.00,  0.00,  0.00,  0.00,  0.00,  0.00,  0.00,  0.00,  0.00,  0.00,  0.00,  0.00,  0.00,  0.00,  0.00,  0.00,  0.00,   0.00,   1.96,  -9.80,   5.88,   0.00,  1.00,   0.436,   0.000,  -0.022,  -0.105,    3.412,    0.932

WHOLE-SEQ,>14697,   1.32,   3.63,  303, 100.00, 11.55,  0.66,  5.94,  2.31,  3.63,  8.25,  0.66,  5.61,  3.96,  7.59,  1.98,  7.59,  4.62,  6.27,  2.64,  6.93,  5.94,  8.91,  2.31,  2.64,   6.60,   8.25,  -1.65,  14.85,   8.58,  4.99,   0.495,   0.017,   0.210,  -0.060,    4.066,    0.995
WIN21-MAX,>14697,   9.52,  14.29,   21, 100.00, 28.57,  9.52, 14.29, 14.29, 14.29, 28.57,  4.76, 14.29, 14.29, 28.57,  9.52, 19.05, 19.05, 14.29,  9.52, 19.05, 28.57, 28.57,  9.52,  9.52,  23.81,  23.81,  23.81,  33.33,  19.05, 14.00,   0.659,   0.238,   0.637,   0.090,    3.880,    1.220
WIN21-MIN,>14697,  -9.52,  -9.52,   21, 100.00,  0.00,  0.00,  0.00,  0.00,  0.00,  0.00,  0.00,  0.00,  0.00,  0.00,  0.00,  0.00,  0.00,  0.00,  0.00,  0.00,  0.00,  0.00,  0.00,  0.00,   0.00,   0.00, -23.81,   0.00,   0.00,  1.00,   0.380,   0.000,  -0.283,  -0.152,    2.715,    0.826
WIN51-MAX,>14697,   7.84,   9.80,   51, 100.00, 19.61,  3.92, 11.76,  5.88,  7.84, 15.69,  3.92,  9.80,  9.80, 15.69,  5.88, 13.73,  9.80,  9.80,  7.84, 11.76, 11.76, 15.69,  9.80,  5.88,  13.73,  15.69,  11.76,  25.49,  15.69, 11.46,   0.604,   0.118,   0.473,   0.016,    4.109,    1.108
WIN51-MIN,>14697,  -3.92,  -1.96,   51, 100.00,  0.00,  0.00,  0.00,  0.00,  0.00,  0.00,  0.00,  0.00,  0.00,  0.00,  0.00,  0.00,  0.00,  0.00,  0.00,  0.00,  0.00,  0.00,  0.00,  0.00,   0.00,   1.96,  -9.80,   5.88,   0.00,  1.00,   0.438,   0.000,  -0.022,  -0.108,    3.412,    0.932

WHOLE-SEQ,>44069,   1.32,   3.63,  303, 100.00, 11.55,  0.66,  5.94,  2.31,  3.63,  8.25,  0.66,  5.61,  3.96,  7.59,  1.98,  7.59,  4.62,  6.27,  2.64,  6.93,  5.94,  8.91,  2.31,  2.64,   6.60,   8.25,  -1.65,  14.85,   8.58,  4.99,   0.495,   0.017,   0.210,  -0.060,    4.066,    0.995
WIN21-MAX,>44069,   9.52,  14.29,   21, 100.00, 28.57,  9.52, 14.29, 14.29, 14.29, 28.57,  4.76, 14.29, 14.29, 28.57,  9.52, 19.05, 19.05, 14.29,  9.52, 23.81, 28.57, 28.57,  9.52,  9.52,  23.81,  23.81,  23.81,  33.33,  19.05, 14.00,   0.659,   0.238,   0.637,   0.096,    3.880,    1.220
WIN21-MIN,>44069,  -9.52,  -9.52,   21, 100.00,  0.00,  0.00,  0.00,  0.00,  0.00,  0.00,  0.00,  0.00,  0.00,  0.00,  0.00,  0.00,  0.00,  0.00,  0.00,  0.00,  0.00,  0.00,  0.00,  0.00,   0.00,   0.00, -23.81,   0.00,   0.00,  1.00,   0.380,   0.000,  -0.283,  -0.152,    2.715,    0.826
WIN51-MAX,>44069,   7.84,   9.80,   51, 100.00, 19.61,  3.92, 11.76,  5.88,  7.84, 15.69,  3.92,  9.80,  9.80, 15.69,  5.88, 15.69,  9.80,  9.80,  7.84, 13.73, 13.73, 15.69,  9.80,  5.88,  13.73,  15.69,  11.76,  25.49,  15.69, 11.46,   0.604,   0.118,   0.473,   0.019,    4.109,    1.111
WIN51-MIN,>44069,  -3.92,  -1.96,   51, 100.00,  0.00,  0.00,  0.00,  0.00,  0.00,  0.00,  0.00,  0.00,  0.00,  0.00,  0.00,  0.00,  0.00,  0.00,  0.00,  0.00,  0.00,  0.00,  0.00,  0.00,   0.00,   1.96,  -9.80,   5.88,   0.00,  1.00,   0.437,   0.000,  -0.024,  -0.110,    3.412,    0.932

WHOLE-SEQ,>10162,   1.65,   3.63,  303, 100.00, 11.22,  0.66,  5.94,  2.31,  3.63,  8.25,  0.66,  5.61,  4.29,  7.59,  1.98,  7.59,  4.62,  5.94,  2.64,  6.93,  5.94,  8.91,  2.64,  2.64,   6.93,   8.25,  -1.32,  15.18,   8.91,  5.22,   0.493,   0.013,   0.210,  -0.060,    4.075,    0.997
WIN21-MAX,>10162,   9.52,  14.29,   21, 100.00, 28.57,  9.52, 14.29, 14.29, 14.29, 28.57,  4.76, 14.29, 14.29, 28.57,  9.52, 19.05, 19.05, 14.29,  9.52, 19.05, 28.57, 28.57,  9.52,  9.52,  23.81,  23.81,  23.81,  33.33,  23.81, 14.00,   0.659,   0.238,   0.637,   0.091,    3.880,    1.220
WIN21-MIN,>10162,  -9.52,  -9.52,   21, 100.00,  0.00,  0.00,  0.00,  0.00,  0.00,  0.00,  0.00,  0.00,  0.00,  0.00,  0.00,  0.00,  0.00,  0.00,  0.00,  0.00,  0.00,  0.00,  0.00,  0.00,   0.00,   0.00, -23.81,   0.00,   0.00,  1.00,   0.380,   0.000,  -0.283,  -0.152,    2.715,    0.826
WIN51-MAX,>10162,   7.84,   9.80,   51, 100.00, 19.61,  3.92, 11.76,  5.88,  7.84, 15.69,  3.92,  9.80,  9.80, 15.69,  5.88, 13.73,  9.80,  9.80,  7.84, 11.76, 11.76, 15.69,  9.80,  5.88,  13.73,  15.69,  11.76,  25.49,  15.69, 11.46,   0.604,   0.118,   0.473,   0.016,    4.109,    1.108
WIN51-MIN,>10162,  -3.92,  -1.96,   51, 100.00,  0.00,  0.00,  0.00,  0.00,  0.00,  0.00,  0.00,  0.00,  0.00,  0.00,  0.00,  0.00,  0.00,  0.00,  0.00,  0.00,  0.00,  0.00,  0.00,  0.00,   0.00,   1.96,  -9.80,   5.88,   0.00,  1.00,   0.437,   0.000,  -0.008,  -0.106,    3.412,    0.932

WHOLE-SEQ,>46843,   1.65,   4.29,  303, 100.00, 11.22,  0.99,  6.27,  1.98,  2.97,  8.25,  0.99,  5.61,  4.29,  7.59,  1.98,  7.59,  4.62,  5.94,  2.64,  6.93,  5.61,  9.24,  2.64,  2.64,   6.93,   8.25,  -1.32,  15.18,   8.25,  5.41,   0.493,   0.013,   0.209,  -0.058,    4.081,    0.997
WIN21-MAX,>46843,  14.29,  14.29,   21, 100.00, 28.57,  9.52, 14.29,  9.52,  9.52, 28.57,  9.52, 14.29, 14.29, 28.57,  9.52, 19.05, 19.05, 14.29,  9.52, 19.05, 28.57, 28.57,  9.52,  9.52,  23.81,  19.05,  23.81,  33.33,  19.05, 14.00,   0.659,   0.238,   0.637,   0.093,    3.880,    1.199
WIN21-MIN,>46843,  -9.52,  -4.76,   21, 100.00,  0.00,  0.00,  0.00,  0.00,  0.00,  0.00,  0.00,  0.00,  0.00,  0.00,  0.00,  0.00,  0.00,  0.00,  0.00,  0.00,  0.00,  0.00,  0.00,  0.00,   0.00,   0.00, -19.05,   0.00,   0.00,  1.00,   0.394,   0.000,  -0.202,  -0.152,    2.715,    0.835
WIN51-MAX,>46843,   7.84,   9.80,   51, 100.00, 19.61,  3.92, 11.76,  3.92,  7.84, 15.69,  5.88,  9.80,  9.80, 15.69,  3.92, 13.73,  9.80,  9.80,  7.84, 11.76, 11.76, 15.69,  9.80,  5.88,  13.73,  15.69,  11.76,  25.49,  15.69, 11.46,   0.603,   0.118,   0.470,   0.017,    4.109,    1.119
WIN51-MIN,>46843,  -3.92,   0.00,   51, 100.00,  0.00,  0.00,  0.00,  0.00,  0.00,  0.00,  0.00,  0.00,  0.00,  0.00,  0.00,  0.00,  0.00,  0.00,  0.00,  0.00,  0.00,  0.00,  0.00,  0.00,   0.00,   1.96,  -9.80,   5.88,   0.00,  1.00,   0.441,   0.000,  -0.002,  -0.105,    3.412,    0.932

WHOLE-SEQ,>18167,   1.32,   4.29,  303, 100.00, 11.22,  0.99,  6.27,  1.98,  3.63,  8.25,  0.99,  5.61,  3.96,  7.59,  1.65,  7.59,  4.62,  5.94,  2.64,  7.26,  5.61,  8.91,  2.64,  2.64,   6.60,   8.25,  -1.65,  14.85,   8.91,  5.18,   0.494,   0.017,   0.208,  -0.057,    4.080,    0.997
WIN21-MAX,>18167,   9.52,  14.29,   21, 100.00, 28.57,  9.52, 14.29,  9.52, 14.29, 28.57,  9.52, 14.29, 14.29, 28.57,  9.52, 19.05, 19.05, 14.29,  9.52, 23.81, 28.57, 28.57,  9.52,  9.52,  23.81,  19.05,  23.81,  33.33,  23.81, 14.00,   0.659,   0.238,   0.637,   0.097,    3.880,    1.220
WIN21-MIN,>18167,  -9.52,  -4.76,   21, 100.00,  0.00,  0.00,  0.00,  0.00,  0.00,  0.00,  0.00,  0.00,  0.00,  0.00,  0.00,  0.00,  0.00,  0.00,  0.00,  0.00,  0.00,  0.00,  0.00,  0.00,   0.00,   0.00, -19.05,   0.00,   0.00,  1.00,   0.380,   0.000,  -0.236,  -0.152,    2.715,    0.821
WIN51-MAX,>18167,   7.84,   9.80,   51, 100.00, 19.61,  3.92, 11.76,  3.92,  7.84, 15.69,  5.88,  9.80,  9.80, 15.69,  3.92, 13.73,  9.80,  9.80,  7.84, 13.73, 11.76, 15.69,  9.80,  5.88,  13.73,  15.69,  11.76,  25.49,  15.69, 11.46,   0.604,   0.118,   0.473,   0.019,    4.109,    1.119
WIN51-MIN,>18167,  -3.92,   0.00,   51, 100.00,  0.00,  0.00,  0.00,  0.00,  0.00,  0.00,  0.00,  0.00,  0.00,  0.00,  0.00,  0.00,  0.00,  0.00,  0.00,  0.00,  0.00,  0.00,  0.00,  0.00,   0.00,   1.96,  -9.80,   5.88,   0.00,  1.00,   0.438,   0.000,  -0.003,  -0.105,    3.412,    0.932

WHOLE-SEQ,>47634,   1.32,   4.29,  303, 100.00, 11.22,  0.66,  6.27,  1.98,  3.30,  8.25,  0.66,  5.94,  4.29,  7.59,  2.31,  7.59,  4.29,  5.94,  2.97,  6.60,  5.61,  9.24,  2.64,  2.64,   7.26,   8.25,  -0.99,  15.51,   8.58,  5.44,   0.496,   0.010,   0.220,  -0.064,    4.073,    1.002
WIN21-MAX,>47634,   9.52,  14.29,   21, 100.00, 28.57,  9.52, 14.29,  9.52,  9.52, 28.57,  4.76, 14.29, 14.29, 28.57,  9.52, 19.05, 19.05, 14.29,  9.52, 19.05, 23.81, 28.57,  9.52,  9.52,  23.81,  19.05,  23.81,  33.33,  19.05, 14.00,   0.659,   0.238,   0.637,   0.093,    3.880,    1.199
WIN21-MIN,>47634,  -9.52,  -4.76,   21, 100.00,  0.00,  0.00,  0.00,  0.00,  0.00,  0.00,  0.00,  0.00,  0.00,  0.00,  0.00,  0.00,  0.00,  0.00,  0.00,  0.00,  0.00,  0.00,  0.00,  0.00,   0.00,   0.00, -19.05,   0.00,   0.00,  1.00,   0.394,   0.000,  -0.202,  -0.183,    2.715,    0.835
WIN51-MAX,>47634,   7.84,   9.80,   51, 100.00, 19.61,  3.92, 11.76,  3.92,  7.84, 15.69,  3.92, 11.76,  9.80, 15.69,  5.88, 15.69,  9.80,  9.80,  7.84, 11.76, 11.76, 15.69,  9.80,  5.88,  15.69,  15.69,  11.76,  27.45,  17.65, 11.46,   0.603,   0.118,   0.470,   0.017,    4.045,    1.126
WIN51-MIN,>47634,  -1.96,   0.00,   51, 100.00,  0.00,  0.00,  0.00,  0.00,  0.00,  0.00,  0.00,  0.00,  0.00,  0.00,  0.00,  0.00,  0.00,  0.00,  0.00,  0.00,  0.00,  0.00,  0.00,  0.00,   0.00,   1.96,  -9.80,   5.88,   0.00,  1.00,   0.448,   0.000,   0.027,  -0.123,    3.412,    0.932

WHOLE-SEQ,>18695,   1.65,   3.96,  303, 100.00, 11.22,  0.99,  5.94,  1.98,  3.30,  8.25,  0.66,  5.61,  4.29,  7.59,  1.98,  7.59,  4.62,  6.27,  2.64,  7.26,  5.61,  8.91,  2.64,  2.64,   6.93,   7.92,  -0.99,  14.85,   8.58,  5.43,   0.493,   0.010,   0.213,  -0.059,    4.076,    0.996
WIN21-MAX,>18695,  14.29,  14.29,   21, 100.00, 28.57,  9.52, 14.29,  9.52,  9.52, 28.57,  4.76, 14.29, 14.29, 28.57,  9.52, 19.05, 19.05, 14.29,  9.52, 23.81, 28.57, 28.57,  9.52,  9.52,  23.81,  19.05,  23.81,  33.33,  19.05, 14.00,   0.659,   0.238,   0.637,   0.099,    3.880,    1.220
WIN21-MIN,>18695,  -9.52,  -4.76,   21, 100.00,  0.00,  0.00,  0.00,  0.00,  0.00,  0.00,  0.00,  0.00,  0.00,  0.00,  0.00,  0.00,  0.00,  0.00,  0.00,  0.00,  0.00,  0.00,  0.00,  0.00,   0.00,   0.00, -19.05,   0.00,   0.00,  1.00,   0.380,   0.000,  -0.236,  -0.152,    2.715,    0.821
WIN51-MAX,>18695,   7.84,   9.80,   51, 100.00, 19.61,  3.92, 11.76,  3.92,  7.84, 15.69,  3.92,  9.80,  9.80, 15.69,  5.88, 13.73,  9.80,  9.80,  7.84, 13.73, 13.73, 15.69,  9.80,  5.88,  13.73,  15.69,  11.76,  25.49,  15.69, 11.46,   0.604,   0.118,   0.473,   0.020,    4.109,    1.115
WIN51-MIN,>18695,  -3.92,   0.00,   51, 100.00,  0.00,  0.00,  0.00,  0.00,  0.00,  0.00,  0.00,  0.00,  0.00,  0.00,  0.00,  0.00,  0.00,  0.00,  0.00,  0.00,  0.00,  0.00,  0.00,  0.00,   0.00,   1.96,  -9.80,   5.88,   0.00,  1.00,   0.438,   0.000,  -0.004,  -0.110,    3.412,    0.927

WHOLE-SEQ,>19840,   1.65,   4.29,  303, 100.00, 11.55,  0.66,  6.27,  1.98,  3.63,  8.25,  0.66,  5.94,  4.29,  7.59,  1.98,  7.59,  4.62,  5.94,  2.64,  6.93,  5.61,  8.91,  2.31,  2.64,   6.93,   8.25,  -1.32,  15.18,   8.58,  5.20,   0.496,   0.013,   0.218,  -0.060,    4.062,    0.996
WIN21-MAX,>19840,  14.29,  14.29,   21, 100.00, 28.57,  9.52, 14.29,  9.52,  9.52, 28.57,  4.76, 14.29, 14.29, 28.57,  9.52, 19.05, 19.05, 14.29,  9.52, 19.05, 23.81, 28.57,  9.52,  9.52,  23.81,  19.05,  23.81,  33.33,  19.05, 14.00,   0.659,   0.238,   0.637,   0.092,    3.880,    1.220
WIN21-MIN,>19840,  -9.52,  -4.76,   21, 100.00,  0.00,  0.00,  0.00,  0.00,  0.00,  0.00,  0.00,  0.00,  0.00,  0.00,  0.00,  0.00,  0.00,  0.00,  0.00,  0.00,  0.00,  0.00,  0.00,  0.00,   0.00,   0.00, -19.05,   0.00,   0.00,  1.00,   0.380,   0.000,  -0.236,  -0.152,    2.715,    0.820
WIN51-MAX,>19840,   7.84,   9.80,   51, 100.00, 19.61,  3.92, 11.76,  3.92,  7.84, 15.69,  3.92, 11.76,  9.80, 15.69,  5.88, 13.73,  9.80,  9.80,  7.84, 11.76,  9.80, 15.69,  9.80,  5.88,  13.73,  15.69,  11.76,  25.49,  17.65, 11.46,   0.604,   0.118,   0.473,   0.017,    4.109,    1.131
WIN51-MIN,>19840,  -3.92,   0.00,   51, 100.00,  0.00,  0.00,  0.00,  0.00,  0.00,  0.00,  0.00,  0.00,  0.00,  0.00,  0.00,  0.00,  0.00,  0.00,  0.00,  0.00,  0.00,  0.00,  0.00,  0.00,   0.00,   1.96,  -9.80,   5.88,   0.00,  1.00,   0.438,   0.000,  -0.003,  -0.105,    3.412,    0.932

WHOLE-SEQ,>54204,   1.65,   4.29,  303, 100.00, 11.55,  0.66,  6.27,  1.98,  3.63,  8.25,  0.66,  5.94,  4.29,  7.59,  1.98,  7.59,  4.62,  5.94,  2.64,  6.93,  5.61,  8.91,  2.31,  2.64,   6.93,   8.25,  -1.32,  15.18,   8.58,  5.20,   0.496,   0.013,   0.218,  -0.060,    4.062,    0.996
WIN21-MAX,>54204,  14.29,  14.29,   21, 100.00, 28.57,  9.52, 14.29,  9.52,  9.52, 28.57,  4.76, 14.29, 14.29, 28.57,  9.52, 19.05, 19.05, 14.29,  9.52, 23.81, 23.81, 28.57,  9.52,  9.52,  23.81,  19.05,  23.81,  33.33,  19.05, 14.00,   0.659,   0.238,   0.637,   0.098,    3.880,    1.220
WIN21-MIN,>54204,  -9.52,  -4.76,   21, 100.00,  0.00,  0.00,  0.00,  0.00,  0.00,  0.00,  0.00,  0.00,  0.00,  0.00,  0.00,  0.00,  0.00,  0.00,  0.00,  0.00,  0.00,  0.00,  0.00,  0.00,   0.00,   0.00, -19.05,   0.00,   0.00,  1.00,   0.380,   0.000,  -0.236,  -0.152,    2.715,    0.801
WIN51-MAX,>54204,   7.84,   9.80,   51, 100.00, 19.61,  3.92, 11.76,  3.92,  7.84, 15.69,  3.92, 11.76,  9.80, 15.69,  5.88, 15.69,  9.80,  9.80,  7.84, 13.73, 11.76, 15.69,  9.80,  5.88,  13.73,  15.69,  11.76,  25.49,  17.65, 11.46,   0.604,   0.118,   0.473,   0.020,    4.109,    1.126
WIN51-MIN,>54204,  -3.92,   0.00,   51, 100.00,  0.00,  0.00,  0.00,  0.00,  0.00,  0.00,  0.00,  0.00,  0.00,  0.00,  0.00,  0.00,  0.00,  0.00,  0.00,  0.00,  0.00,  0.00,  0.00,  0.00,   0.00,   1.96,  -9.80,   5.88,   0.00,  1.00,   0.438,   0.000,  -0.003,  -0.110,    3.412,    0.932

WHOLE-SEQ,>54865,   1.32,   3.63,  303, 100.00, 11.22,  0.66,  5.94,  2.31,  3.30,  8.25,  0.99,  5.94,  4.29,  7.59,  1.98,  7.26,  4.29,  5.94,  2.97,  7.26,  5.61,  8.91,  2.64,  2.64,   7.26,   8.25,  -0.99,  15.51,   8.58,  5.75,   0.493,   0.010,   0.212,  -0.063,    4.084,    1.000
WIN21-MAX,>54865,   9.52,  14.29,   21, 100.00, 28.57,  9.52, 14.29,  9.52,  9.52, 28.57,  9.52, 14.29, 14.29, 28.57,  9.52, 19.05, 19.05, 14.29,  9.52, 23.81, 23.81, 28.57,  9.52,  9.52,  23.81,  19.05,  23.81,  33.33,  19.05, 14.00,   0.659,   0.238,   0.637,   0.099,    3.880,    1.220
WIN21-MIN,>54865,  -9.52,  -4.76,   21, 100.00,  0.00,  0.00,  0.00,  0.00,  0.00,  0.00,  0.00,  0.00,  0.00,  0.00,  0.00,  0.00,  0.00,  0.00,  0.00,  0.00,  0.00,  0.00,  0.00,  0.00,   0.00,   0.00, -19.05,   0.00,   0.00,  1.00,   0.380,   0.000,  -0.236,  -0.183,    2.715,    0.821
WIN51-MAX,>54865,   7.84,   9.80,   51, 100.00, 19.61,  3.92, 11.76,  5.88,  7.84, 15.69,  5.88, 11.76,  9.80, 15.69,  5.88, 13.73,  9.80,  9.80,  7.84, 13.73, 11.76, 15.69,  9.80,  5.88,  15.69,  15.69,   9.80,  27.45,  15.69, 11.26,   0.604,   0.098,   0.473,   0.020,    4.045,    1.124
WIN51-MIN,>54865,  -1.96,   0.00,   51, 100.00,  0.00,  0.00,  0.00,  0.00,  0.00,  0.00,  0.00,  0.00,  0.00,  0.00,  0.00,  0.00,  0.00,  0.00,  0.00,  0.00,  0.00,  0.00,  0.00,  0.00,   0.00,   1.96,  -9.80,   5.88,   0.00,  1.00,   0.438,   0.000,  -0.003,  -0.123,    3.412,    0.932

WHOLE-SEQ,>44307,   1.98,   3.96,  303, 100.00, 11.22,  0.66,  6.27,  2.31,  3.63,  8.25,  0.99,  5.61,  4.29,  7.59,  1.98,  7.26,  4.62,  5.94,  2.31,  7.26,  5.61,  8.91,  2.64,  2.64,   6.60,   8.58,  -1.98,  15.18,   8.91,  5.00,   0.494,   0.020,   0.205,  -0.059,    4.080,    0.996
WIN21-MAX,>44307,  14.29,  14.29,   21, 100.00, 28.57,  9.52, 14.29, 14.29, 14.29, 28.57,  9.52, 14.29, 14.29, 28.57,  9.52, 19.05, 19.05, 14.29,  9.52, 23.81, 28.57, 28.57,  9.52,  9.52,  23.81,  23.81,  23.81,  33.33,  23.81, 14.00,   0.659,   0.238,   0.637,   0.097,    3.880,    1.220
WIN21-MIN,>44307,  -9.52,  -9.52,   21, 100.00,  0.00,  0.00,  0.00,  0.00,  0.00,  0.00,  0.00,  0.00,  0.00,  0.00,  0.00,  0.00,  0.00,  0.00,  0.00,  0.00,  0.00,  0.00,  0.00,  0.00,   0.00,   0.00, -23.81,   0.00,   0.00,  1.00,   0.380,   0.000,  -0.283,  -0.152,    2.715,    0.826
WIN51-MAX,>44307,   7.84,   9.80,   51, 100.00, 19.61,  3.92, 11.76,  5.88,  7.84, 15.69,  5.88,  9.80,  9.80, 15.69,  5.88, 13.73,  9.80,  9.80,  7.84, 13.73, 11.76, 15.69,  9.80,  5.88,  13.73,  15.69,  11.76,  25.49,  15.69, 11.46,   0.604,   0.118,   0.473,   0.019,    4.109,    1.113
WIN51-MIN,>44307,  -3.92,  -1.96,   51, 100.00,  0.00,  0.00,  0.00,  0.00,  0.00,  0.00,  0.00,  0.00,  0.00,  0.00,  0.00,  0.00,  0.00,  0.00,  0.00,  0.00,  0.00,  0.00,  0.00,  0.00,   0.00,   1.96,  -9.80,   5.88,   0.00,  1.00,   0.438,   0.000,  -0.022,  -0.108,    3.412,    0.932

WHOLE-SEQ,>122248,   1.32,   3.63,  303, 100.00, 11.55,  0.99,  5.94,  2.31,  3.63,  8.25,  0.66,  5.61,  3.96,  7.59,  1.65,  7.59,  4.62,  6.27,  2.64,  7.26,  5.61,  8.91,  2.31,  2.64,   6.60,   8.25,  -1.65,  14.85,   8.58,  4.99,   0.495,   0.017,   0.210,  -0.059,    4.068,    0.995
WIN21-MAX,>122248,   9.52,  14.29,   21, 100.00, 28.57,  9.52, 14.29,  9.52, 14.29, 28.57,  4.76, 14.29, 14.29, 28.57,  9.52, 19.05, 19.05, 14.29,  9.52, 23.81, 28.57, 28.57,  9.52,  9.52,  23.81,  19.05,  23.81,  33.33,  19.05, 14.00,   0.659,   0.238,   0.637,   0.096,    3.880,    1.220
WIN21-MIN,>122248,  -9.52,  -4.76,   21, 100.00,  0.00,  0.00,  0.00,  0.00,  0.00,  0.00,  0.00,  0.00,  0.00,  0.00,  0.00,  0.00,  0.00,  0.00,  0.00,  0.00,  0.00,  0.00,  0.00,  0.00,   0.00,   0.00, -19.05,   0.00,   0.00,  1.00,   0.380,   0.000,  -0.236,  -0.152,    2.715,    0.821
WIN51-MAX,>122248,   7.84,   9.80,   51, 100.00, 19.61,  3.92, 11.76,  5.88,  7.84, 15.69,  3.92,  9.80,  9.80, 15.69,  3.92, 13.73,  9.80,  9.80,  7.84, 13.73, 11.76, 15.69,  9.80,  5.88,  13.73,  15.69,   9.80,  25.49,  15.69, 11.26,   0.604,   0.098,   0.473,   0.019,    4.109,    1.117
WIN51-MIN,>122248,  -3.92,   0.00,   51, 100.00,  0.00,  0.00,  0.00,  0.00,  0.00,  0.00,  0.00,  0.00,  0.00,  0.00,  0.00,  0.00,  0.00,  0.00,  0.00,  0.00,  0.00,  0.00,  0.00,  0.00,   0.00,   1.96,  -9.80,   5.88,   0.00,  1.00,   0.438,   0.000,  -0.003,  -0.105,    3.412,    0.932

WHOLE-SEQ,>5722,   1.98,   4.29,  303, 100.00, 11.22,  0.66,  6.27,  1.98,  3.63,  8.25,  0.66,  5.61,  4.29,  7.59,  1.98,  7.59,  4.62,  6.27,  2.31,  7.26,  5.61,  8.91,  2.64,  2.64,   6.60,   8.25,  -1.65,  14.85,   8.91,  4.98,   0.494,   0.017,   0.208,  -0.058,    4.064,    0.995
WIN21-MAX,>5722,  14.29,  14.29,   21, 100.00, 28.57,  9.52, 14.29,  9.52, 14.29, 28.57,  4.76, 14.29, 14.29, 28.57,  9.52, 19.05, 19.05, 14.29,  9.52, 23.81, 28.57, 28.57,  9.52,  9.52,  23.81,  19.05,  23.81,  33.33,  23.81, 14.00,   0.659,   0.238,   0.637,   0.097,    3.880,    1.220
WIN21-MIN,>5722,  -9.52,  -4.76,   21, 100.00,  0.00,  0.00,  0.00,  0.00,  0.00,  0.00,  0.00,  0.00,  0.00,  0.00,  0.00,  0.00,  0.00,  0.00,  0.00,  0.00,  0.00,  0.00,  0.00,  0.00,   0.00,   0.00, -19.05,   0.00,   0.00,  1.00,   0.380,   0.000,  -0.236,  -0.152,    2.715,    0.821
WIN51-MAX,>5722,   7.84,   9.80,   51, 100.00, 19.61,  3.92, 11.76,  3.92,  7.84, 15.69,  3.92,  9.80,  9.80, 15.69,  5.88, 13.73,  9.80,  9.80,  7.84, 13.73, 11.76, 15.69,  9.80,  5.88,  13.73,  15.69,  11.76,  25.49,  15.69, 11.46,   0.604,   0.118,   0.473,   0.019,    4.109,    1.108
WIN51-MIN,>5722,  -3.92,   0.00,   51, 100.00,  0.00,  0.00,  0.00,  0.00,  0.00,  0.00,  0.00,  0.00,  0.00,  0.00,  0.00,  0.00,  0.00,  0.00,  0.00,  0.00,  0.00,  0.00,  0.00,  0.00,   0.00,   1.96,  -9.80,   5.88,   0.00,  1.00,   0.438,   0.000,  -0.008,  -0.105,    3.412,    0.932

WHOLE-SEQ,>36931,   1.65,   3.96,  303, 100.00, 11.22,  0.99,  5.94,  1.98,  3.63,  8.25,  0.66,  5.94,  4.29,  7.59,  1.65,  7.92,  4.62,  5.94,  2.64,  6.60,  5.94,  8.91,  2.64,  2.64,   6.93,   7.92,  -0.99,  14.85,   8.91,  5.43,   0.496,   0.010,   0.219,  -0.060,    4.073,    1.001
WIN21-MAX,>36931,   9.52,  14.29,   21, 100.00, 28.57,  9.52, 14.29,  9.52, 14.29, 28.57,  4.76, 14.29, 14.29, 28.57,  9.52, 19.05, 19.05, 14.29,  9.52, 19.05, 23.81, 28.57,  9.52,  9.52,  23.81,  19.05,  23.81,  33.33,  23.81, 14.00,   0.659,   0.238,   0.637,   0.091,    3.916,    1.220
WIN21-MIN,>36931,  -9.52,  -4.76,   21, 100.00,  0.00,  0.00,  0.00,  0.00,  0.00,  0.00,  0.00,  0.00,  0.00,  0.00,  0.00,  0.00,  0.00,  0.00,  0.00,  0.00,  0.00,  0.00,  0.00,  0.00,   0.00,   0.00, -19.05,   0.00,   0.00,  1.00,   0.380,   0.000,  -0.236,  -0.152,    2.715,    0.821
WIN51-MAX,>36931,   7.84,   9.80,   51, 100.00, 19.61,  3.92, 11.76,  3.92,  7.84, 15.69,  3.92, 11.76,  9.80, 15.69,  3.92, 15.69,  9.80,  9.80,  7.84, 11.76, 11.76, 15.69,  9.80,  5.88,  13.73,  15.69,  11.76,  25.49,  15.69, 11.46,   0.604,   0.118,   0.473,   0.016,    4.109,    1.120
WIN51-MIN,>36931,  -3.92,   0.00,   51, 100.00,  0.00,  0.00,  0.00,  0.00,  0.00,  0.00,  0.00,  0.00,  0.00,  0.00,  0.00,  0.00,  0.00,  0.00,  0.00,  0.00,  0.00,  0.00,  0.00,  0.00,   0.00,   1.96,  -9.80,   5.88,   0.00,  1.00,   0.437,   0.000,   0.011,  -0.110,    3.412,    0.932

WHOLE-SEQ,>3346,   0.99,   3.63,  303, 100.00, 11.22,  0.66,  5.94,  2.31,  3.63,  8.25,  0.66,  5.61,  3.96,  7.59,  1.98,  7.59,  4.62,  5.94,  2.97,  6.93,  5.94,  8.91,  2.64,  2.64,   6.93,   8.25,  -1.32,  15.18,   8.91,  5.22,   0.493,   0.013,   0.210,  -0.060,    4.076,    0.997
WIN21-MAX,>3346,   9.52,  14.29,   21, 100.00, 28.57,  9.52, 14.29, 14.29,  9.52, 28.57,  4.76, 14.29, 14.29, 28.57,  9.52, 19.05, 19.05, 14.29,  9.52, 19.05, 28.57, 28.57,  9.52,  9.52,  23.81,  23.81,  23.81,  33.33,  19.05, 14.00,   0.659,   0.238,   0.637,   0.093,    3.880,    1.220
WIN21-MIN,>3346,  -9.52,  -9.52,   21, 100.00,  0.00,  0.00,  0.00,  0.00,  0.00,  0.00,  0.00,  0.00,  0.00,  0.00,  0.00,  0.00,  0.00,  0.00,  0.00,  0.00,  0.00,  0.00,  0.00,  0.00,   0.00,   0.00, -23.81,   0.00,   0.00,  1.00,   0.380,   0.000,  -0.283,  -0.152,    2.715,    0.826
WIN51-MAX,>3346,   7.84,   9.80,   51, 100.00, 19.61,  3.92, 11.76,  5.88,  7.84, 15.69,  3.92,  9.80,  9.80, 15.69,  5.88, 13.73,  9.80,  9.80,  7.84, 11.76, 11.76, 15.69,  9.80,  5.88,  13.73,  15.69,  11.76,  25.49,  17.65, 11.46,   0.604,   0.118,   0.473,   0.017,    4.109,    1.122
WIN51-MIN,>3346,  -3.92,  -1.96,   51, 100.00,  0.00,  0.00,  0.00,  0.00,  0.00,  0.00,  0.00,  0.00,  0.00,  0.00,  0.00,  0.00,  0.00,  0.00,  0.00,  0.00,  0.00,  0.00,  0.00,  0.00,   0.00,   1.96,  -9.80,   5.88,   0.00,  1.00,   0.438,   0.000,  -0.022,  -0.108,    3.412,    0.932

WHOLE-SEQ,>5336,   0.99,   3.63,  303, 100.00, 11.22,  0.66,  5.94,  2.31,  3.63,  8.25,  0.66,  5.61,  3.96,  7.59,  1.98,  7.59,  4.62,  5.94,  2.97,  6.93,  5.94,  8.91,  2.64,  2.64,   6.93,   8.25,  -1.32,  15.18,   8.91,  5.22,   0.493,   0.013,   0.210,  -0.060,    4.076,    0.997
WIN21-MAX,>5336,   9.52,  14.29,   21, 100.00, 28.57,  9.52, 14.29,  9.52,  9.52, 28.57,  4.76, 14.29, 14.29, 28.57,  9.52, 19.05, 19.05, 14.29,  9.52, 19.05, 28.57, 28.57,  9.52,  9.52,  23.81,  19.05,  23.81,  33.33,  19.05, 14.00,   0.659,   0.238,   0.637,   0.093,    3.880,    1.220
WIN21-MIN,>5336,  -9.52,  -4.76,   21, 100.00,  0.00,  0.00,  0.00,  0.00,  0.00,  0.00,  0.00,  0.00,  0.00,  0.00,  0.00,  0.00,  0.00,  0.00,  0.00,  0.00,  0.00,  0.00,  0.00,  0.00,   0.00,   0.00, -19.05,   0.00,   0.00,  1.00,   0.380,   0.000,  -0.236,  -0.152,    2.715,    0.821
WIN51-MAX,>5336,   7.84,   9.80,   51, 100.00, 19.61,  3.92, 11.76,  5.88,  7.84, 15.69,  3.92,  9.80,  9.80, 15.69,  5.88, 13.73,  9.80,  9.80,  7.84, 11.76, 11.76, 15.69,  9.80,  5.88,  13.73,  15.69,   9.80,  25.49,  17.65, 11.26,   0.604,   0.098,   0.473,   0.017,    4.109,    1.124
WIN51-MIN,>5336,  -3.92,   0.00,   51, 100.00,  0.00,  0.00,  0.00,  0.00,  0.00,  0.00,  0.00,  0.00,  0.00,  0.00,  0.00,  0.00,  0.00,  0.00,  0.00,  0.00,  0.00,  0.00,  0.00,  0.00,   0.00,   1.96,  -9.80,   5.88,   0.00,  1.00,   0.438,   0.000,  -0.003,  -0.105,    3.412,    0.932

WHOLE-SEQ,>13944,   0.99,   3.63,  303, 100.00, 11.22,  0.66,  5.94,  2.31,  3.63,  8.25,  0.66,  5.61,  3.96,  7.59,  1.98,  7.59,  4.62,  5.94,  2.97,  6.93,  5.94,  8.91,  2.64,  2.64,   6.93,   8.25,  -1.32,  15.18,   8.91,  5.22,   0.493,   0.013,   0.210,  -0.060,    4.076,    0.997
WIN21-MAX,>13944,   9.52,  14.29,   21, 100.00, 28.57,  9.52, 14.29, 14.29,  9.52, 28.57,  4.76, 14.29, 14.29, 28.57,  9.52, 19.05, 19.05, 14.29,  9.52, 23.81, 28.57, 28.57,  9.52,  9.52,  23.81,  23.81,  23.81,  33.33,  19.05, 14.00,   0.659,   0.238,   0.637,   0.099,    3.880,    1.220
WIN21-MIN,>13944,  -9.52,  -9.52,   21, 100.00,  0.00,  0.00,  0.00,  0.00,  0.00,  0.00,  0.00,  0.00,  0.00,  0.00,  0.00,  0.00,  0.00,  0.00,  0.00,  0.00,  0.00,  0.00,  0.00,  0.00,   0.00,   0.00, -23.81,   0.00,   0.00,  1.00,   0.380,   0.000,  -0.283,  -0.152,    2.715,    0.826
WIN51-MAX,>13944,   7.84,   9.80,   51, 100.00, 19.61,  3.92, 11.76,  5.88,  7.84, 15.69,  3.92,  9.80,  9.80, 15.69,  5.88, 15.69,  9.80,  9.80,  7.84, 13.73, 13.73, 15.69,  9.80,  5.88,  13.73,  15.69,  11.76,  25.49,  17.65, 11.46,   0.604,   0.118,   0.473,   0.020,    4.109,    1.117
WIN51-MIN,>13944,  -3.92,  -1.96,   51, 100.00,  0.00,  0.00,  0.00,  0.00,  0.00,  0.00,  0.00,  0.00,  0.00,  0.00,  0.00,  0.00,  0.00,  0.00,  0.00,  0.00,  0.00,  0.00,  0.00,  0.00,   0.00,   1.96,  -9.80,   5.88,   0.00,  1.00,   0.438,   0.000,  -0.022,  -0.110,    3.412,    0.932

WHOLE-SEQ,>18930,   0.99,   3.63,  303, 100.00, 11.22,  0.66,  5.94,  2.31,  3.63,  8.25,  0.66,  5.61,  3.96,  7.59,  1.98,  7.59,  4.62,  5.94,  2.97,  6.93,  5.94,  8.91,  2.64,  2.64,   6.93,   8.25,  -1.32,  15.18,   8.91,  5.22,   0.493,   0.013,   0.210,  -0.060,    4.076,    0.997
WIN21-MAX,>18930,   9.52,  14.29,   21, 100.00, 28.57,  9.52, 14.29,  9.52,  9.52, 28.57,  4.76, 14.29, 14.29, 28.57,  9.52, 19.05, 19.05, 14.29,  9.52, 23.81, 28.57, 28.57,  9.52,  9.52,  23.81,  19.05,  23.81,  33.33,  19.05, 14.00,   0.659,   0.238,   0.637,   0.099,    3.880,    1.220
WIN21-MIN,>18930,  -9.52,  -4.76,   21, 100.00,  0.00,  0.00,  0.00,  0.00,  0.00,  0.00,  0.00,  0.00,  0.00,  0.00,  0.00,  0.00,  0.00,  0.00,  0.00,  0.00,  0.00,  0.00,  0.00,  0.00,   0.00,   0.00, -19.05,   0.00,   0.00,  1.00,   0.380,   0.000,  -0.236,  -0.152,    2.715,    0.821
WIN51-MAX,>18930,   7.84,   9.80,   51, 100.00, 19.61,  3.92, 11.76,  5.88,  7.84, 15.69,  3.92,  9.80,  9.80, 15.69,  5.88, 13.73,  9.80,  9.80,  7.84, 13.73, 13.73, 15.69,  9.80,  5.88,  13.73,  15.69,   9.80,  25.49,  17.65, 11.26,   0.604,   0.098,   0.473,   0.020,    4.109,    1.119
WIN51-MIN,>18930,  -3.92,   0.00,   51, 100.00,  0.00,  0.00,  0.00,  0.00,  0.00,  0.00,  0.00,  0.00,  0.00,  0.00,  0.00,  0.00,  0.00,  0.00,  0.00,  0.00,  0.00,  0.00,  0.00,  0.00,   0.00,   1.96,  -9.80,   5.88,   0.00,  1.00,   0.438,   0.000,  -0.003,  -0.110,    3.412,    0.932

WHOLE-SEQ,>85013,   1.65,   3.63,  303, 100.00, 11.22,  0.66,  5.94,  2.31,  3.63,  8.25,  0.99,  5.61,  4.29,  7.59,  1.98,  7.92,  4.62,  5.61,  2.64,  6.60,  5.94,  8.91,  2.64,  2.64,   6.93,   8.25,  -1.32,  15.18,   8.91,  5.42,   0.493,   0.013,   0.208,  -0.059,    4.083,    0.997
WIN21-MAX,>85013,   9.52,  14.29,   21, 100.00, 28.57,  9.52, 14.29, 14.29, 14.29, 28.57,  9.52, 14.29, 14.29, 28.57,  9.52, 19.05, 19.05, 14.29,  9.52, 19.05, 28.57, 28.57,  9.52,  9.52,  23.81,  23.81,  23.81,  33.33,  23.81, 14.00,   0.659,   0.238,   0.637,   0.091,    3.880,    1.220
WIN21-MIN,>85013,  -9.52,  -9.52,   21, 100.00,  0.00,  0.00,  0.00,  0.00,  0.00,  0.00,  0.00,  0.00,  0.00,  0.00,  0.00,  0.00,  0.00,  0.00,  0.00,  0.00,  0.00,  0.00,  0.00,  0.00,   0.00,   0.00, -23.81,   0.00,   0.00,  1.00,   0.380,   0.000,  -0.283,  -0.152,    2.715,    0.826
WIN51-MAX,>85013,   7.84,   9.80,   51, 100.00, 19.61,  3.92, 11.76,  5.88,  7.84, 15.69,  5.88,  9.80,  9.80, 15.69,  5.88, 15.69,  9.80,  7.84,  7.84, 11.76, 11.76, 15.69,  9.80,  5.88,  13.73,  15.69,  11.76,  25.49,  15.69, 11.46,   0.604,   0.118,   0.473,   0.016,    4.109,    1.108
WIN51-MIN,>85013,  -3.92,  -1.96,   51, 100.00,  0.00,  0.00,  0.00,  0.00,  0.00,  0.00,  0.00,  0.00,  0.00,  0.00,  0.00,  0.00,  0.00,  0.00,  0.00,  0.00,  0.00,  0.00,  0.00,  0.00,   0.00,   1.96,  -9.80,   5.88,   0.00,  1.00,   0.437,   0.000,  -0.022,  -0.106,    3.412,    0.932

WHOLE-SEQ,>19943,   1.65,   4.29,  303, 100.00, 11.22,  0.66,  6.27,  1.98,  3.30,  8.25,  0.66,  5.61,  4.29,  7.59,  2.31,  7.59,  4.62,  5.94,  2.64,  7.26,  5.61,  8.91,  2.64,  2.64,   6.93,   8.25,  -1.32,  15.18,   8.58,  5.20,   0.493,   0.013,   0.209,  -0.058,    4.071,    0.994
WIN21-MAX,>19943,  14.29,  14.29,   21, 100.00, 28.57,  9.52, 14.29,  9.52,  9.52, 28.57,  4.76, 14.29, 14.29, 28.57,  9.52, 19.05, 19.05, 14.29,  9.52, 23.81, 28.57, 28.57,  9.52,  9.52,  23.81,  19.05,  23.81,  33.33,  19.05, 14.00,   0.659,   0.238,   0.637,   0.099,    3.880,    1.199
WIN21-MIN,>19943,  -9.52,  -4.76,   21, 100.00,  0.00,  0.00,  0.00,  0.00,  0.00,  0.00,  0.00,  0.00,  0.00,  0.00,  0.00,  0.00,  0.00,  0.00,  0.00,  0.00,  0.00,  0.00,  0.00,  0.00,   0.00,   0.00, -19.05,   0.00,   0.00,  1.00,   0.380,   0.000,  -0.236,  -0.152,    2.715,    0.821
WIN51-MAX,>19943,   7.84,   9.80,   51, 100.00, 19.61,  3.92, 11.76,  3.92,  7.84, 15.69,  3.92,  9.80,  9.80, 15.69,  5.88, 13.73,  9.80,  9.80,  7.84, 13.73, 11.76, 15.69,  9.80,  5.88,  13.73,  15.69,  11.76,  25.49,  17.65, 11.46,   0.603,   0.118,   0.470,   0.020,    4.109,    1.122
WIN51-MIN,>19943,  -3.92,   0.00,   51, 100.00,  0.00,  0.00,  0.00,  0.00,  0.00,  0.00,  0.00,  0.00,  0.00,  0.00,  0.00,  0.00,  0.00,  0.00,  0.00,  0.00,  0.00,  0.00,  0.00,  0.00,   0.00,   1.96,  -9.80,   5.88,   0.00,  1.00,   0.438,   0.000,  -0.003,  -0.105,    3.412,    0.932

WHOLE-SEQ,>94298,   1.98,   3.96,  303, 100.00, 11.22,  0.99,  5.94,  1.98,  3.30,  8.25,  0.99,  5.61,  4.62,  7.59,  1.98,  7.92,  4.62,  5.61,  2.64,  6.93,  5.61,  8.91,  2.64,  2.64,   7.26,   7.92,  -0.66,  15.18,   8.58,  6.15,   0.492,   0.007,   0.213,  -0.058,    4.086,    0.996
WIN21-MAX,>94298,  14.29,  14.29,   21, 100.00, 28.57,  9.52, 14.29,  9.52,  9.52, 28.57,  9.52, 14.29, 14.29, 28.57,  9.52, 19.05, 19.05, 14.29,  9.52, 19.05, 28.57, 28.57,  9.52,  9.52,  23.81,  19.05,  23.81,  33.33,  19.05, 14.00,   0.659,   0.238,   0.637,   0.093,    3.916,    1.220
WIN21-MIN,>94298,  -9.52,  -4.76,   21, 100.00,  0.00,  0.00,  0.00,  0.00,  0.00,  0.00,  0.00,  0.00,  0.00,  0.00,  0.00,  0.00,  0.00,  0.00,  0.00,  0.00,  0.00,  0.00,  0.00,  0.00,   0.00,   0.00, -19.05,   0.00,   0.00,  1.00,   0.380,   0.000,  -0.236,  -0.152,    2.715,    0.821
WIN51-MAX,>94298,   7.84,   9.80,   51, 100.00, 19.61,  3.92, 11.76,  3.92,  7.84, 15.69,  5.88,  9.80,  9.80, 15.69,  5.88, 13.73,  9.80,  7.84,  7.84, 11.76, 11.76, 15.69,  9.80,  5.88,  13.73,  15.69,  11.76,  25.49,  15.69, 11.46,   0.604,   0.118,   0.473,   0.017,    4.109,    1.119
WIN51-MIN,>94298,  -3.92,   0.00,   51, 100.00,  0.00,  0.00,  0.00,  0.00,  0.00,  0.00,  0.00,  0.00,  0.00,  0.00,  0.00,  0.00,  0.00,  0.00,  0.00,  0.00,  0.00,  0.00,  0.00,  0.00,   0.00,   1.96,  -9.80,   5.88,   0.00,  1.00,   0.437,   0.000,  -0.002,  -0.105,    3.412,    0.927

WHOLE-SEQ,>101037,   1.32,   3.63,  303, 100.00, 11.22,  0.66,  5.94,  2.31,  3.63,  8.25,  0.66,  5.94,  4.29,  7.59,  1.98,  7.59,  4.29,  5.94,  2.97,  6.93,  5.28,  9.24,  2.64,  2.64,   7.26,   8.25,  -0.99,  15.51,   8.91,  5.45,   0.496,   0.010,   0.221,  -0.065,    4.074,    1.002
WIN21-MAX,>101037,   9.52,  14.29,   21, 100.00, 28.57,  9.52, 14.29, 14.29,  9.52, 28.57,  4.76, 14.29, 14.29, 28.57,  9.52, 19.05, 19.05, 14.29,  9.52, 19.05, 23.81, 28.57,  9.52,  9.52,  23.81,  23.81,  23.81,  33.33,  19.05, 14.00,   0.659,   0.238,   0.637,   0.093,    3.880,    1.220
WIN21-MIN,>101037,  -9.52,  -9.52,   21, 100.00,  0.00,  0.00,  0.00,  0.00,  0.00,  0.00,  0.00,  0.00,  0.00,  0.00,  0.00,  0.00,  0.00,  0.00,  0.00,  0.00,  0.00,  0.00,  0.00,  0.00,   0.00,   0.00, -23.81,   0.00,   0.00,  1.00,   0.394,   0.000,  -0.211,  -0.183,    2.715,    0.835
WIN51-MAX,>101037,   7.84,   9.80,   51, 100.00, 19.61,  3.92, 11.76,  5.88,  7.84, 15.69,  3.92, 11.76,  9.80, 15.69,  5.88, 13.73,  9.80,  9.80,  7.84, 11.76,  9.80, 15.69,  9.80,  5.88,  15.69,  15.69,  11.76,  27.45,  17.65, 11.46,   0.604,   0.118,   0.473,   0.017,    4.045,    1.131
WIN51-MIN,>101037,  -1.96,  -1.96,   51, 100.00,  0.00,  0.00,  0.00,  0.00,  0.00,  0.00,  0.00,  0.00,  0.00,  0.00,  0.00,  0.00,  0.00,  0.00,  0.00,  0.00,  0.00,  0.00,  0.00,  0.00,   0.00,   1.96,  -9.80,   5.88,   0.00,  1.00,   0.448,   0.000,   0.008,  -0.118,    3.412,    0.932

WHOLE-SEQ,>46726,   1.65,   4.29,  303, 100.00, 11.22,  0.99,  6.27,  1.98,  2.97,  8.25,  0.66,  5.61,  4.29,  7.59,  1.98,  7.59,  4.62,  6.27,  2.64,  6.93,  5.61,  9.24,  2.64,  2.64,   6.93,   8.25,  -1.32,  15.18,   8.25,  5.20,   0.493,   0.013,   0.208,  -0.059,    4.071,    0.996
WIN21-MAX,>46726,  14.29,  14.29,   21, 100.00, 28.57,  9.52, 14.29,  9.52,  9.52, 28.57,  4.76, 14.29, 14.29, 28.57,  9.52, 19.05, 19.05, 14.29,  9.52, 23.81, 28.57, 28.57,  9.52,  9.52,  23.81,  19.05,  23.81,  33.33,  19.05, 14.00,   0.659,   0.238,   0.637,   0.099,    3.880,    1.199
WIN21-MIN,>46726,  -9.52,  -4.76,   21, 100.00,  0.00,  0.00,  0.00,  0.00,  0.00,  0.00,  0.00,  0.00,  0.00,  0.00,  0.00,  0.00,  0.00,  0.00,  0.00,  0.00,  0.00,  0.00,  0.00,  0.00,   0.00,   0.00, -19.05,   0.00,   0.00,  1.00,   0.394,   0.000,  -0.202,  -0.152,    2.715,    0.828
WIN51-MAX,>46726,   7.84,   9.80,   51, 100.00, 19.61,  3.92, 11.76,  3.92,  7.84, 15.69,  3.92,  9.80,  9.80, 15.69,  3.92, 15.69,  9.80,  9.80,  7.84, 13.73, 13.73, 15.69,  9.80,  5.88,  13.73,  15.69,  11.76,  25.49,  15.69, 11.46,   0.603,   0.118,   0.470,   0.020,    4.109,    1.111
WIN51-MIN,>46726,  -3.92,   0.00,   51, 100.00,  0.00,  0.00,  0.00,  0.00,  0.00,  0.00,  0.00,  0.00,  0.00,  0.00,  0.00,  0.00,  0.00,  0.00,  0.00,  0.00,  0.00,  0.00,  0.00,  0.00,   0.00,   1.96,  -9.80,   5.88,   0.00,  1.00,   0.444,   0.000,  -0.021,  -0.110,    3.412,    0.932

WHOLE-SEQ,>13721,   0.99,   3.96,  303, 100.00, 11.22,  0.99,  6.27,  2.31,  3.30,  8.25,  0.66,  5.94,  3.96,  7.59,  1.65,  7.26,  4.62,  6.27,  2.97,  7.26,  5.28,  8.91,  2.64,  2.64,   6.93,   8.58,  -1.65,  15.51,   8.58,  5.01,   0.493,   0.017,   0.206,  -0.060,    4.077,    0.996
WIN21-MAX,>13721,   9.52,  14.29,   21, 100.00, 28.57,  9.52, 14.29, 14.29,  9.52, 28.57,  4.76, 14.29, 14.29, 28.57,  9.52, 19.05, 19.05, 14.29,  9.52, 23.81, 23.81, 28.57,  9.52,  9.52,  23.81,  23.81,  23.81,  33.33,  19.05, 14.00,   0.659,   0.238,   0.637,   0.099,    3.880,    1.220
WIN21-MIN,>13721,  -9.52,  -9.52,   21, 100.00,  0.00,  0.00,  0.00,  0.00,  0.00,  0.00,  0.00,  0.00,  0.00,  0.00,  0.00,  0.00,  0.00,  0.00,  0.00,  0.00,  0.00,  0.00,  0.00,  0.00,   0.00,   0.00, -23.81,   0.00,   0.00,  1.00,   0.380,   0.000,  -0.283,  -0.152,    2.715,    0.826
WIN51-MAX,>13721,   7.84,   9.80,   51, 100.00, 19.61,  3.92, 11.76,  5.88,  7.84, 15.69,  3.92, 11.76,  9.80, 15.69,  3.92, 13.73,  9.80,  9.80,  7.84, 13.73,  9.80, 15.69,  9.80,  5.88,  13.73,  15.69,  11.76,  25.49,  15.69, 11.46,   0.604,   0.118,   0.473,   0.020,    4.109,    1.124
WIN51-MIN,>13721,  -3.92,  -1.96,   51, 100.00,  0.00,  0.00,  0.00,  0.00,  0.00,  0.00,  0.00,  0.00,  0.00,  0.00,  0.00,  0.00,  0.00,  0.00,  0.00,  0.00,  0.00,  0.00,  0.00,  0.00,   0.00,   1.96,  -9.80,   5.88,   0.00,  1.00,   0.438,   0.000,  -0.022,  -0.108,    3.412,    0.932

WHOLE-SEQ,>122227,   1.98,   3.96,  303, 100.00, 11.22,  0.99,  6.27,  2.31,  3.30,  8.25,  0.66,  5.61,  4.29,  7.59,  1.98,  7.26,  4.62,  6.27,  2.31,  7.26,  5.61,  8.91,  2.64,  2.64,   6.60,   8.58,  -1.98,  15.18,   8.58,  4.90,   0.494,   0.020,   0.204,  -0.059,    4.077,    0.995
WIN21-MAX,>122227,  14.29,  14.29,   21, 100.00, 28.57,  9.52, 14.29,  9.52, 14.29, 28.57,  4.76, 14.29, 14.29, 28.57,  9.52, 19.05, 19.05, 14.29,  9.52, 23.81, 28.57, 28.57,  9.52,  9.52,  23.81,  19.05,  23.81,  33.33,  23.81, 14.00,   0.659,   0.238,   0.637,   0.097,    3.880,    1.199
WIN21-MIN,>122227,  -9.52,  -4.76,   21, 100.00,  0.00,  0.00,  0.00,  0.00,  0.00,  0.00,  0.00,  0.00,  0.00,  0.00,  0.00,  0.00,  0.00,  0.00,  0.00,  0.00,  0.00,  0.00,  0.00,  0.00,   0.00,   0.00, -19.05,   0.00,   0.00,  1.00,   0.380,   0.000,  -0.236,  -0.152,    2.715,    0.821
WIN51-MAX,>122227,   7.84,   9.80,   51, 100.00, 19.61,  3.92, 11.76,  5.88,  7.84, 15.69,  3.92,  9.80,  9.80, 15.69,  3.92, 11.76,  9.80,  9.80,  7.84, 13.73, 11.76, 15.69,  9.80,  5.88,  13.73,  15.69,   9.80,  25.49,  15.69, 10.98,   0.603,   0.098,   0.470,   0.019,    4.109,    1.117
WIN51-MIN,>122227,  -3.92,   0.00,   51, 100.00,  0.00,  0.00,  0.00,  0.00,  0.00,  0.00,  0.00,  0.00,  0.00,  0.00,  0.00,  0.00,  0.00,  0.00,  0.00,  0.00,  0.00,  0.00,  0.00,  0.00,   0.00,   1.96,  -9.80,   5.88,   0.00,  1.00,   0.438,   0.000,  -0.003,  -0.105,    3.412,    0.932

WHOLE-SEQ,>46518,   1.65,   3.96,  303, 100.00, 11.22,  0.99,  5.94,  1.98,  3.30,  8.25,  0.99,  5.61,  4.29,  7.59,  1.65,  7.92,  4.62,  5.94,  2.64,  6.60,  5.94,  9.24,  2.64,  2.64,   6.93,   7.92,  -0.99,  14.85,   8.58,  5.73,   0.493,   0.010,   0.213,  -0.059,    4.078,    1.000
WIN21-MAX,>46518,  14.29,  14.29,   21, 100.00, 28.57,  9.52, 14.29,  9.52,  9.52, 28.57,  9.52, 14.29, 14.29, 28.57,  9.52, 19.05, 19.05, 14.29,  9.52, 19.05, 28.57, 28.57,  9.52,  9.52,  23.81,  19.05,  23.81,  33.33,  19.05, 14.00,   0.659,   0.238,   0.637,   0.093,    3.880,    1.220
WIN21-MIN,>46518,  -9.52,  -4.76,   21, 100.00,  0.00,  0.00,  0.00,  0.00,  0.00,  0.00,  0.00,  0.00,  0.00,  0.00,  0.00,  0.00,  0.00,  0.00,  0.00,  0.00,  0.00,  0.00,  0.00,  0.00,   0.00,   0.00, -19.05,   0.00,   0.00,  1.00,   0.394,   0.000,  -0.202,  -0.152,    2.715,    0.835
WIN51-MAX,>46518,   7.84,   9.80,   51, 100.00, 19.61,  3.92, 11.76,  3.92,  7.84, 15.69,  5.88,  9.80,  9.80, 15.69,  3.92, 15.69,  9.80,  9.80,  7.84, 11.76, 13.73, 15.69,  9.80,  5.88,  13.73,  15.69,  11.76,  25.49,  15.69, 11.46,   0.604,   0.118,   0.473,   0.017,    4.109,    1.115
WIN51-MIN,>46518,  -3.92,   0.00,   51, 100.00,  0.00,  0.00,  0.00,  0.00,  0.00,  0.00,  0.00,  0.00,  0.00,  0.00,  0.00,  0.00,  0.00,  0.00,  0.00,  0.00,  0.00,  0.00,  0.00,  0.00,   0.00,   1.96,  -9.80,   5.88,   0.00,  1.00,   0.444,   0.000,  -0.019,  -0.110,    3.412,    0.932

WHOLE-SEQ,>33065,   1.65,   3.63,  303, 100.00, 11.22,  0.66,  5.94,  2.31,  3.63,  8.25,  0.66,  5.61,  4.29,  7.59,  1.98,  7.59,  4.62,  5.94,  2.64,  6.93,  5.94,  8.91,  2.64,  2.64,   6.93,   8.25,  -1.32,  15.18,   8.91,  5.22,   0.493,   0.013,   0.210,  -0.060,    4.075,    0.997
WIN21-MAX,>33065,   9.52,  14.29,   21, 100.00, 28.57,  9.52, 14.29, 14.29, 14.29, 28.57,  4.76, 14.29, 14.29, 28.57,  9.52, 19.05, 19.05, 14.29,  9.52, 23.81, 28.57, 28.57,  9.52,  9.52,  23.81,  23.81,  23.81,  33.33,  23.81, 14.00,   0.659,   0.238,   0.637,   0.097,    3.880,    1.220
WIN21-MIN,>33065,  -9.52,  -9.52,   21, 100.00,  0.00,  0.00,  0.00,  0.00,  0.00,  0.00,  0.00,  0.00,  0.00,  0.00,  0.00,  0.00,  0.00,  0.00,  0.00,  0.00,  0.00,  0.00,  0.00,  0.00,   0.00,   0.00, -23.81,   0.00,   0.00,  1.00,   0.380,   0.000,  -0.283,  -0.152,    2.715,    0.826
WIN51-MAX,>33065,   7.84,   9.80,   51, 100.00, 19.61,  3.92, 11.76,  5.88,  7.84, 15.69,  3.92,  9.80,  9.80, 15.69,  5.88, 15.69,  9.80,  9.80,  7.84, 13.73, 13.73, 15.69,  9.80,  5.88,  13.73,  15.69,  11.76,  25.49,  15.69, 11.46,   0.604,   0.118,   0.473,   0.019,    4.109,    1.111
WIN51-MIN,>33065,  -3.92,  -1.96,   51, 100.00,  0.00,  0.00,  0.00,  0.00,  0.00,  0.00,  0.00,  0.00,  0.00,  0.00,  0.00,  0.00,  0.00,  0.00,  0.00,  0.00,  0.00,  0.00,  0.00,  0.00,   0.00,   1.96,  -9.80,   5.88,   0.00,  1.00,   0.437,   0.000,  -0.024,  -0.110,    3.412,    0.932

WHOLE-SEQ,>43719,   1.65,   3.63,  303, 100.00, 11.22,  0.66,  5.94,  2.31,  3.63,  8.25,  0.66,  5.61,  4.29,  7.59,  1.98,  7.59,  4.62,  5.94,  2.64,  6.93,  5.94,  8.91,  2.64,  2.64,   6.93,   8.25,  -1.32,  15.18,   8.91,  5.22,   0.493,   0.013,   0.210,  -0.060,    4.075,    0.997
WIN21-MAX,>43719,  14.29,  14.29,   21, 100.00, 28.57,  9.52, 14.29, 14.29,  9.52, 28.57,  4.76, 14.29, 14.29, 28.57,  9.52, 19.05, 19.05, 14.29,  9.52, 23.81, 28.57, 28.57,  9.52,  9.52,  23.81,  23.81,  23.81,  33.33,  19.05, 14.00,   0.659,   0.238,   0.637,   0.099,    3.880,    1.220
WIN21-MIN,>43719,  -9.52,  -9.52,   21, 100.00,  0.00,  0.00,  0.00,  0.00,  0.00,  0.00,  0.00,  0.00,  0.00,  0.00,  0.00,  0.00,  0.00,  0.00,  0.00,  0.00,  0.00,  0.00,  0.00,  0.00,   0.00,   0.00, -23.81,   0.00,   0.00,  1.00,   0.380,   0.000,  -0.283,  -0.152,    2.715,    0.826
WIN51-MAX,>43719,   7.84,   9.80,   51, 100.00, 19.61,  3.92, 11.76,  5.88,  7.84, 15.69,  3.92,  9.80,  9.80, 15.69,  5.88, 15.69,  9.80,  9.80,  7.84, 13.73, 13.73, 15.69,  9.80,  5.88,  13.73,  15.69,  11.76,  25.49,  17.65, 11.46,   0.604,   0.118,   0.473,   0.020,    4.109,    1.117
WIN51-MIN,>43719,  -3.92,  -1.96,   51, 100.00,  0.00,  0.00,  0.00,  0.00,  0.00,  0.00,  0.00,  0.00,  0.00,  0.00,  0.00,  0.00,  0.00,  0.00,  0.00,  0.00,  0.00,  0.00,  0.00,  0.00,   0.00,   1.96,  -9.80,   5.88,   0.00,  1.00,   0.438,   0.000,  -0.022,  -0.110,    3.412,    0.932

WHOLE-SEQ,>10732,   1.98,   4.29,  303, 100.00, 11.55,  0.66,  6.27,  1.98,  3.30,  8.25,  0.66,  5.61,  4.62,  7.59,  2.31,  7.26,  4.62,  5.94,  2.64,  6.93,  5.61,  9.24,  2.31,  2.64,   7.26,   8.25,  -0.99,  15.51,   8.25,  5.44,   0.496,   0.010,   0.220,  -0.061,    4.065,    0.996
WIN21-MAX,>10732,  14.29,  14.29,   21, 100.00, 28.57,  9.52, 14.29,  9.52,  9.52, 28.57,  4.76, 14.29, 14.29, 28.57,  9.52, 19.05, 19.05, 14.29,  9.52, 19.05, 28.57, 28.57,  9.52,  9.52,  23.81,  19.05,  23.81,  33.33,  19.05, 14.00,   0.659,   0.238,   0.637,   0.092,    3.880,    1.220
WIN21-MIN,>10732,  -9.52,  -4.76,   21, 100.00,  0.00,  0.00,  0.00,  0.00,  0.00,  0.00,  0.00,  0.00,  0.00,  0.00,  0.00,  0.00,  0.00,  0.00,  0.00,  0.00,  0.00,  0.00,  0.00,  0.00,   0.00,   0.00, -19.05,   0.00,   0.00,  1.00,   0.397,   0.000,  -0.202,  -0.152,    2.715,    0.820
WIN51-MAX,>10732,   7.84,   9.80,   51, 100.00, 19.61,  3.92, 11.76,  3.92,  7.84, 15.69,  3.92,  9.80,  9.80, 15.69,  5.88, 13.73,  9.80,  9.80,  7.84, 11.76, 13.73, 15.69,  9.80,  5.88,  13.73,  15.69,  11.76,  25.49,  15.69, 11.46,   0.604,   0.118,   0.473,   0.017,    4.109,    1.111
WIN51-MIN,>10732,  -3.92,   0.00,   51, 100.00,  0.00,  0.00,  0.00,  0.00,  0.00,  0.00,  0.00,  0.00,  0.00,  0.00,  0.00,  0.00,  0.00,  0.00,  0.00,  0.00,  0.00,  0.00,  0.00,  0.00,   0.00,   1.96,  -9.80,   5.88,   0.00,  1.00,   0.447,   0.000,  -0.008,  -0.110,    3.412,    0.927

WHOLE-SEQ,>20178,   1.32,   3.63,  303, 100.00, 11.55,  0.66,  5.94,  2.31,  3.63,  8.25,  0.66,  5.61,  3.96,  7.59,  1.98,  7.59,  4.62,  6.27,  2.64,  6.93,  5.94,  8.91,  2.31,  2.64,   6.60,   8.25,  -1.65,  14.85,   8.58,  4.99,   0.495,   0.017,   0.210,  -0.060,    4.066,    0.995
WIN21-MAX,>20178,   9.52,  14.29,   21, 100.00, 28.57,  9.52, 14.29,  9.52, 14.29, 28.57,  4.76, 14.29, 14.29, 28.57,  9.52, 19.05, 19.05, 14.29,  9.52, 19.05, 28.57, 28.57,  9.52,  9.52,  23.81,  19.05,  23.81,  33.33,  19.05, 14.00,   0.659,   0.238,   0.637,   0.090,    3.880,    1.220
WIN21-MIN,>20178,  -9.52,  -4.76,   21, 100.00,  0.00,  0.00,  0.00,  0.00,  0.00,  0.00,  0.00,  0.00,  0.00,  0.00,  0.00,  0.00,  0.00,  0.00,  0.00,  0.00,  0.00,  0.00,  0.00,  0.00,   0.00,   0.00, -19.05,   0.00,   0.00,  1.00,   0.380,   0.000,  -0.236,  -0.152,    2.715,    0.821
WIN51-MAX,>20178,   7.84,   9.80,   51, 100.00, 19.61,  3.92, 11.76,  5.88,  7.84, 15.69,  3.92,  9.80,  9.80, 15.69,  5.88, 13.73,  9.80,  9.80,  7.84, 11.76, 11.76, 15.69,  9.80,  5.88,  13.73,  15.69,   9.80,  25.49,  15.69, 11.26,   0.604,   0.098,   0.473,   0.016,    4.109,    1.110
WIN51-MIN,>20178,  -3.92,   0.00,   51, 100.00,  0.00,  0.00,  0.00,  0.00,  0.00,  0.00,  0.00,  0.00,  0.00,  0.00,  0.00,  0.00,  0.00,  0.00,  0.00,  0.00,  0.00,  0.00,  0.00,  0.00,   0.00,   1.96,  -9.80,   5.88,   0.00,  1.00,   0.438,   0.000,  -0.003,  -0.105,    3.412,    0.932

WHOLE-SEQ,>54564,   1.32,   3.63,  303, 100.00, 11.55,  0.66,  5.94,  2.31,  3.63,  8.25,  0.66,  5.61,  3.96,  7.59,  1.98,  7.59,  4.62,  6.27,  2.64,  6.93,  5.94,  8.91,  2.31,  2.64,   6.60,   8.25,  -1.65,  14.85,   8.58,  4.99,   0.495,   0.017,   0.210,  -0.060,    4.066,    0.995
WIN21-MAX,>54564,   9.52,  14.29,   21, 100.00, 28.57,  9.52, 14.29,  9.52, 14.29, 28.57,  4.76, 14.29, 14.29, 28.57,  9.52, 19.05, 19.05, 14.29,  9.52, 23.81, 28.57, 28.57,  9.52,  9.52,  23.81,  19.05,  23.81,  33.33,  19.05, 14.00,   0.659,   0.238,   0.637,   0.096,    3.880,    1.220
WIN21-MIN,>54564,  -9.52,  -4.76,   21, 100.00,  0.00,  0.00,  0.00,  0.00,  0.00,  0.00,  0.00,  0.00,  0.00,  0.00,  0.00,  0.00,  0.00,  0.00,  0.00,  0.00,  0.00,  0.00,  0.00,  0.00,   0.00,   0.00, -19.05,   0.00,   0.00,  1.00,   0.380,   0.000,  -0.236,  -0.152,    2.715,    0.821
WIN51-MAX,>54564,   7.84,   9.80,   51, 100.00, 19.61,  3.92, 11.76,  5.88,  7.84, 15.69,  3.92,  9.80,  9.80, 15.69,  5.88, 13.73,  9.80,  9.80,  7.84, 13.73, 13.73, 15.69,  9.80,  5.88,  13.73,  15.69,   9.80,  25.49,  15.69, 11.26,   0.604,   0.098,   0.473,   0.019,    4.109,    1.111
WIN51-MIN,>54564,  -3.92,   0.00,   51, 100.00,  0.00,  0.00,  0.00,  0.00,  0.00,  0.00,  0.00,  0.00,  0.00,  0.00,  0.00,  0.00,  0.00,  0.00,  0.00,  0.00,  0.00,  0.00,  0.00,  0.00,   0.00,   1.96,  -9.80,   5.88,   0.00,  1.00,   0.437,   0.000,  -0.005,  -0.110,    3.412,    0.930

WHOLE-SEQ,>47334,   1.32,   4.29,  303, 100.00, 11.55,  0.99,  6.27,  1.98,  3.30,  8.25,  0.66,  5.61,  3.96,  7.59,  1.98,  7.59,  4.62,  6.27,  2.64,  6.93,  5.61,  9.24,  2.31,  2.64,   6.60,   8.25,  -1.65,  14.85,   8.25,  4.98,   0.496,   0.017,   0.215,  -0.059,    4.065,    0.996
WIN21-MAX,>47334,   9.52,  14.29,   21, 100.00, 28.57,  9.52, 14.29,  9.52, 14.29, 28.57,  4.76, 14.29, 14.29, 28.57,  9.52, 19.05, 19.05, 14.29,  9.52, 19.05, 28.57, 28.57,  9.52,  9.52,  23.81,  19.05,  23.81,  33.33,  19.05, 14.00,   0.659,   0.238,   0.637,   0.090,    3.880,    1.199
WIN21-MIN,>47334,  -9.52,  -4.76,   21, 100.00,  0.00,  0.00,  0.00,  0.00,  0.00,  0.00,  0.00,  0.00,  0.00,  0.00,  0.00,  0.00,  0.00,  0.00,  0.00,  0.00,  0.00,  0.00,  0.00,  0.00,   0.00,   0.00, -19.05,   0.00,   0.00,  1.00,   0.394,   0.000,  -0.202,  -0.152,    2.715,    0.835
WIN51-MAX,>47334,   7.84,   9.80,   51, 100.00, 19.61,  3.92, 11.76,  3.92,  7.84, 15.69,  3.92,  9.80,  9.80, 15.69,  3.92, 13.73,  9.80,  9.80,  7.84, 11.76, 11.76, 15.69,  9.80,  5.88,  13.73,  15.69,  11.76,  25.49,  15.69, 11.46,   0.603,   0.118,   0.470,   0.016,    4.109,    1.115
WIN51-MIN,>47334,  -3.92,   0.00,   51, 100.00,  0.00,  0.00,  0.00,  0.00,  0.00,  0.00,  0.00,  0.00,  0.00,  0.00,  0.00,  0.00,  0.00,  0.00,  0.00,  0.00,  0.00,  0.00,  0.00,  0.00,   0.00,   1.96,  -9.80,   5.88,   0.00,  1.00,   0.441,   0.000,  -0.004,  -0.105,    3.412,    0.932

WHOLE-SEQ,>52741,   1.32,   3.96,  303, 100.00, 11.22,  0.99,  5.94,  1.98,  3.30,  8.25,  0.99,  5.94,  4.29,  7.59,  1.65,  7.59,  4.29,  5.94,  2.97,  7.26,  5.61,  8.91,  2.64,  2.64,   7.26,   7.92,  -0.66,  15.18,   8.58,  6.15,   0.493,   0.007,   0.216,  -0.061,    4.082,    1.000
WIN21-MAX,>52741,   9.52,  14.29,   21, 100.00, 28.57,  9.52, 14.29,  9.52,  9.52, 28.57,  9.52, 14.29, 14.29, 28.57,  9.52, 19.05, 19.05, 14.29,  9.52, 23.81, 23.81, 28.57,  9.52,  9.52,  23.81,  19.05,  23.81,  33.33,  19.05, 14.00,   0.659,   0.238,   0.637,   0.099,    3.880,    1.220
WIN21-MIN,>52741,  -9.52,  -4.76,   21, 100.00,  0.00,  0.00,  0.00,  0.00,  0.00,  0.00,  0.00,  0.00,  0.00,  0.00,  0.00,  0.00,  0.00,  0.00,  0.00,  0.00,  0.00,  0.00,  0.00,  0.00,   0.00,   0.00, -19.05,   0.00,   0.00,  1.00,   0.380,   0.000,  -0.236,  -0.183,    2.715,    0.821
WIN51-MAX,>52741,   7.84,   9.80,   51, 100.00, 19.61,  3.92, 11.76,  3.92,  7.84, 15.69,  5.88, 11.76,  9.80, 15.69,  3.92, 13.73,  9.80,  9.80,  7.84, 13.73, 11.76, 15.69,  9.80,  5.88,  15.69,  15.69,  11.76,  27.45,  15.69, 11.46,   0.604,   0.118,   0.473,   0.020,    4.045,    1.129
WIN51-MIN,>52741,  -1.96,   0.00,   51, 100.00,  0.00,  0.00,  0.00,  0.00,  0.00,  0.00,  0.00,  0.00,  0.00,  0.00,  0.00,  0.00,  0.00,  0.00,  0.00,  0.00,  0.00,  0.00,  0.00,  0.00,   0.00,   1.96,  -9.80,   5.88,   0.00,  1.00,   0.438,   0.000,  -0.003,  -0.123,    3.412,    0.932

WHOLE-SEQ,>18629,   1.98,   3.96,  303, 100.00, 11.22,  0.99,  5.94,  1.98,  3.63,  8.25,  0.66,  5.61,  4.29,  7.59,  1.65,  7.92,  4.62,  6.27,  2.31,  6.93,  5.94,  8.91,  2.64,  2.64,   6.60,   7.92,  -1.32,  14.52,   8.91,  5.18,   0.494,   0.013,   0.212,  -0.058,    4.068,    0.997
WIN21-MAX,>18629,  14.29,  14.29,   21, 100.00, 28.57,  9.52, 14.29,  9.52, 14.29, 28.57,  4.76, 14.29, 14.29, 28.57,  9.52, 19.05, 19.05, 14.29,  9.52, 19.05, 28.57, 28.57,  9.52,  9.52,  23.81,  19.05,  23.81,  33.33,  23.81, 14.00,   0.659,   0.238,   0.637,   0.091,    3.880,    1.220
WIN21-MIN,>18629,  -9.52,  -4.76,   21, 100.00,  0.00,  0.00,  0.00,  0.00,  0.00,  0.00,  0.00,  0.00,  0.00,  0.00,  0.00,  0.00,  0.00,  0.00,  0.00,  0.00,  0.00,  0.00,  0.00,  0.00,   0.00,   0.00, -19.05,   0.00,   0.00,  1.00,   0.380,   0.000,  -0.236,  -0.152,    2.715,    0.821
WIN51-MAX,>18629,   7.84,   9.80,   51, 100.00, 19.61,  3.92, 11.76,  3.92,  7.84, 15.69,  3.92,  9.80,  9.80, 15.69,  3.92, 13.73,  9.80,  9.80,  7.84, 11.76, 11.76, 15.69,  9.80,  5.88,  13.73,  15.69,  11.76,  25.49,  15.69, 11.46,   0.604,   0.118,   0.473,   0.016,    4.109,    1.115
WIN51-MIN,>18629,  -3.92,   0.00,   51, 100.00,  0.00,  0.00,  0.00,  0.00,  0.00,  0.00,  0.00,  0.00,  0.00,  0.00,  0.00,  0.00,  0.00,  0.00,  0.00,  0.00,  0.00,  0.00,  0.00,  0.00,   0.00,   1.96,  -9.80,   5.88,   0.00,  1.00,   0.438,   0.000,  -0.004,  -0.105,    3.412,    0.932

WHOLE-SEQ,>12418,   1.65,   4.29,  303, 100.00, 11.22,  0.66,  6.27,  1.98,  3.30,  8.25,  0.66,  5.61,  4.29,  7.59,  2.31,  7.59,  4.62,  5.94,  2.64,  7.26,  5.61,  8.91,  2.64,  2.64,   6.93,   8.25,  -1.32,  15.18,   8.58,  5.20,   0.493,   0.013,   0.209,  -0.058,    4.071,    0.994
WIN21-MAX,>12418,   9.52,  14.29,   21, 100.00, 28.57,  9.52, 14.29,  9.52, 14.29, 28.57,  4.76, 14.29, 14.29, 28.57,  9.52, 19.05, 19.05, 14.29,  9.52, 23.81, 28.57, 28.57,  9.52,  9.52,  23.81,  19.05,  23.81,  33.33,  23.81, 14.00,   0.659,   0.238,   0.637,   0.097,    3.916,    1.199
WIN21-MIN,>12418,  -9.52,  -4.76,   21, 100.00,  0.00,  0.00,  0.00,  0.00,  0.00,  0.00,  0.00,  0.00,  0.00,  0.00,  0.00,  0.00,  0.00,  0.00,  0.00,  0.00,  0.00,  0.00,  0.00,  0.00,   0.00,   0.00, -19.05,   0.00,   0.00,  1.00,   0.380,   0.000,  -0.236,  -0.152,    2.715,    0.821
WIN51-MAX,>12418,   7.84,   9.80,   51, 100.00, 19.61,  3.92, 11.76,  3.92,  7.84, 15.69,  3.92,  9.80,  9.80, 15.69,  5.88, 13.73,  9.80,  9.80,  7.84, 13.73, 11.76, 15.69,  9.80,  5.88,  13.73,  15.69,  11.76,  25.49,  15.69, 11.46,   0.603,   0.118,   0.470,   0.019,    4.109,    1.108
WIN51-MIN,>12418,  -3.92,   0.00,   51, 100.00,  0.00,  0.00,  0.00,  0.00,  0.00,  0.00,  0.00,  0.00,  0.00,  0.00,  0.00,  0.00,  0.00,  0.00,  0.00,  0.00,  0.00,  0.00,  0.00,  0.00,   0.00,   1.96,  -9.80,   5.88,   0.00,  1.00,   0.437,   0.000,  -0.008,  -0.105,    3.412,    0.932

WHOLE-SEQ,>39016,   1.65,   3.96,  303, 100.00, 11.22,  0.66,  6.27,  2.31,  3.30,  8.25,  0.66,  5.94,  4.29,  7.59,  2.31,  7.26,  4.62,  5.94,  2.64,  6.93,  5.61,  8.91,  2.64,  2.64,   6.93,   8.58,  -1.65,  15.51,   8.58,  5.01,   0.495,   0.017,   0.211,  -0.061,    4.078,    0.997
WIN21-MAX,>39016,   9.52,  14.29,   21, 100.00, 28.57,  9.52, 14.29,  9.52, 14.29, 28.57,  4.76, 14.29, 14.29, 28.57,  9.52, 19.05, 19.05, 14.29,  9.52, 19.05, 23.81, 28.57,  9.52,  9.52,  23.81,  19.05,  23.81,  33.33,  23.81, 14.00,   0.659,   0.238,   0.637,   0.091,    3.916,    1.199
WIN21-MIN,>39016,  -9.52,  -4.76,   21, 100.00,  0.00,  0.00,  0.00,  0.00,  0.00,  0.00,  0.00,  0.00,  0.00,  0.00,  0.00,  0.00,  0.00,  0.00,  0.00,  0.00,  0.00,  0.00,  0.00,  0.00,   0.00,   0.00, -19.05,   0.00,   0.00,  1.00,   0.380,   0.000,  -0.236,  -0.152,    2.715,    0.821
WIN51-MAX,>39016,   7.84,   9.80,   51, 100.00, 19.61,  3.92, 11.76,  5.88,  7.84, 15.69,  3.92, 11.76,  9.80, 15.69,  5.88, 11.76,  9.80,  9.80,  7.84, 11.76,  9.80, 15.69,  9.80,  5.88,  13.73,  15.69,   9.80,  25.49,  15.69, 11.26,   0.603,   0.098,   0.470,   0.016,    4.109,    1.120
WIN51-MIN,>39016,  -3.92,   0.00,   51, 100.00,  0.00,  0.00,  0.00,  0.00,  0.00,  0.00,  0.00,  0.00,  0.00,  0.00,  0.00,  0.00,  0.00,  0.00,  0.00,  0.00,  0.00,  0.00,  0.00,  0.00,   0.00,   1.96,  -9.80,   5.88,   0.00,  1.00,   0.437,   0.000,   0.015,  -0.107,    3.412,    0.932

WHOLE-SEQ,>53366,   1.32,   3.96,  303, 100.00, 11.22,  0.99,  6.27,  2.31,  3.30,  8.25,  0.66,  5.61,  3.96,  7.59,  1.98,  7.26,  4.62,  6.27,  2.64,  7.26,  5.61,  8.91,  2.64,  2.64,   6.60,   8.58,  -1.98,  15.18,   8.58,  4.90,   0.493,   0.020,   0.204,  -0.059,    4.080,    0.995
WIN21-MAX,>53366,   9.52,  14.29,   21, 100.00, 28.57,  9.52, 14.29,  9.52, 14.29, 28.57,  4.76, 14.29, 14.29, 28.57,  9.52, 19.05, 19.05, 14.29,  9.52, 23.81, 28.57, 28.57,  9.52,  9.52,  23.81,  19.05,  23.81,  33.33,  23.81, 14.00,   0.659,   0.238,   0.637,   0.097,    3.880,    1.199
WIN21-MIN,>53366,  -9.52,  -4.76,   21, 100.00,  0.00,  0.00,  0.00,  0.00,  0.00,  0.00,  0.00,  0.00,  0.00,  0.00,  0.00,  0.00,  0.00,  0.00,  0.00,  0.00,  0.00,  0.00,  0.00,  0.00,   0.00,   0.00, -19.05,   0.00,   0.00,  1.00,   0.380,   0.000,  -0.236,  -0.152,    2.715,    0.821
WIN51-MAX,>53366,   7.84,   9.80,   51, 100.00, 19.61,  3.92, 11.76,  5.88,  7.84, 15.69,  3.92,  9.80,  9.80, 15.69,  3.92, 11.76,  9.80,  9.80,  7.84, 13.73, 11.76, 15.69,  9.80,  5.88,  13.73,  15.69,   9.80,  25.49,  15.69, 11.26,   0.603,   0.098,   0.470,   0.019,    4.109,    1.117
WIN51-MIN,>53366,  -3.92,   0.00,   51, 100.00,  0.00,  0.00,  0.00,  0.00,  0.00,  0.00,  0.00,  0.00,  0.00,  0.00,  0.00,  0.00,  0.00,  0.00,  0.00,  0.00,  0.00,  0.00,  0.00,  0.00,   0.00,   1.96,  -9.80,   5.88,   0.00,  1.00,   0.438,   0.000,  -0.003,  -0.105,    3.412,    0.932

WHOLE-SEQ,>18622,   1.98,   4.29,  303, 100.00, 11.22,  0.99,  6.27,  1.98,  3.30,  8.25,  0.66,  5.61,  4.29,  7.59,  1.98,  7.59,  4.62,  6.27,  2.31,  6.93,  5.94,  8.91,  2.64,  2.64,   6.60,   8.25,  -1.65,  14.85,   8.58,  4.98,   0.494,   0.017,   0.208,  -0.058,    4.072,    0.996
WIN21-MAX,>18622,  14.29,  14.29,   21, 100.00, 28.57,  9.52, 14.29,  9.52, 14.29, 28.57,  4.76, 14.29, 14.29, 28.57,  9.52, 19.05, 19.05, 14.29,  9.52, 19.05, 28.57, 28.57,  9.52,  9.52,  23.81,  19.05,  23.81,  33.33,  23.81, 14.00,   0.659,   0.238,   0.637,   0.091,    3.880,    1.199
WIN21-MIN,>18622,  -9.52,  -4.76,   21, 100.00,  0.00,  0.00,  0.00,  0.00,  0.00,  0.00,  0.00,  0.00,  0.00,  0.00,  0.00,  0.00,  0.00,  0.00,  0.00,  0.00,  0.00,  0.00,  0.00,  0.00,   0.00,   0.00, -19.05,   0.00,   0.00,  1.00,   0.380,   0.000,  -0.236,  -0.152,    2.715,    0.821
WIN51-MAX,>18622,   7.84,   9.80,   51, 100.00, 19.61,  3.92, 11.76,  3.92,  7.84, 15.69,  3.92,  9.80,  9.80, 15.69,  3.92, 13.73,  9.80,  9.80,  7.84, 11.76, 11.76, 15.69,  9.80,  5.88,  13.73,  15.69,  11.76,  25.49,  15.69, 11.46,   0.603,   0.118,   0.470,   0.016,    4.109,    1.115
WIN51-MIN,>18622,  -3.92,   0.00,   51, 100.00,  0.00,  0.00,  0.00,  0.00,  0.00,  0.00,  0.00,  0.00,  0.00,  0.00,  0.00,  0.00,  0.00,  0.00,  0.00,  0.00,  0.00,  0.00,  0.00,  0.00,   0.00,   1.96,  -9.80,   5.88,   0.00,  1.00,   0.438,   0.000,  -0.004,  -0.105,    3.412,    0.932

WHOLE-SEQ,>14368,   1.65,   3.63,  303, 100.00, 11.22,  0.66,  5.94,  2.31,  3.63,  8.25,  0.66,  5.61,  4.29,  7.59,  1.98,  7.59,  4.62,  5.94,  2.64,  6.93,  5.94,  8.91,  2.64,  2.64,   6.93,   8.25,  -1.32,  15.18,   8.91,  5.22,   0.493,   0.013,   0.210,  -0.060,    4.075,    0.997
WIN21-MAX,>14368,  14.29,  14.29,   21, 100.00, 28.57,  9.52, 14.29, 14.29,  9.52, 28.57,  4.76, 14.29, 14.29, 28.57,  9.52, 19.05, 19.05, 14.29,  9.52, 19.05, 28.57, 28.57,  9.52,  9.52,  23.81,  23.81,  23.81,  33.33,  19.05, 14.00,   0.659,   0.238,   0.637,   0.093,    3.880,    1.220
WIN21-MIN,>14368,  -9.52,  -9.52,   21, 100.00,  0.00,  0.00,  0.00,  0.00,  0.00,  0.00,  0.00,  0.00,  0.00,  0.00,  0.00,  0.00,  0.00,  0.00,  0.00,  0.00,  0.00,  0.00,  0.00,  0.00,   0.00,   0.00, -23.81,   0.00,   0.00,  1.00,   0.380,   0.000,  -0.283,  -0.152,    2.715,    0.826
WIN51-MAX,>14368,   7.84,   9.80,   51, 100.00, 19.61,  3.92, 11.76,  5.88,  7.84, 15.69,  3.92,  9.80,  9.80, 15.69,  5.88, 13.73,  9.80,  9.80,  7.84, 11.76, 11.76, 15.69,  9.80,  5.88,  13.73,  15.69,  11.76,  25.49,  17.65, 11.46,   0.604,   0.118,   0.473,   0.017,    4.109,    1.122
WIN51-MIN,>14368,  -3.92,  -1.96,   51, 100.00,  0.00,  0.00,  0.00,  0.00,  0.00,  0.00,  0.00,  0.00,  0.00,  0.00,  0.00,  0.00,  0.00,  0.00,  0.00,  0.00,  0.00,  0.00,  0.00,  0.00,   0.00,   1.96,  -9.80,   5.88,   0.00,  1.00,   0.438,   0.000,  -0.022,  -0.108,    3.412,    0.932

WHOLE-SEQ,>42838,   1.65,   3.96,  303, 100.00, 11.22,  0.99,  6.27,  2.31,  3.30,  8.25,  0.99,  5.61,  4.29,  7.59,  1.98,  7.26,  4.62,  5.94,  2.64,  6.93,  5.61,  8.91,  2.64,  2.64,   6.93,   8.58,  -1.65,  15.51,   8.58,  5.21,   0.492,   0.017,   0.204,  -0.059,    4.092,    0.996
WIN21-MAX,>42838,  14.29,  14.29,   21, 100.00, 28.57,  9.52, 14.29, 14.29,  9.52, 28.57,  9.52, 14.29, 14.29, 28.57,  9.52, 19.05, 19.05, 14.29,  9.52, 19.05, 28.57, 28.57,  9.52,  9.52,  23.81,  23.81,  23.81,  33.33,  19.05, 14.00,   0.659,   0.238,   0.637,   0.093,    3.880,    1.220
WIN21-MIN,>42838,  -9.52,  -9.52,   21, 100.00,  0.00,  0.00,  0.00,  0.00,  0.00,  0.00,  0.00,  0.00,  0.00,  0.00,  0.00,  0.00,  0.00,  0.00,  0.00,  0.00,  0.00,  0.00,  0.00,  0.00,   0.00,   0.00, -23.81,   0.00,   0.00,  1.00,   0.380,   0.000,  -0.283,  -0.152,    2.715,    0.826
WIN51-MAX,>42838,   7.84,   9.80,   51, 100.00, 19.61,  3.92, 11.76,  5.88,  7.84, 15.69,  5.88,  9.80,  9.80, 15.69,  5.88, 13.73,  9.80,  9.80,  7.84, 11.76, 11.76, 15.69,  9.80,  5.88,  13.73,  15.69,  11.76,  25.49,  15.69, 11.46,   0.604,   0.118,   0.473,   0.017,    4.109,    1.119
WIN51-MIN,>42838,  -3.92,  -1.96,   51, 100.00,  0.00,  0.00,  0.00,  0.00,  0.00,  0.00,  0.00,  0.00,  0.00,  0.00,  0.00,  0.00,  0.00,  0.00,  0.00,  0.00,  0.00,  0.00,  0.00,  0.00,   0.00,   1.96,  -9.80,   5.88,   0.00,  1.00,   0.438,   0.000,  -0.022,  -0.108,    3.412,    0.927

WHOLE-SEQ,>104553,   1.65,   3.96,  303, 100.00, 11.22,  0.99,  6.27,  2.31,  3.30,  8.25,  0.99,  5.61,  4.29,  7.59,  1.98,  7.26,  4.62,  5.94,  2.64,  6.93,  5.61,  8.91,  2.64,  2.64,   6.93,   8.58,  -1.65,  15.51,   8.58,  5.21,   0.492,   0.017,   0.204,  -0.059,    4.092,    0.996
WIN21-MAX,>104553,  14.29,  14.29,   21, 100.00, 28.57,  9.52, 14.29, 14.29,  9.52, 28.57,  9.52, 14.29, 14.29, 28.57,  9.52, 19.05, 19.05, 14.29,  9.52, 23.81, 28.57, 28.57,  9.52,  9.52,  23.81,  23.81,  23.81,  33.33,  19.05, 14.00,   0.659,   0.238,   0.637,   0.099,    3.880,    1.220
WIN21-MIN,>104553,  -9.52,  -9.52,   21, 100.00,  0.00,  0.00,  0.00,  0.00,  0.00,  0.00,  0.00,  0.00,  0.00,  0.00,  0.00,  0.00,  0.00,  0.00,  0.00,  0.00,  0.00,  0.00,  0.00,  0.00,   0.00,   0.00, -23.81,   0.00,   0.00,  1.00,   0.380,   0.000,  -0.283,  -0.152,    2.715,    0.826
WIN51-MAX,>104553,   7.84,   9.80,   51, 100.00, 19.61,  3.92, 11.76,  5.88,  7.84, 15.69,  5.88,  9.80,  9.80, 15.69,  5.88, 15.69,  9.80,  9.80,  7.84, 13.73, 13.73, 15.69,  9.80,  5.88,  13.73,  15.69,  11.76,  25.49,  15.69, 11.46,   0.604,   0.118,   0.473,   0.020,    4.109,    1.115
WIN51-MIN,>104553,  -3.92,  -1.96,   51, 100.00,  0.00,  0.00,  0.00,  0.00,  0.00,  0.00,  0.00,  0.00,  0.00,  0.00,  0.00,  0.00,  0.00,  0.00,  0.00,  0.00,  0.00,  0.00,  0.00,  0.00,   0.00,   1.96,  -9.80,   5.88,   0.00,  1.00,   0.438,   0.000,  -0.022,  -0.110,    3.412,    0.927

WHOLE-SEQ,>114799,   1.32,   3.63,  303, 100.00, 11.22,  0.66,  5.94,  2.31,  3.63,  8.25,  0.66,  5.94,  4.29,  7.59,  1.98,  7.59,  4.29,  5.94,  2.97,  6.93,  5.28,  9.24,  2.64,  2.64,   7.26,   8.25,  -0.99,  15.51,   8.91,  5.45,   0.496,   0.010,   0.221,  -0.065,    4.074,    1.002
WIN21-MAX,>114799,   9.52,  14.29,   21, 100.00, 28.57,  9.52, 14.29,  9.52,  9.52, 28.57,  4.76, 14.29, 14.29, 28.57,  9.52, 19.05, 19.05, 14.29,  9.52, 19.05, 23.81, 28.57,  9.52,  9.52,  23.81,  19.05,  23.81,  33.33,  19.05, 14.00,   0.659,   0.238,   0.637,   0.093,    3.880,    1.220
WIN21-MIN,>114799,  -9.52,  -4.76,   21, 100.00,  0.00,  0.00,  0.00,  0.00,  0.00,  0.00,  0.00,  0.00,  0.00,  0.00,  0.00,  0.00,  0.00,  0.00,  0.00,  0.00,  0.00,  0.00,  0.00,  0.00,   0.00,   0.00, -19.05,   0.00,   0.00,  1.00,   0.394,   0.000,  -0.202,  -0.183,    2.715,    0.835
WIN51-MAX,>114799,   7.84,   9.80,   51, 100.00, 19.61,  3.92, 11.76,  5.88,  7.84, 15.69,  3.92, 11.76,  9.80, 15.69,  5.88, 13.73,  9.80,  9.80,  7.84, 11.76,  9.80, 15.69,  9.80,  5.88,  15.69,  15.69,   9.80,  27.45,  17.65, 11.26,   0.604,   0.098,   0.473,   0.017,    4.045,    1.133
WIN51-MIN,>114799,  -1.96,   0.00,   51, 100.00,  0.00,  0.00,  0.00,  0.00,  0.00,  0.00,  0.00,  0.00,  0.00,  0.00,  0.00,  0.00,  0.00,  0.00,  0.00,  0.00,  0.00,  0.00,  0.00,  0.00,   0.00,   1.96,  -9.80,   5.88,   0.00,  1.00,   0.448,   0.000,   0.027,  -0.118,    3.412,    0.932

WHOLE-SEQ,>112082,   1.32,   4.29,  303, 100.00, 11.55,  0.99,  6.27,  1.98,  3.30,  8.25,  0.66,  5.61,  3.96,  7.59,  1.98,  7.59,  4.62,  6.27,  2.64,  6.93,  5.61,  9.24,  2.31,  2.64,   6.60,   8.25,  -1.65,  14.85,   8.25,  4.98,   0.496,   0.017,   0.215,  -0.059,    4.065,    0.996
WIN21-MAX,>112082,   9.52,  14.29,   21, 100.00, 28.57,  9.52, 14.29,  9.52, 14.29, 28.57,  4.76, 14.29, 14.29, 28.57,  9.52, 19.05, 19.05, 14.29,  9.52, 23.81, 28.57, 28.57,  9.52,  9.52,  23.81,  19.05,  23.81,  33.33,  19.05, 14.00,   0.659,   0.238,   0.637,   0.096,    3.880,    1.199
WIN21-MIN,>112082,  -9.52,  -4.76,   21, 100.00,  0.00,  0.00,  0.00,  0.00,  0.00,  0.00,  0.00,  0.00,  0.00,  0.00,  0.00,  0.00,  0.00,  0.00,  0.00,  0.00,  0.00,  0.00,  0.00,  0.00,   0.00,   0.00, -19.05,   0.00,   0.00,  1.00,   0.394,   0.000,  -0.202,  -0.152,    2.715,    0.826
WIN51-MAX,>112082,   7.84,   9.80,   51, 100.00, 19.61,  3.92, 11.76,  3.92,  7.84, 15.69,  3.92,  9.80,  9.80, 15.69,  3.92, 15.69,  9.80,  9.80,  7.84, 13.73, 13.73, 15.69,  9.80,  5.88,  13.73,  15.69,  11.76,  25.49,  15.69, 11.46,   0.603,   0.118,   0.470,   0.019,    4.109,    1.111
WIN51-MIN,>112082,  -3.92,   0.00,   51, 100.00,  0.00,  0.00,  0.00,  0.00,  0.00,  0.00,  0.00,  0.00,  0.00,  0.00,  0.00,  0.00,  0.00,  0.00,  0.00,  0.00,  0.00,  0.00,  0.00,  0.00,   0.00,   1.96,  -9.80,   5.88,   0.00,  1.00,   0.444,   0.000,  -0.021,  -0.110,    3.412,    0.932

WHOLE-SEQ,>12304,   1.65,   4.29,  303, 100.00, 11.22,  0.66,  6.27,  1.98,  3.30,  8.25,  0.66,  5.94,  4.29,  7.59,  2.31,  7.59,  4.62,  5.94,  2.64,  6.93,  5.61,  8.91,  2.64,  2.64,   6.93,   8.25,  -1.32,  15.18,   8.58,  5.20,   0.495,   0.013,   0.215,  -0.060,    4.072,    0.997
WIN21-MAX,>12304,   9.52,  14.29,   21, 100.00, 28.57,  9.52, 14.29,  9.52, 14.29, 28.57,  4.76, 14.29, 14.29, 28.57,  9.52, 19.05, 19.05, 14.29,  9.52, 19.05, 23.81, 28.57,  9.52,  9.52,  23.81,  19.05,  23.81,  33.33,  23.81, 14.00,   0.659,   0.238,   0.637,   0.091,    3.916,    1.199
WIN21-MIN,>12304,  -9.52,  -4.76,   21, 100.00,  0.00,  0.00,  0.00,  0.00,  0.00,  0.00,  0.00,  0.00,  0.00,  0.00,  0.00,  0.00,  0.00,  0.00,  0.00,  0.00,  0.00,  0.00,  0.00,  0.00,   0.00,   0.00, -19.05,   0.00,   0.00,  1.00,   0.380,   0.000,  -0.236,  -0.152,    2.715,    0.821
WIN51-MAX,>12304,   7.84,   9.80,   51, 100.00, 19.61,  3.92, 11.76,  3.92,  7.84, 15.69,  3.92, 11.76,  9.80, 15.69,  5.88, 13.73,  9.80,  9.80,  7.84, 11.76,  9.80, 15.69,  9.80,  5.88,  13.73,  15.69,  11.76,  25.49,  15.69, 11.46,   0.603,   0.118,   0.470,   0.016,    4.109,    1.118
WIN51-MIN,>12304,  -3.92,   0.00,   51, 100.00,  0.00,  0.00,  0.00,  0.00,  0.00,  0.00,  0.00,  0.00,  0.00,  0.00,  0.00,  0.00,  0.00,  0.00,  0.00,  0.00,  0.00,  0.00,  0.00,  0.00,   0.00,   1.96,  -9.80,   5.88,   0.00,  1.00,   0.437,   0.000,   0.015,  -0.105,    3.412,    0.932

WHOLE-SEQ,>21613,   1.98,   4.29,  303, 100.00, 11.22,  0.66,  6.27,  1.98,  3.30,  8.25,  0.66,  5.61,  4.62,  7.59,  2.31,  7.26,  4.62,  5.94,  2.64,  7.26,  5.28,  9.24,  2.64,  2.64,   7.26,   8.25,  -0.99,  15.51,   8.58,  5.44,   0.495,   0.010,   0.217,  -0.060,    4.071,    0.997
WIN21-MAX,>21613,  14.29,  14.29,   21, 100.00, 28.57,  9.52, 14.29,  9.52,  9.52, 28.57,  4.76, 14.29, 14.29, 28.57,  9.52, 19.05, 19.05, 14.29,  9.52, 23.81, 23.81, 28.57,  9.52,  9.52,  23.81,  19.05,  23.81,  33.33,  19.05, 14.00,   0.659,   0.238,   0.637,   0.099,    3.880,    1.220
WIN21-MIN,>21613,  -9.52,  -4.76,   21, 100.00,  0.00,  0.00,  0.00,  0.00,  0.00,  0.00,  0.00,  0.00,  0.00,  0.00,  0.00,  0.00,  0.00,  0.00,  0.00,  0.00,  0.00,  0.00,  0.00,  0.00,   0.00,   0.00, -19.05,   0.00,   0.00,  1.00,   0.394,   0.000,  -0.202,  -0.152,    2.715,    0.828
WIN51-MAX,>21613,   7.84,   9.80,   51, 100.00, 19.61,  3.92, 11.76,  3.92,  7.84, 15.69,  3.92, 11.76,  9.80, 15.69,  5.88, 13.73,  9.80,  9.80,  7.84, 13.73, 11.76, 15.69,  9.80,  5.88,  13.73,  15.69,  11.76,  25.49,  15.69, 11.46,   0.604,   0.118,   0.473,   0.020,    4.109,    1.118
WIN51-MIN,>21613,  -3.92,   0.00,   51, 100.00,  0.00,  0.00,  0.00,  0.00,  0.00,  0.00,  0.00,  0.00,  0.00,  0.00,  0.00,  0.00,  0.00,  0.00,  0.00,  0.00,  0.00,  0.00,  0.00,  0.00,   0.00,   1.96,  -9.80,   5.88,   0.00,  1.00,   0.446,   0.000,   0.024,  -0.110,    3.412,    0.932

WHOLE-SEQ,>82201,   1.32,   3.63,  303, 100.00, 11.22,  0.66,  6.27,  2.64,  3.30,  8.25,  0.66,  5.61,  4.29,  7.59,  2.31,  6.93,  4.62,  5.61,  2.97,  6.93,  5.61,  9.24,  2.64,  2.64,   7.26,   8.91,  -1.65,  16.17,   8.58,  5.05,   0.495,   0.017,   0.210,  -0.063,    4.084,    0.998
WIN21-MAX,>82201,   9.52,  14.29,   21, 100.00, 28.57,  9.52, 14.29, 14.29,  9.52, 28.57,  4.76, 14.29, 14.29, 28.57,  9.52, 19.05, 19.05, 14.29,  9.52, 19.05, 28.57, 28.57,  9.52,  9.52,  23.81,  23.81,  23.81,  33.33,  19.05, 14.00,   0.659,   0.238,   0.637,   0.093,    3.880,    1.199
WIN21-MIN,>82201,  -9.52,  -9.52,   21, 100.00,  0.00,  0.00,  0.00,  0.00,  0.00,  0.00,  0.00,  0.00,  0.00,  0.00,  0.00,  0.00,  0.00,  0.00,  0.00,  0.00,  0.00,  0.00,  0.00,  0.00,   0.00,   0.00, -23.81,   0.00,   0.00,  1.00,   0.394,   0.000,  -0.211,  -0.152,    2.715,    0.835
WIN51-MAX,>82201,   7.84,   9.80,   51, 100.00, 19.61,  3.92, 11.76,  5.88,  7.84, 15.69,  3.92,  9.80,  9.80, 15.69,  5.88, 11.76,  9.80,  7.84,  7.84, 11.76, 11.76, 15.69,  9.80,  5.88,  13.73,  15.69,   9.80,  25.49,  17.65, 11.26,   0.603,   0.098,   0.470,   0.017,    4.109,    1.124
WIN51-MIN,>82201,  -3.92,  -1.96,   51, 100.00,  0.00,  0.00,  0.00,  0.00,  0.00,  0.00,  0.00,  0.00,  0.00,  0.00,  0.00,  0.00,  0.00,  0.00,  0.00,  0.00,  0.00,  0.00,  0.00,  0.00,   0.00,   1.96,  -9.80,   5.88,   0.00,  1.00,   0.441,   0.000,   0.025,  -0.106,    3.412,    0.932

WHOLE-SEQ,>88830,   1.65,   4.29,  303, 100.00, 11.55,  0.99,  6.27,  1.98,  3.30,  8.25,  0.66,  5.61,  4.29,  7.59,  1.98,  7.59,  4.62,  5.94,  2.64,  6.93,  5.61,  9.24,  2.31,  2.64,   6.93,   8.25,  -1.32,  15.18,   8.25,  5.20,   0.496,   0.013,   0.218,  -0.059,    4.067,    0.996
WIN21-MAX,>88830,   9.52,  14.29,   21, 100.00, 28.57,  9.52, 14.29,  9.52, 14.29, 28.57,  4.76, 14.29, 14.29, 28.57,  9.52, 19.05, 19.05, 14.29,  9.52, 19.05, 28.57, 28.57,  9.52,  9.52,  23.81,  19.05,  23.81,  33.33,  19.05, 14.00,   0.659,   0.238,   0.637,   0.090,    3.880,    1.199
WIN21-MIN,>88830,  -9.52,  -4.76,   21, 100.00,  0.00,  0.00,  0.00,  0.00,  0.00,  0.00,  0.00,  0.00,  0.00,  0.00,  0.00,  0.00,  0.00,  0.00,  0.00,  0.00,  0.00,  0.00,  0.00,  0.00,   0.00,   0.00, -19.05,   0.00,   0.00,  1.00,   0.394,   0.000,  -0.202,  -0.152,    2.715,    0.835
WIN51-MAX,>88830,   7.84,   9.80,   51, 100.00, 19.61,  3.92, 11.76,  3.92,  7.84, 15.69,  3.92,  9.80,  9.80, 15.69,  3.92, 13.73,  9.80,  9.80,  7.84, 11.76, 11.76, 15.69,  9.80,  5.88,  13.73,  15.69,  11.76,  25.49,  15.69, 11.46,   0.603,   0.118,   0.470,   0.016,    4.109,    1.115
WIN51-MIN,>88830,  -3.92,   0.00,   51, 100.00,  0.00,  0.00,  0.00,  0.00,  0.00,  0.00,  0.00,  0.00,  0.00,  0.00,  0.00,  0.00,  0.00,  0.00,  0.00,  0.00,  0.00,  0.00,  0.00,  0.00,   0.00,   1.96,  -9.80,   5.88,   0.00,  1.00,   0.441,   0.000,  -0.004,  -0.105,    3.412,    0.932

WHOLE-SEQ,>38687,   1.98,   3.63,  303, 100.00, 11.22,  0.66,  5.94,  2.31,  3.63,  8.25,  0.66,  5.94,  4.62,  7.59,  1.98,  7.26,  4.62,  5.61,  2.64,  6.93,  5.94,  8.91,  2.64,  2.64,   7.26,   8.25,  -0.99,  15.51,   8.91,  5.45,   0.496,   0.010,   0.221,  -0.062,    4.077,    1.001
WIN21-MAX,>38687,  14.29,  14.29,   21, 100.00, 28.57,  9.52, 14.29,  9.52,  9.52, 28.57,  4.76, 14.29, 14.29, 28.57,  9.52, 19.05, 19.05, 14.29,  9.52, 19.05, 23.81, 28.57,  9.52,  9.52,  23.81,  19.05,  23.81,  33.33,  19.05, 14.00,   0.659,   0.238,   0.637,   0.093,    3.916,    1.220
WIN21-MIN,>38687,  -9.52,  -4.76,   21, 100.00,  0.00,  0.00,  0.00,  0.00,  0.00,  0.00,  0.00,  0.00,  0.00,  0.00,  0.00,  0.00,  0.00,  0.00,  0.00,  0.00,  0.00,  0.00,  0.00,  0.00,   0.00,   0.00, -19.05,   0.00,   0.00,  1.00,   0.380,   0.000,  -0.236,  -0.152,    2.715,    0.821
WIN51-MAX,>38687,   7.84,   9.80,   51, 100.00, 19.61,  3.92, 11.76,  5.88,  7.84, 15.69,  3.92, 11.76,  9.80, 15.69,  5.88, 13.73,  9.80,  7.84,  7.84, 11.76, 11.76, 15.69,  9.80,  5.88,  13.73,  15.69,   9.80,  25.49,  17.65, 10.98,   0.604,   0.098,   0.473,   0.017,    4.109,    1.133
WIN51-MIN,>38687,  -3.92,   0.00,   51, 100.00,  0.00,  0.00,  0.00,  0.00,  0.00,  0.00,  0.00,  0.00,  0.00,  0.00,  0.00,  0.00,  0.00,  0.00,  0.00,  0.00,  0.00,  0.00,  0.00,  0.00,   0.00,   1.96,  -9.80,   5.88,   0.00,  1.00,   0.437,   0.000,   0.015,  -0.111,    3.412,    0.932

WHOLE-SEQ,>52551,   1.98,   4.29,  303, 100.00, 11.22,  0.99,  6.27,  1.98,  3.30,  8.25,  0.66,  5.61,  4.29,  7.59,  1.98,  7.59,  4.62,  6.27,  2.31,  6.93,  5.94,  8.91,  2.64,  2.64,   6.60,   8.25,  -1.65,  14.85,   8.58,  4.98,   0.494,   0.017,   0.208,  -0.058,    4.072,    0.996
WIN21-MAX,>52551,  14.29,  14.29,   21, 100.00, 28.57,  9.52, 14.29,  9.52, 14.29, 28.57,  4.76, 14.29, 14.29, 28.57,  9.52, 19.05, 19.05, 14.29,  9.52, 23.81, 28.57, 28.57,  9.52,  9.52,  23.81,  19.05,  23.81,  33.33,  23.81, 14.00,   0.659,   0.238,   0.637,   0.097,    3.880,    1.199
WIN21-MIN,>52551,  -9.52,  -4.76,   21, 100.00,  0.00,  0.00,  0.00,  0.00,  0.00,  0.00,  0.00,  0.00,  0.00,  0.00,  0.00,  0.00,  0.00,  0.00,  0.00,  0.00,  0.00,  0.00,  0.00,  0.00,   0.00,   0.00, -19.05,   0.00,   0.00,  1.00,   0.380,   0.000,  -0.236,  -0.152,    2.715,    0.821
WIN51-MAX,>52551,   7.84,   9.80,   51, 100.00, 19.61,  3.92, 11.76,  3.92,  7.84, 15.69,  3.92,  9.80,  9.80, 15.69,  3.92, 15.69,  9.80,  9.80,  7.84, 13.73, 13.73, 15.69,  9.80,  5.88,  13.73,  15.69,  11.76,  25.49,  15.69, 11.46,   0.603,   0.118,   0.470,   0.019,    4.109,    1.111
WIN51-MIN,>52551,  -3.92,   0.00,   51, 100.00,  0.00,  0.00,  0.00,  0.00,  0.00,  0.00,  0.00,  0.00,  0.00,  0.00,  0.00,  0.00,  0.00,  0.00,  0.00,  0.00,  0.00,  0.00,  0.00,  0.00,   0.00,   1.96,  -9.80,   5.88,   0.00,  1.00,   0.438,   0.000,  -0.021,  -0.110,    3.412,    0.932

WHOLE-SEQ,>34856,   1.98,   4.29,  303, 100.00, 11.22,  0.66,  6.27,  1.98,  2.97,  8.25,  0.99,  5.94,  4.62,  7.59,  2.31,  7.26,  4.62,  5.61,  2.64,  6.93,  5.61,  9.24,  2.64,  2.64,   7.26,   8.25,  -0.99,  15.51,   8.25,  5.74,   0.496,   0.010,   0.219,  -0.061,    4.079,    1.000
WIN21-MAX,>34856,  14.29,  14.29,   21, 100.00, 28.57,  9.52, 14.29,  9.52,  9.52, 28.57,  9.52, 14.29, 14.29, 28.57,  9.52, 19.05, 19.05, 14.29,  9.52, 19.05, 23.81, 28.57,  9.52,  9.52,  23.81,  19.05,  23.81,  33.33,  19.05, 14.00,   0.659,   0.238,   0.637,   0.093,    3.880,    1.199
WIN21-MIN,>34856,  -9.52,  -4.76,   21, 100.00,  0.00,  0.00,  0.00,  0.00,  0.00,  0.00,  0.00,  0.00,  0.00,  0.00,  0.00,  0.00,  0.00,  0.00,  0.00,  0.00,  0.00,  0.00,  0.00,  0.00,   0.00,   0.00, -19.05,   0.00,   0.00,  1.00,   0.394,   0.000,  -0.202,  -0.152,    2.715,    0.835
WIN51-MAX,>34856,   7.84,   9.80,   51, 100.00, 19.61,  3.92, 11.76,  3.92,  7.84, 15.69,  5.88, 11.76,  9.80, 15.69,  5.88, 13.73,  9.80,  7.84,  7.84, 11.76, 11.76, 15.69,  9.80,  5.88,  13.73,  15.69,  11.76,  25.49,  15.69, 11.46,   0.603,   0.118,   0.470,   0.017,    4.109,    1.122
WIN51-MIN,>34856,  -3.92,   0.00,   51, 100.00,  0.00,  0.00,  0.00,  0.00,  0.00,  0.00,  0.00,  0.00,  0.00,  0.00,  0.00,  0.00,  0.00,  0.00,  0.00,  0.00,  0.00,  0.00,  0.00,  0.00,   0.00,   1.96,  -9.80,   5.88,   0.00,  1.00,   0.447,   0.000,   0.026,  -0.110,    3.412,    0.932

WHOLE-SEQ,>59213,   1.65,   4.29,  303, 100.00, 11.22,  0.99,  6.27,  1.98,  3.63,  8.25,  0.66,  5.28,  4.29,  7.59,  1.98,  7.59,  4.62,  5.94,  2.64,  7.26,  5.28,  9.24,  2.64,  2.64,   6.93,   8.25,  -1.32,  15.18,   8.91,  5.20,   0.494,   0.013,   0.213,  -0.058,    4.075,    0.996
WIN21-MAX,>59213,   9.52,  14.29,   21, 100.00, 28.57,  9.52, 14.29,  9.52, 14.29, 28.57,  4.76, 14.29, 14.29, 28.57,  9.52, 19.05, 19.05, 14.29,  9.52, 23.81, 28.57, 28.57,  9.52,  9.52,  23.81,  19.05,  23.81,  33.33,  23.81, 14.00,   0.659,   0.238,   0.637,   0.097,    3.880,    1.220
WIN21-MIN,>59213,  -9.52,  -4.76,   21, 100.00,  0.00,  0.00,  0.00,  0.00,  0.00,  0.00,  0.00,  0.00,  0.00,  0.00,  0.00,  0.00,  0.00,  0.00,  0.00,  0.00,  0.00,  0.00,  0.00,  0.00,   0.00,   0.00, -19.05,   0.00,   0.00,  1.00,   0.394,   0.000,  -0.202,  -0.152,    2.715,    0.835
WIN51-MAX,>59213,   7.84,   9.80,   51, 100.00, 19.61,  3.92, 11.76,  3.92,  7.84, 15.69,  3.92,  9.80,  9.80, 15.69,  3.92, 13.73,  9.80,  9.80,  7.84, 13.73, 11.76, 15.69,  9.80,  5.88,  13.73,  15.69,  11.76,  25.49,  15.69, 11.46,   0.604,   0.118,   0.473,   0.019,    4.109,    1.115
WIN51-MIN,>59213,  -3.92,   0.00,   51, 100.00,  0.00,  0.00,  0.00,  0.00,  0.00,  0.00,  0.00,  0.00,  0.00,  0.00,  0.00,  0.00,  0.00,  0.00,  0.00,  0.00,  0.00,  0.00,  0.00,  0.00,   0.00,   1.96,  -9.80,   5.88,   0.00,  1.00,   0.441,   0.000,  -0.004,  -0.105,    3.412,    0.932

WHOLE-SEQ,>5742,   1.32,   3.96,  303, 100.00, 11.55,  0.66,  5.94,  1.98,  3.63,  8.25,  0.66,  5.61,  3.96,  7.59,  1.98,  7.92,  4.62,  6.27,  2.64,  6.93,  5.94,  8.91,  2.31,  2.64,   6.60,   7.92,  -1.32,  14.52,   8.58,  5.18,   0.495,   0.013,   0.213,  -0.059,    4.059,    0.995
WIN21-MAX,>5742,   9.52,  14.29,   21, 100.00, 28.57,  9.52, 14.29,  9.52, 14.29, 28.57,  4.76, 14.29, 14.29, 28.57,  9.52, 19.05, 19.05, 14.29,  9.52, 19.05, 28.57, 28.57,  9.52,  9.52,  23.81,  19.05,  23.81,  33.33,  19.05, 14.00,   0.659,   0.238,   0.637,   0.090,    3.880,    1.220
WIN21-MIN,>5742,  -9.52,  -4.76,   21, 100.00,  0.00,  0.00,  0.00,  0.00,  0.00,  0.00,  0.00,  0.00,  0.00,  0.00,  0.00,  0.00,  0.00,  0.00,  0.00,  0.00,  0.00,  0.00,  0.00,  0.00,   0.00,   0.00, -19.05,   0.00,   0.00,  1.00,   0.380,   0.000,  -0.236,  -0.152,    2.715,    0.821
WIN51-MAX,>5742,   7.84,   9.80,   51, 100.00, 19.61,  3.92, 11.76,  3.92,  7.84, 15.69,  3.92,  9.80,  9.80, 15.69,  5.88, 13.73,  9.80,  9.80,  7.84, 11.76, 11.76, 15.69,  9.80,  5.88,  13.73,  15.69,  11.76,  25.49,  15.69, 11.46,   0.604,   0.118,   0.473,   0.016,    4.109,    1.108
WIN51-MIN,>5742,  -3.92,   0.00,   51, 100.00,  0.00,  0.00,  0.00,  0.00,  0.00,  0.00,  0.00,  0.00,  0.00,  0.00,  0.00,  0.00,  0.00,  0.00,  0.00,  0.00,  0.00,  0.00,  0.00,  0.00,   0.00,   1.96,  -9.80,   5.88,   0.00,  1.00,   0.438,   0.000,  -0.008,  -0.105,    3.412,    0.932

WHOLE-SEQ,>19380,   1.32,   3.96,  303, 100.00, 11.55,  0.66,  5.94,  1.98,  3.63,  8.25,  0.66,  5.61,  3.96,  7.59,  1.98,  7.92,  4.62,  6.27,  2.64,  6.93,  5.94,  8.91,  2.31,  2.64,   6.60,   7.92,  -1.32,  14.52,   8.58,  5.18,   0.495,   0.013,   0.213,  -0.059,    4.059,    0.995
WIN21-MAX,>19380,   9.52,  14.29,   21, 100.00, 28.57,  9.52, 14.29,  9.52, 14.29, 28.57,  4.76, 14.29, 14.29, 28.57,  9.52, 19.05, 19.05, 14.29,  9.52, 23.81, 28.57, 28.57,  9.52,  9.52,  23.81,  19.05,  23.81,  33.33,  19.05, 14.00,   0.659,   0.238,   0.637,   0.096,    3.880,    1.220
WIN21-MIN,>19380,  -9.52,  -4.76,   21, 100.00,  0.00,  0.00,  0.00,  0.00,  0.00,  0.00,  0.00,  0.00,  0.00,  0.00,  0.00,  0.00,  0.00,  0.00,  0.00,  0.00,  0.00,  0.00,  0.00,  0.00,   0.00,   0.00, -19.05,   0.00,   0.00,  1.00,   0.380,   0.000,  -0.236,  -0.152,    2.715,    0.821
WIN51-MAX,>19380,   7.84,   9.80,   51, 100.00, 19.61,  3.92, 11.76,  3.92,  7.84, 15.69,  3.92,  9.80,  9.80, 15.69,  5.88, 15.69,  9.80,  9.80,  7.84, 13.73, 13.73, 15.69,  9.80,  5.88,  13.73,  15.69,  11.76,  25.49,  15.69, 11.46,   0.604,   0.118,   0.473,   0.019,    4.109,    1.111
WIN51-MIN,>19380,  -3.92,   0.00,   51, 100.00,  0.00,  0.00,  0.00,  0.00,  0.00,  0.00,  0.00,  0.00,  0.00,  0.00,  0.00,  0.00,  0.00,  0.00,  0.00,  0.00,  0.00,  0.00,  0.00,  0.00,   0.00,   1.96,  -9.80,   5.88,   0.00,  1.00,   0.437,   0.000,  -0.024,  -0.110,    3.412,    0.930

WHOLE-SEQ,>15983,   1.65,   3.96,  303, 100.00, 11.22,  0.66,  5.94,  1.98,  3.30,  8.25,  0.99,  5.61,  4.29,  7.59,  1.98,  7.59,  4.62,  5.94,  2.64,  7.26,  5.61,  9.24,  2.64,  2.64,   6.93,   7.92,  -0.99,  14.85,   8.58,  5.73,   0.494,   0.010,   0.215,  -0.059,    4.074,    0.998
WIN21-MAX,>15983,  14.29,  14.29,   21, 100.00, 28.57,  9.52, 14.29,  9.52,  9.52, 28.57,  9.52, 14.29, 14.29, 28.57,  9.52, 19.05, 19.05, 14.29,  9.52, 23.81, 28.57, 28.57,  9.52,  9.52,  23.81,  19.05,  23.81,  33.33,  19.05, 14.00,   0.659,   0.238,   0.637,   0.099,    3.880,    1.220
WIN21-MIN,>15983,  -9.52,  -4.76,   21, 100.00,  0.00,  0.00,  0.00,  0.00,  0.00,  0.00,  0.00,  0.00,  0.00,  0.00,  0.00,  0.00,  0.00,  0.00,  0.00,  0.00,  0.00,  0.00,  0.00,  0.00,   0.00,   0.00, -19.05,   0.00,   0.00,  1.00,   0.394,   0.000,  -0.202,  -0.152,    2.715,    0.828
WIN51-MAX,>15983,   7.84,   9.80,   51, 100.00, 19.61,  3.92, 11.76,  3.92,  7.84, 15.69,  5.88,  9.80,  9.80, 15.69,  5.88, 13.73,  9.80,  9.80,  7.84, 13.73, 13.73, 15.69,  9.80,  5.88,  13.73,  15.69,  11.76,  25.49,  15.69, 11.46,   0.604,   0.118,   0.473,   0.020,    4.109,    1.113
WIN51-MIN,>15983,  -3.92,   0.00,   51, 100.00,  0.00,  0.00,  0.00,  0.00,  0.00,  0.00,  0.00,  0.00,  0.00,  0.00,  0.00,  0.00,  0.00,  0.00,  0.00,  0.00,  0.00,  0.00,  0.00,  0.00,   0.00,   1.96,  -9.80,   5.88,   0.00,  1.00,   0.447,   0.000,  -0.006,  -0.110,    3.412,    0.932

WHOLE-SEQ,>95928,   1.65,   3.96,  303, 100.00, 11.22,  0.66,  6.27,  2.31,  3.30,  8.25,  0.66,  5.94,  4.29,  7.59,  2.31,  7.26,  4.62,  5.94,  2.64,  6.93,  5.61,  8.91,  2.64,  2.64,   6.93,   8.58,  -1.65,  15.51,   8.58,  5.01,   0.495,   0.017,   0.211,  -0.061,    4.078,    0.997
WIN21-MAX,>95928,   9.52,  14.29,   21, 100.00, 28.57,  9.52, 14.29,  9.52, 14.29, 28.57,  4.76, 14.29, 14.29, 28.57,  9.52, 19.05, 19.05, 14.29,  9.52, 23.81, 23.81, 28.57,  9.52,  9.52,  23.81,  19.05,  23.81,  33.33,  23.81, 14.00,   0.659,   0.238,   0.637,   0.097,    3.916,    1.199
WIN21-MIN,>95928,  -9.52,  -4.76,   21, 100.00,  0.00,  0.00,  0.00,  0.00,  0.00,  0.00,  0.00,  0.00,  0.00,  0.00,  0.00,  0.00,  0.00,  0.00,  0.00,  0.00,  0.00,  0.00,  0.00,  0.00,   0.00,   0.00, -19.05,   0.00,   0.00,  1.00,   0.380,   0.000,  -0.236,  -0.152,    2.715,    0.821
WIN51-MAX,>95928,   7.84,   9.80,   51, 100.00, 19.61,  3.92, 11.76,  5.88,  7.84, 15.69,  3.92, 11.76,  9.80, 15.69,  5.88, 13.73,  9.80,  9.80,  7.84, 13.73, 11.76, 15.69,  9.80,  5.88,  13.73,  15.69,   9.80,  25.49,  15.69, 11.26,   0.603,   0.098,   0.470,   0.019,    4.109,    1.117
WIN51-MIN,>95928,  -3.92,   0.00,   51, 100.00,  0.00,  0.00,  0.00,  0.00,  0.00,  0.00,  0.00,  0.00,  0.00,  0.00,  0.00,  0.00,  0.00,  0.00,  0.00,  0.00,  0.00,  0.00,  0.00,  0.00,   0.00,   1.96,  -9.80,   5.88,   0.00,  1.00,   0.437,   0.000,   0.009,  -0.111,    3.412,    0.930

WHOLE-SEQ,>52832,   1.32,   3.96,  303, 100.00, 11.22,  0.99,  5.94,  1.98,  3.63,  8.25,  0.99,  5.61,  3.96,  7.59,  1.65,  7.92,  4.62,  5.94,  2.64,  7.26,  5.61,  8.91,  2.64,  2.64,   6.60,   7.92,  -1.32,  14.52,   8.91,  5.40,   0.494,   0.013,   0.211,  -0.057,    4.079,    0.997
WIN21-MAX,>52832,   9.52,  14.29,   21, 100.00, 28.57,  9.52, 14.29,  9.52, 14.29, 28.57,  9.52, 14.29, 14.29, 28.57,  9.52, 19.05, 19.05, 14.29,  9.52, 23.81, 28.57, 28.57,  9.52,  9.52,  23.81,  19.05,  23.81,  33.33,  23.81, 14.00,   0.659,   0.238,   0.637,   0.097,    3.880,    1.220
WIN21-MIN,>52832,  -9.52,  -4.76,   21, 100.00,  0.00,  0.00,  0.00,  0.00,  0.00,  0.00,  0.00,  0.00,  0.00,  0.00,  0.00,  0.00,  0.00,  0.00,  0.00,  0.00,  0.00,  0.00,  0.00,  0.00,   0.00,   0.00, -19.05,   0.00,   0.00,  1.00,   0.380,   0.000,  -0.236,  -0.152,    2.715,    0.821
WIN51-MAX,>52832,   7.84,   9.80,   51, 100.00, 19.61,  3.92, 11.76,  3.92,  7.84, 15.69,  5.88,  9.80,  9.80, 15.69,  3.92, 13.73,  9.80,  9.80,  7.84, 13.73, 11.76, 15.69,  9.80,  5.88,  13.73,  15.69,  11.76,  25.49,  15.69, 11.46,   0.604,   0.118,   0.473,   0.019,    4.109,    1.119
WIN51-MIN,>52832,  -3.92,   0.00,   51, 100.00,  0.00,  0.00,  0.00,  0.00,  0.00,  0.00,  0.00,  0.00,  0.00,  0.00,  0.00,  0.00,  0.00,  0.00,  0.00,  0.00,  0.00,  0.00,  0.00,  0.00,   0.00,   1.96,  -9.80,   5.88,   0.00,  1.00,   0.438,   0.000,  -0.003,  -0.105,    3.412,    0.932

WHOLE-SEQ,>85122,   1.32,   3.96,  303, 100.00, 11.22,  0.66,  6.27,  2.31,  3.63,  8.25,  0.66,  5.94,  4.29,  7.59,  1.98,  7.59,  4.62,  5.61,  2.97,  6.93,  5.28,  8.91,  2.64,  2.64,   7.26,   8.58,  -1.32,  15.84,   8.91,  5.23,   0.494,   0.013,   0.212,  -0.061,    4.078,    0.997
WIN21-MAX,>85122,   9.52,  14.29,   21, 100.00, 28.57,  9.52, 14.29, 14.29,  9.52, 28.57,  4.76, 14.29, 14.29, 28.57,  9.52, 19.05, 19.05, 14.29,  9.52, 23.81, 23.81, 28.57,  9.52,  9.52,  23.81,  23.81,  23.81,  33.33,  19.05, 14.00,   0.659,   0.238,   0.637,   0.099,    3.880,    1.220
WIN21-MIN,>85122,  -9.52,  -9.52,   21, 100.00,  0.00,  0.00,  0.00,  0.00,  0.00,  0.00,  0.00,  0.00,  0.00,  0.00,  0.00,  0.00,  0.00,  0.00,  0.00,  0.00,  0.00,  0.00,  0.00,  0.00,   0.00,   0.00, -23.81,   0.00,   0.00,  1.00,   0.380,   0.000,  -0.283,  -0.152,    2.715,    0.826
WIN51-MAX,>85122,   7.84,   9.80,   51, 100.00, 19.61,  3.92, 11.76,  5.88,  7.84, 15.69,  3.92, 11.76,  9.80, 15.69,  5.88, 15.69,  9.80,  7.84,  7.84, 13.73,  9.80, 15.69,  9.80,  5.88,  13.73,  15.69,  11.76,  25.49,  17.65, 11.46,   0.604,   0.118,   0.473,   0.020,    4.109,    1.126
WIN51-MIN,>85122,  -3.92,  -1.96,   51, 100.00,  0.00,  0.00,  0.00,  0.00,  0.00,  0.00,  0.00,  0.00,  0.00,  0.00,  0.00,  0.00,  0.00,  0.00,  0.00,  0.00,  0.00,  0.00,  0.00,  0.00,   0.00,   1.96,  -9.80,   5.88,   0.00,  1.00,   0.437,   0.000,  -0.005,  -0.106,    3.412,    0.932

WHOLE-SEQ,>18593,   0.99,   3.96,  303, 100.00, 11.55,  0.99,  5.94,  1.98,  3.30,  8.25,  0.66,  5.94,  3.96,  7.59,  1.65,  7.59,  4.62,  6.27,  2.97,  7.26,  5.61,  8.91,  2.31,  2.64,   6.93,   7.92,  -0.99,  14.85,   8.25,  5.43,   0.495,   0.010,   0.218,  -0.060,    4.065,    0.996
WIN21-MAX,>18593,   9.52,  14.29,   21, 100.00, 28.57,  9.52, 14.29,  9.52,  9.52, 28.57,  4.76, 14.29, 14.29, 28.57,  9.52, 19.05, 19.05, 14.29,  9.52, 23.81, 23.81, 28.57,  9.52,  9.52,  23.81,  19.05,  23.81,  33.33,  19.05, 14.00,   0.659,   0.238,   0.637,   0.098,    3.880,    1.220
WIN21-MIN,>18593,  -9.52,  -4.76,   21, 100.00,  0.00,  0.00,  0.00,  0.00,  0.00,  0.00,  0.00,  0.00,  0.00,  0.00,  0.00,  0.00,  0.00,  0.00,  0.00,  0.00,  0.00,  0.00,  0.00,  0.00,   0.00,   0.00, -19.05,   0.00,   0.00,  1.00,   0.380,   0.000,  -0.236,  -0.152,    2.715,    0.801
WIN51-MAX,>18593,   7.84,   9.80,   51, 100.00, 19.61,  3.92, 11.76,  3.92,  7.84, 15.69,  3.92, 11.76,  9.80, 15.69,  3.92, 13.73,  9.80,  9.80,  7.84, 13.73, 11.76, 15.69,  9.80,  5.88,  13.73,  15.69,  11.76,  25.49,  15.69, 11.46,   0.604,   0.118,   0.473,   0.020,    4.109,    1.124
WIN51-MIN,>18593,  -3.92,   0.00,   51, 100.00,  0.00,  0.00,  0.00,  0.00,  0.00,  0.00,  0.00,  0.00,  0.00,  0.00,  0.00,  0.00,  0.00,  0.00,  0.00,  0.00,  0.00,  0.00,  0.00,  0.00,   0.00,   1.96,  -9.80,   5.88,   0.00,  1.00,   0.438,   0.000,  -0.003,  -0.110,    3.412,    0.932

WHOLE-SEQ,>71763,   1.65,   4.29,  303, 100.00, 11.22,  0.99,  6.27,  1.98,  3.63,  8.25,  0.66,  5.28,  4.29,  7.59,  1.98,  7.59,  4.62,  5.94,  2.64,  7.26,  5.28,  9.24,  2.64,  2.64,   6.93,   8.25,  -1.32,  15.18,   8.91,  5.20,   0.494,   0.013,   0.213,  -0.058,    4.075,    0.996
WIN21-MAX,>71763,  14.29,  14.29,   21, 100.00, 28.57,  9.52, 14.29,  9.52,  9.52, 28.57,  4.76, 14.29, 14.29, 28.57,  9.52, 19.05, 19.05, 14.29,  9.52, 23.81, 28.57, 28.57,  9.52,  9.52,  23.81,  19.05,  23.81,  33.33,  19.05, 14.00,   0.659,   0.238,   0.637,   0.099,    3.880,    1.220
WIN21-MIN,>71763,  -9.52,  -4.76,   21, 100.00,  0.00,  0.00,  0.00,  0.00,  0.00,  0.00,  0.00,  0.00,  0.00,  0.00,  0.00,  0.00,  0.00,  0.00,  0.00,  0.00,  0.00,  0.00,  0.00,  0.00,   0.00,   0.00, -19.05,   0.00,   0.00,  1.00,   0.394,   0.000,  -0.202,  -0.152,    2.715,    0.828
WIN51-MAX,>71763,   7.84,   9.80,   51, 100.00, 19.61,  3.92, 11.76,  3.92,  7.84, 15.69,  3.92,  9.80,  9.80, 15.69,  3.92, 13.73,  9.80,  9.80,  7.84, 13.73, 11.76, 15.69,  9.80,  5.88,  13.73,  15.69,  11.76,  25.49,  17.65, 11.46,   0.604,   0.118,   0.473,   0.020,    4.109,    1.128
WIN51-MIN,>71763,  -3.92,   0.00,   51, 100.00,  0.00,  0.00,  0.00,  0.00,  0.00,  0.00,  0.00,  0.00,  0.00,  0.00,  0.00,  0.00,  0.00,  0.00,  0.00,  0.00,  0.00,  0.00,  0.00,  0.00,   0.00,   1.96,  -9.80,   5.88,   0.00,  1.00,   0.441,   0.000,   0.018,  -0.105,    3.412,    0.932

WHOLE-SEQ,>10385,   1.32,   3.96,  303, 100.00, 11.22,  0.99,  5.94,  1.98,  3.30,  8.25,  0.66,  5.61,  4.29,  7.59,  1.65,  7.92,  4.62,  5.94,  2.97,  6.93,  5.61,  9.24,  2.64,  2.64,   7.26,   7.92,  -0.66,  15.18,   8.58,  5.84,   0.493,   0.007,   0.215,  -0.059,    4.071,    0.998
WIN21-MAX,>10385,   9.52,  14.29,   21, 100.00, 28.57,  9.52, 14.29,  9.52,  9.52, 28.57,  4.76, 14.29, 14.29, 28.57,  9.52, 19.05, 19.05, 14.29,  9.52, 19.05, 28.57, 28.57,  9.52,  9.52,  23.81,  19.05,  23.81,  33.33,  19.05, 14.00,   0.659,   0.238,   0.637,   0.093,    3.880,    1.220
WIN21-MIN,>10385,  -9.52,  -4.76,   21, 100.00,  0.00,  0.00,  0.00,  0.00,  0.00,  0.00,  0.00,  0.00,  0.00,  0.00,  0.00,  0.00,  0.00,  0.00,  0.00,  0.00,  0.00,  0.00,  0.00,  0.00,   0.00,   0.00, -19.05,   0.00,   0.00,  1.00,   0.394,   0.000,  -0.202,  -0.152,    2.715,    0.835
WIN51-MAX,>10385,   7.84,   9.80,   51, 100.00, 19.61,  3.92, 11.76,  3.92,  7.84, 15.69,  3.92,  9.80,  9.80, 15.69,  3.92, 13.73,  9.80,  9.80,  7.84, 11.76, 11.76, 15.69,  9.80,  5.88,  13.73,  15.69,  11.76,  25.49,  15.69, 11.46,   0.604,   0.118,   0.473,   0.017,    4.109,    1.115
WIN51-MIN,>10385,  -3.92,   0.00,   51, 100.00,  0.00,  0.00,  0.00,  0.00,  0.00,  0.00,  0.00,  0.00,  0.00,  0.00,  0.00,  0.00,  0.00,  0.00,  0.00,  0.00,  0.00,  0.00,  0.00,  0.00,   0.00,   1.96,  -9.80,   5.88,   0.00,  1.00,   0.441,   0.000,  -0.004,  -0.105,    3.412,    0.932

WHOLE-SEQ,>18334,   0.99,   3.96,  303, 100.00, 11.22,  0.99,  5.94,  1.98,  3.63,  8.25,  0.66,  5.61,  3.96,  7.59,  1.65,  7.92,  4.62,  5.94,  2.97,  7.26,  5.61,  8.91,  2.64,  2.64,   6.93,   7.92,  -0.99,  14.85,   8.91,  5.43,   0.493,   0.010,   0.213,  -0.058,    4.073,    0.997
WIN21-MAX,>18334,   9.52,  14.29,   21, 100.00, 28.57,  9.52, 14.29,  9.52,  9.52, 28.57,  4.76, 14.29, 14.29, 28.57,  9.52, 19.05, 19.05, 14.29,  9.52, 23.81, 28.57, 28.57,  9.52,  9.52,  23.81,  19.05,  23.81,  33.33,  19.05, 14.00,   0.659,   0.238,   0.637,   0.099,    3.880,    1.220
WIN21-MIN,>18334,  -9.52,  -4.76,   21, 100.00,  0.00,  0.00,  0.00,  0.00,  0.00,  0.00,  0.00,  0.00,  0.00,  0.00,  0.00,  0.00,  0.00,  0.00,  0.00,  0.00,  0.00,  0.00,  0.00,  0.00,   0.00,   0.00, -19.05,   0.00,   0.00,  1.00,   0.380,   0.000,  -0.236,  -0.152,    2.715,    0.821
WIN51-MAX,>18334,   7.84,   9.80,   51, 100.00, 19.61,  3.92, 11.76,  3.92,  7.84, 15.69,  3.92,  9.80,  9.80, 15.69,  3.92, 13.73,  9.80,  9.80,  7.84, 13.73, 11.76, 15.69,  9.80,  5.88,  13.73,  15.69,  11.76,  25.49,  17.65, 11.46,   0.604,   0.118,   0.473,   0.020,    4.109,    1.128
WIN51-MIN,>18334,  -3.92,   0.00,   51, 100.00,  0.00,  0.00,  0.00,  0.00,  0.00,  0.00,  0.00,  0.00,  0.00,  0.00,  0.00,  0.00,  0.00,  0.00,  0.00,  0.00,  0.00,  0.00,  0.00,  0.00,   0.00,   1.96,  -9.80,   5.88,   0.00,  1.00,   0.438,   0.000,  -0.003,  -0.105,    3.412,    0.932

WHOLE-SEQ,>89301,   1.65,   3.96,  303, 100.00, 11.22,  0.66,  6.27,  2.31,  3.63,  8.25,  0.66,  5.61,  4.29,  7.59,  1.98,  7.59,  4.62,  5.94,  2.64,  6.93,  5.28,  9.24,  2.64,  2.64,   6.93,   8.58,  -1.65,  15.51,   8.91,  5.01,   0.494,   0.017,   0.209,  -0.061,    4.072,    0.997
WIN21-MAX,>89301,   9.52,  14.29,   21, 100.00, 28.57,  9.52, 14.29,  9.52, 14.29, 28.57,  4.76, 14.29, 14.29, 28.57,  9.52, 19.05, 19.05, 14.29,  9.52, 23.81, 28.57, 28.57,  9.52,  9.52,  23.81,  19.05,  23.81,  33.33,  23.81, 14.00,   0.659,   0.238,   0.637,   0.097,    3.880,    1.220
WIN21-MIN,>89301,  -9.52,  -4.76,   21, 100.00,  0.00,  0.00,  0.00,  0.00,  0.00,  0.00,  0.00,  0.00,  0.00,  0.00,  0.00,  0.00,  0.00,  0.00,  0.00,  0.00,  0.00,  0.00,  0.00,  0.00,   0.00,   0.00, -19.05,   0.00,   0.00,  1.00,   0.394,   0.000,  -0.202,  -0.152,    2.715,    0.835
WIN51-MAX,>89301,   7.84,   9.80,   51, 100.00, 19.61,  3.92, 11.76,  5.88,  7.84, 15.69,  3.92,  9.80,  9.80, 15.69,  5.88, 13.73,  9.80,  9.80,  7.84, 13.73, 11.76, 15.69,  9.80,  5.88,  13.73,  15.69,   9.80,  25.49,  15.69, 11.26,   0.604,   0.098,   0.473,   0.019,    4.109,    1.106
WIN51-MIN,>89301,  -3.92,   0.00,   51, 100.00,  0.00,  0.00,  0.00,  0.00,  0.00,  0.00,  0.00,  0.00,  0.00,  0.00,  0.00,  0.00,  0.00,  0.00,  0.00,  0.00,  0.00,  0.00,  0.00,  0.00,   0.00,   1.96,  -9.80,   5.88,   0.00,  1.00,   0.441,   0.000,  -0.005,  -0.105,    3.412,    0.932

WHOLE-SEQ,>830,   1.98,   4.29,  303, 100.00, 11.22,  0.66,  6.27,  1.98,  3.63,  8.25,  0.66,  5.61,  4.29,  7.59,  1.98,  7.59,  4.62,  6.27,  2.31,  6.60,  6.27,  8.91,  2.64,  2.64,   6.60,   8.25,  -1.65,  14.85,   8.91,  4.98,   0.494,   0.017,   0.208,  -0.059,    4.066,    0.997
WIN21-MAX,>830,  14.29,  14.29,   21, 100.00, 28.57,  9.52, 14.29,  9.52, 14.29, 28.57,  4.76, 14.29, 14.29, 28.57,  9.52, 19.05, 19.05, 14.29,  9.52, 19.05, 28.57, 28.57,  9.52,  9.52,  23.81,  19.05,  23.81,  33.33,  23.81, 14.00,   0.659,   0.238,   0.637,   0.091,    3.880,    1.220
WIN21-MIN,>830,  -9.52,  -4.76,   21, 100.00,  0.00,  0.00,  0.00,  0.00,  0.00,  0.00,  0.00,  0.00,  0.00,  0.00,  0.00,  0.00,  0.00,  0.00,  0.00,  0.00,  0.00,  0.00,  0.00,  0.00,   0.00,   0.00, -19.05,   0.00,   0.00,  1.00,   0.380,   0.000,  -0.236,  -0.152,    2.715,    0.821
WIN51-MAX,>830,   7.84,   9.80,   51, 100.00, 19.61,  3.92, 11.76,  3.92,  7.84, 15.69,  3.92,  9.80,  9.80, 15.69,  5.88, 15.69,  9.80,  9.80,  7.84, 11.76, 13.73, 15.69,  9.80,  5.88,  13.73,  15.69,  11.76,  25.49,  15.69, 11.46,   0.604,   0.118,   0.473,   0.016,    4.109,    1.111
WIN51-MIN,>830,  -3.92,   0.00,   51, 100.00,  0.00,  0.00,  0.00,  0.00,  0.00,  0.00,  0.00,  0.00,  0.00,  0.00,  0.00,  0.00,  0.00,  0.00,  0.00,  0.00,  0.00,  0.00,  0.00,  0.00,   0.00,   1.96,  -9.80,   5.88,   0.00,  1.00,   0.437,   0.000,  -0.024,  -0.110,    3.412,    0.930

WHOLE-SEQ,>82294,   1.32,   3.63,  303, 100.00, 11.55,  0.66,  5.94,  2.31,  3.63,  8.25,  0.66,  5.61,  4.29,  7.59,  1.98,  7.59,  4.62,  5.61,  2.97,  6.93,  5.61,  9.24,  2.31,  2.64,   7.26,   8.25,  -0.99,  15.51,   8.58,  5.45,   0.496,   0.010,   0.220,  -0.061,    4.069,    0.998
WIN21-MAX,>82294,   9.52,  14.29,   21, 100.00, 28.57,  9.52, 14.29, 14.29,  9.52, 28.57,  4.76, 14.29, 14.29, 28.57,  9.52, 19.05, 19.05, 14.29,  9.52, 19.05, 28.57, 28.57,  9.52,  9.52,  23.81,  23.81,  23.81,  33.33,  19.05, 14.00,   0.659,   0.238,   0.637,   0.092,    3.880,    1.220
WIN21-MIN,>82294,  -9.52,  -9.52,   21, 100.00,  0.00,  0.00,  0.00,  0.00,  0.00,  0.00,  0.00,  0.00,  0.00,  0.00,  0.00,  0.00,  0.00,  0.00,  0.00,  0.00,  0.00,  0.00,  0.00,  0.00,   0.00,   0.00, -23.81,   0.00,   0.00,  1.00,   0.394,   0.000,  -0.211,  -0.152,    2.715,    0.820
WIN51-MAX,>82294,   7.84,   9.80,   51, 100.00, 19.61,  3.92, 11.76,  5.88,  7.84, 15.69,  3.92,  9.80,  9.80, 15.69,  5.88, 13.73,  9.80,  7.84,  7.84, 11.76, 11.76, 15.69,  9.80,  5.88,  13.73,  15.69,  11.76,  25.49,  17.65, 11.46,   0.604,   0.118,   0.473,   0.017,    4.109,    1.122
WIN51-MIN,>82294,  -3.92,  -1.96,   51, 100.00,  0.00,  0.00,  0.00,  0.00,  0.00,  0.00,  0.00,  0.00,  0.00,  0.00,  0.00,  0.00,  0.00,  0.00,  0.00,  0.00,  0.00,  0.00,  0.00,  0.00,   0.00,   1.96,  -9.80,   5.88,   0.00,  1.00,   0.441,   0.000,   0.018,  -0.106,    3.412,    0.932

WHOLE-SEQ,>38520,   1.98,   3.96,  303, 100.00, 11.22,  0.66,  5.94,  1.98,  3.30,  8.25,  0.99,  5.94,  4.62,  7.59,  1.98,  7.59,  4.62,  5.61,  2.64,  7.26,  5.61,  8.91,  2.64,  2.64,   7.26,   7.92,  -0.66,  15.18,   8.58,  6.15,   0.494,   0.007,   0.218,  -0.059,    4.077,    0.998
WIN21-MAX,>38520,  14.29,  14.29,   21, 100.00, 28.57,  9.52, 14.29,  9.52,  9.52, 28.57,  9.52, 14.29, 14.29, 28.57,  9.52, 19.05, 19.05, 14.29,  9.52, 23.81, 23.81, 28.57,  9.52,  9.52,  23.81,  19.05,  23.81,  33.33,  19.05, 14.00,   0.659,   0.238,   0.637,   0.099,    3.916,    1.220
WIN21-MIN,>38520,  -9.52,  -4.76,   21, 100.00,  0.00,  0.00,  0.00,  0.00,  0.00,  0.00,  0.00,  0.00,  0.00,  0.00,  0.00,  0.00,  0.00,  0.00,  0.00,  0.00,  0.00,  0.00,  0.00,  0.00,   0.00,   0.00, -19.05,   0.00,   0.00,  1.00,   0.380,   0.000,  -0.236,  -0.152,    2.715,    0.821
WIN51-MAX,>38520,   7.84,   9.80,   51, 100.00, 19.61,  3.92, 11.76,  3.92,  7.84, 15.69,  5.88, 11.76,  9.80, 15.69,  5.88, 13.73,  9.80,  7.84,  7.84, 13.73, 11.76, 15.69,  9.80,  5.88,  13.73,  15.69,  11.76,  25.49,  15.69, 11.46,   0.604,   0.118,   0.473,   0.020,    4.109,    1.122
WIN51-MIN,>38520,  -3.92,   0.00,   51, 100.00,  0.00,  0.00,  0.00,  0.00,  0.00,  0.00,  0.00,  0.00,  0.00,  0.00,  0.00,  0.00,  0.00,  0.00,  0.00,  0.00,  0.00,  0.00,  0.00,  0.00,   0.00,   1.96,  -9.80,   5.88,   0.00,  1.00,   0.437,   0.000,   0.015,  -0.110,    3.412,    0.932

WHOLE-SEQ,>48227,   1.98,   3.96,  303, 100.00, 11.22,  0.66,  5.94,  1.98,  3.30,  8.25,  0.99,  5.94,  4.62,  7.59,  1.98,  7.59,  4.29,  5.94,  2.64,  6.93,  5.61,  9.24,  2.64,  2.64,   7.26,   7.92,  -0.66,  15.18,   8.58,  6.15,   0.495,   0.007,   0.221,  -0.063,    4.075,    1.002
WIN21-MAX,>48227,  14.29,  14.29,   21, 100.00, 28.57,  9.52, 14.29,  9.52,  9.52, 28.57,  9.52, 14.29, 14.29, 28.57,  9.52, 19.05, 19.05, 14.29,  9.52, 19.05, 23.81, 28.57,  9.52,  9.52,  23.81,  19.05,  23.81,  33.33,  19.05, 14.00,   0.659,   0.238,   0.637,   0.093,    3.880,    1.220
WIN21-MIN,>48227,  -9.52,  -4.76,   21, 100.00,  0.00,  0.00,  0.00,  0.00,  0.00,  0.00,  0.00,  0.00,  0.00,  0.00,  0.00,  0.00,  0.00,  0.00,  0.00,  0.00,  0.00,  0.00,  0.00,  0.00,   0.00,   0.00, -19.05,   0.00,   0.00,  1.00,   0.394,   0.000,  -0.202,  -0.183,    2.715,    0.835
WIN51-MAX,>48227,   7.84,   9.80,   51, 100.00, 19.61,  3.92, 11.76,  3.92,  7.84, 15.69,  5.88, 11.76,  9.80, 15.69,  5.88, 13.73,  9.80,  9.80,  7.84, 11.76, 11.76, 15.69,  9.80,  5.88,  15.69,  15.69,  11.76,  27.45,  15.69, 11.46,   0.604,   0.118,   0.473,   0.017,    4.045,    1.122
WIN51-MIN,>48227,  -1.96,   0.00,   51, 100.00,  0.00,  0.00,  0.00,  0.00,  0.00,  0.00,  0.00,  0.00,  0.00,  0.00,  0.00,  0.00,  0.00,  0.00,  0.00,  0.00,  0.00,  0.00,  0.00,  0.00,   0.00,   1.96,  -9.80,   5.88,   0.00,  1.00,   0.448,   0.000,   0.026,  -0.123,    3.412,    0.932

WHOLE-SEQ,>38204,   1.65,   4.29,  303, 100.00, 11.22,  0.66,  6.27,  1.98,  3.30,  8.25,  0.66,  5.94,  4.29,  7.59,  2.31,  7.59,  4.62,  5.94,  2.64,  6.93,  5.61,  8.91,  2.64,  2.64,   6.93,   8.25,  -1.32,  15.18,   8.58,  5.20,   0.495,   0.013,   0.215,  -0.060,    4.072,    0.997
WIN21-MAX,>38204,   9.52,  14.29,   21, 100.00, 28.57,  9.52, 14.29,  9.52, 14.29, 28.57,  4.76, 14.29, 14.29, 28.57,  9.52, 19.05, 19.05, 14.29,  9.52, 23.81, 23.81, 28.57,  9.52,  9.52,  23.81,  19.05,  23.81,  33.33,  23.81, 14.00,   0.659,   0.238,   0.637,   0.097,    3.916,    1.199
WIN21-MIN,>38204,  -9.52,  -4.76,   21, 100.00,  0.00,  0.00,  0.00,  0.00,  0.00,  0.00,  0.00,  0.00,  0.00,  0.00,  0.00,  0.00,  0.00,  0.00,  0.00,  0.00,  0.00,  0.00,  0.00,  0.00,   0.00,   0.00, -19.05,   0.00,   0.00,  1.00,   0.380,   0.000,  -0.236,  -0.152,    2.715,    0.821
WIN51-MAX,>38204,   7.84,   9.80,   51, 100.00, 19.61,  3.92, 11.76,  3.92,  7.84, 15.69,  3.92, 11.76,  9.80, 15.69,  5.88, 15.69,  9.80,  9.80,  7.84, 13.73, 11.76, 15.69,  9.80,  5.88,  13.73,  15.69,  11.76,  25.49,  15.69, 11.46,   0.603,   0.118,   0.470,   0.019,    4.109,    1.117
WIN51-MIN,>38204,  -3.92,   0.00,   51, 100.00,  0.00,  0.00,  0.00,  0.00,  0.00,  0.00,  0.00,  0.00,  0.00,  0.00,  0.00,  0.00,  0.00,  0.00,  0.00,  0.00,  0.00,  0.00,  0.00,  0.00,   0.00,   1.96,  -9.80,   5.88,   0.00,  1.00,   0.437,   0.000,   0.007,  -0.110,    3.412,    0.930

WHOLE-SEQ,>33172,   1.65,   3.96,  303, 100.00, 11.22,  0.66,  6.27,  2.31,  3.63,  8.25,  0.99,  5.61,  4.29,  7.59,  1.98,  7.26,  4.62,  5.61,  2.64,  7.26,  5.61,  8.91,  2.64,  2.64,   6.93,   8.58,  -1.65,  15.51,   8.91,  5.21,   0.494,   0.017,   0.207,  -0.059,    4.084,    0.996
WIN21-MAX,>33172,   9.52,  14.29,   21, 100.00, 28.57,  9.52, 14.29, 14.29, 14.29, 28.57,  9.52, 14.29, 14.29, 28.57,  9.52, 19.05, 19.05, 14.29,  9.52, 23.81, 28.57, 28.57,  9.52,  9.52,  23.81,  23.81,  23.81,  33.33,  23.81, 14.00,   0.659,   0.238,   0.637,   0.097,    3.880,    1.220
WIN21-MIN,>33172,  -9.52,  -9.52,   21, 100.00,  0.00,  0.00,  0.00,  0.00,  0.00,  0.00,  0.00,  0.00,  0.00,  0.00,  0.00,  0.00,  0.00,  0.00,  0.00,  0.00,  0.00,  0.00,  0.00,  0.00,   0.00,   0.00, -23.81,   0.00,   0.00,  1.00,   0.380,   0.000,  -0.283,  -0.152,    2.715,    0.826
WIN51-MAX,>33172,   7.84,   9.80,   51, 100.00, 19.61,  3.92, 11.76,  5.88,  7.84, 15.69,  5.88,  9.80,  9.80, 15.69,  5.88, 13.73,  9.80,  7.84,  7.84, 13.73, 11.76, 15.69,  9.80,  5.88,  13.73,  15.69,  11.76,  25.49,  15.69, 11.46,   0.604,   0.118,   0.473,   0.019,    4.109,    1.113
WIN51-MIN,>33172,  -3.92,  -1.96,   51, 100.00,  0.00,  0.00,  0.00,  0.00,  0.00,  0.00,  0.00,  0.00,  0.00,  0.00,  0.00,  0.00,  0.00,  0.00,  0.00,  0.00,  0.00,  0.00,  0.00,  0.00,   0.00,   1.96,  -9.80,   5.88,   0.00,  1.00,   0.437,   0.000,  -0.006,  -0.106,    3.412,    0.932

WHOLE-SEQ,>52019,   1.32,   4.29,  303, 100.00, 11.22,  0.99,  6.27,  1.98,  3.63,  8.25,  0.99,  5.61,  3.96,  7.59,  1.65,  7.92,  4.62,  5.94,  2.64,  6.93,  5.61,  8.91,  2.64,  2.64,   6.60,   8.25,  -1.65,  14.85,   8.91,  5.18,   0.493,   0.017,   0.205,  -0.057,    4.080,    0.996
WIN21-MAX,>52019,   9.52,  14.29,   21, 100.00, 28.57,  9.52, 14.29,  9.52, 14.29, 28.57,  9.52, 14.29, 14.29, 28.57,  9.52, 19.05, 19.05, 14.29,  9.52, 23.81, 28.57, 28.57,  9.52,  9.52,  23.81,  19.05,  23.81,  33.33,  23.81, 14.00,   0.659,   0.238,   0.637,   0.097,    3.880,    1.220
WIN21-MIN,>52019,  -9.52,  -4.76,   21, 100.00,  0.00,  0.00,  0.00,  0.00,  0.00,  0.00,  0.00,  0.00,  0.00,  0.00,  0.00,  0.00,  0.00,  0.00,  0.00,  0.00,  0.00,  0.00,  0.00,  0.00,   0.00,   0.00, -19.05,   0.00,   0.00,  1.00,   0.380,   0.000,  -0.236,  -0.152,    2.715,    0.821
WIN51-MAX,>52019,   7.84,   9.80,   51, 100.00, 19.61,  3.92, 11.76,  3.92,  7.84, 15.69,  5.88,  9.80,  9.80, 15.69,  3.92, 15.69,  9.80,  9.80,  7.84, 13.73, 11.76, 15.69,  9.80,  5.88,  13.73,  15.69,  11.76,  25.49,  15.69, 11.46,   0.604,   0.118,   0.473,   0.019,    4.109,    1.115
WIN51-MIN,>52019,  -3.92,   0.00,   51, 100.00,  0.00,  0.00,  0.00,  0.00,  0.00,  0.00,  0.00,  0.00,  0.00,  0.00,  0.00,  0.00,  0.00,  0.00,  0.00,  0.00,  0.00,  0.00,  0.00,  0.00,   0.00,   1.96,  -9.80,   5.88,   0.00,  1.00,   0.438,   0.000,  -0.019,  -0.105,    3.412,    0.932

WHOLE-SEQ,>14383,   0.99,   3.63,  303, 100.00, 11.22,  0.66,  5.94,  2.31,  3.63,  8.25,  0.66,  5.61,  3.96,  7.59,  1.98,  7.59,  4.62,  5.94,  2.97,  7.26,  5.61,  8.91,  2.64,  2.64,   6.93,   8.25,  -1.32,  15.18,   8.91,  5.22,   0.493,   0.013,   0.209,  -0.060,    4.076,    0.996
WIN21-MAX,>14383,   9.52,  14.29,   21, 100.00, 28.57,  9.52, 14.29, 14.29,  9.52, 28.57,  4.76, 14.29, 14.29, 28.57,  9.52, 19.05, 19.05, 14.29,  9.52, 23.81, 28.57, 28.57,  9.52,  9.52,  23.81,  23.81,  23.81,  33.33,  19.05, 14.00,   0.659,   0.238,   0.637,   0.099,    3.880,    1.220
WIN21-MIN,>14383,  -9.52,  -9.52,   21, 100.00,  0.00,  0.00,  0.00,  0.00,  0.00,  0.00,  0.00,  0.00,  0.00,  0.00,  0.00,  0.00,  0.00,  0.00,  0.00,  0.00,  0.00,  0.00,  0.00,  0.00,   0.00,   0.00, -23.81,   0.00,   0.00,  1.00,   0.380,   0.000,  -0.283,  -0.152,    2.715,    0.826
WIN51-MAX,>14383,   7.84,   9.80,   51, 100.00, 19.61,  3.92, 11.76,  5.88,  7.84, 15.69,  3.92,  9.80,  9.80, 15.69,  5.88, 13.73,  9.80,  9.80,  7.84, 13.73, 11.76, 15.69,  9.80,  5.88,  13.73,  15.69,  11.76,  25.49,  17.65, 11.46,   0.604,   0.118,   0.473,   0.020,    4.109,    1.122
WIN51-MIN,>14383,  -3.92,  -1.96,   51, 100.00,  0.00,  0.00,  0.00,  0.00,  0.00,  0.00,  0.00,  0.00,  0.00,  0.00,  0.00,  0.00,  0.00,  0.00,  0.00,  0.00,  0.00,  0.00,  0.00,  0.00,   0.00,   1.96,  -9.80,   5.88,   0.00,  1.00,   0.438,   0.000,  -0.022,  -0.108,    3.412,    0.932

WHOLE-SEQ,>19774,   0.99,   3.63,  303, 100.00, 11.22,  0.66,  5.94,  2.31,  3.63,  8.25,  0.66,  5.61,  3.96,  7.59,  1.98,  7.59,  4.62,  5.94,  2.97,  7.26,  5.61,  8.91,  2.64,  2.64,   6.93,   8.25,  -1.32,  15.18,   8.91,  5.22,   0.493,   0.013,   0.209,  -0.060,    4.076,    0.996
WIN21-MAX,>19774,   9.52,  14.29,   21, 100.00, 28.57,  9.52, 14.29,  9.52,  9.52, 28.57,  4.76, 14.29, 14.29, 28.57,  9.52, 19.05, 19.05, 14.29,  9.52, 23.81, 28.57, 28.57,  9.52,  9.52,  23.81,  19.05,  23.81,  33.33,  19.05, 14.00,   0.659,   0.238,   0.637,   0.099,    3.880,    1.220
WIN21-MIN,>19774,  -9.52,  -4.76,   21, 100.00,  0.00,  0.00,  0.00,  0.00,  0.00,  0.00,  0.00,  0.00,  0.00,  0.00,  0.00,  0.00,  0.00,  0.00,  0.00,  0.00,  0.00,  0.00,  0.00,  0.00,   0.00,   0.00, -19.05,   0.00,   0.00,  1.00,   0.380,   0.000,  -0.236,  -0.152,    2.715,    0.821
WIN51-MAX,>19774,   7.84,   9.80,   51, 100.00, 19.61,  3.92, 11.76,  5.88,  7.84, 15.69,  3.92,  9.80,  9.80, 15.69,  5.88, 13.73,  9.80,  9.80,  7.84, 13.73, 11.76, 15.69,  9.80,  5.88,  13.73,  15.69,   9.80,  25.49,  17.65, 11.26,   0.604,   0.098,   0.473,   0.020,    4.109,    1.124
WIN51-MIN,>19774,  -3.92,   0.00,   51, 100.00,  0.00,  0.00,  0.00,  0.00,  0.00,  0.00,  0.00,  0.00,  0.00,  0.00,  0.00,  0.00,  0.00,  0.00,  0.00,  0.00,  0.00,  0.00,  0.00,  0.00,   0.00,   1.96,  -9.80,   5.88,   0.00,  1.00,   0.438,   0.000,  -0.003,  -0.105,    3.412,    0.932

WHOLE-SEQ,>52143,   1.65,   3.96,  303, 100.00, 11.22,  0.99,  5.94,  1.98,  3.63,  8.25,  0.66,  5.94,  4.29,  7.59,  1.65,  7.92,  4.62,  5.94,  2.64,  6.60,  5.94,  8.91,  2.64,  2.64,   6.93,   7.92,  -0.99,  14.85,   8.91,  5.43,   0.496,   0.010,   0.219,  -0.060,    4.073,    1.001
WIN21-MAX,>52143,  14.29,  14.29,   21, 100.00, 28.57,  9.52, 14.29,  9.52,  9.52, 28.57,  4.76, 14.29, 14.29, 28.57,  9.52, 19.05, 19.05, 14.29,  9.52, 19.05, 23.81, 28.57,  9.52,  9.52,  23.81,  19.05,  23.81,  33.33,  19.05, 14.00,   0.659,   0.238,   0.637,   0.093,    3.880,    1.220
WIN21-MIN,>52143,  -9.52,  -4.76,   21, 100.00,  0.00,  0.00,  0.00,  0.00,  0.00,  0.00,  0.00,  0.00,  0.00,  0.00,  0.00,  0.00,  0.00,  0.00,  0.00,  0.00,  0.00,  0.00,  0.00,  0.00,   0.00,   0.00, -19.05,   0.00,   0.00,  1.00,   0.380,   0.000,  -0.236,  -0.152,    2.715,    0.821
WIN51-MAX,>52143,   7.84,   9.80,   51, 100.00, 19.61,  3.92, 11.76,  3.92,  7.84, 15.69,  3.92, 11.76,  9.80, 15.69,  3.92, 15.69,  9.80,  9.80,  7.84, 11.76, 11.76, 15.69,  9.80,  5.88,  13.73,  15.69,  11.76,  25.49,  17.65, 11.46,   0.604,   0.118,   0.473,   0.017,    4.109,    1.133
WIN51-MIN,>52143,  -3.92,   0.00,   51, 100.00,  0.00,  0.00,  0.00,  0.00,  0.00,  0.00,  0.00,  0.00,  0.00,  0.00,  0.00,  0.00,  0.00,  0.00,  0.00,  0.00,  0.00,  0.00,  0.00,  0.00,   0.00,   1.96,  -9.80,   5.88,   0.00,  1.00,   0.438,   0.000,  -0.003,  -0.110,    3.412,    0.932

WHOLE-SEQ,>34736,   1.65,   4.29,  303, 100.00, 11.22,  0.66,  6.27,  1.98,  3.63,  8.25,  0.66,  5.61,  4.29,  7.59,  1.98,  7.92,  4.62,  5.94,  2.64,  6.93,  5.28,  9.24,  2.64,  2.64,   6.93,   8.25,  -1.32,  15.18,   8.91,  5.20,   0.494,   0.013,   0.212,  -0.059,    4.066,    0.997
WIN21-MAX,>34736,   9.52,  14.29,   21, 100.00, 28.57,  9.52, 14.29,  9.52, 14.29, 28.57,  4.76, 14.29, 14.29, 28.57,  9.52, 19.05, 19.05, 14.29,  9.52, 23.81, 28.57, 28.57,  9.52,  9.52,  23.81,  19.05,  23.81,  33.33,  23.81, 14.00,   0.659,   0.238,   0.637,   0.097,    3.880,    1.220
WIN21-MIN,>34736,  -9.52,  -4.76,   21, 100.00,  0.00,  0.00,  0.00,  0.00,  0.00,  0.00,  0.00,  0.00,  0.00,  0.00,  0.00,  0.00,  0.00,  0.00,  0.00,  0.00,  0.00,  0.00,  0.00,  0.00,   0.00,   0.00, -19.05,   0.00,   0.00,  1.00,   0.394,   0.000,  -0.202,  -0.152,    2.715,    0.835
WIN51-MAX,>34736,   7.84,   9.80,   51, 100.00, 19.61,  3.92, 11.76,  3.92,  7.84, 15.69,  3.92,  9.80,  9.80, 15.69,  5.88, 15.69,  9.80,  9.80,  7.84, 13.73, 11.76, 15.69,  9.80,  5.88,  13.73,  15.69,  11.76,  25.49,  15.69, 11.46,   0.604,   0.118,   0.473,   0.019,    4.109,    1.104
WIN51-MIN,>34736,  -3.92,   0.00,   51, 100.00,  0.00,  0.00,  0.00,  0.00,  0.00,  0.00,  0.00,  0.00,  0.00,  0.00,  0.00,  0.00,  0.00,  0.00,  0.00,  0.00,  0.00,  0.00,  0.00,  0.00,   0.00,   1.96,  -9.80,   5.88,   0.00,  1.00,   0.441,   0.000,  -0.024,  -0.105,    3.412,    0.932

WHOLE-SEQ,>3481,   1.32,   3.96,  303, 100.00, 11.22,  0.66,  6.27,  2.31,  3.63,  8.25,  0.66,  5.61,  3.96,  7.59,  1.98,  7.26,  4.62,  6.27,  2.64,  7.26,  5.61,  8.91,  2.64,  2.64,   6.60,   8.58,  -1.98,  15.18,   8.91,  4.90,   0.494,   0.020,   0.204,  -0.060,    4.073,    0.995
WIN21-MAX,>3481,   9.52,  14.29,   21, 100.00, 28.57,  9.52, 14.29, 14.29, 14.29, 28.57,  4.76, 14.29, 14.29, 28.57,  9.52, 19.05, 19.05, 14.29,  9.52, 23.81, 28.57, 28.57,  9.52,  9.52,  23.81,  23.81,  23.81,  33.33,  23.81, 14.00,   0.659,   0.238,   0.637,   0.097,    3.880,    1.220
WIN21-MIN,>3481,  -9.52,  -9.52,   21, 100.00,  0.00,  0.00,  0.00,  0.00,  0.00,  0.00,  0.00,  0.00,  0.00,  0.00,  0.00,  0.00,  0.00,  0.00,  0.00,  0.00,  0.00,  0.00,  0.00,  0.00,   0.00,   0.00, -23.81,   0.00,   0.00,  1.00,   0.380,   0.000,  -0.283,  -0.152,    2.715,    0.826
WIN51-MAX,>3481,   7.84,   9.80,   51, 100.00, 19.61,  3.92, 11.76,  5.88,  7.84, 15.69,  3.92,  9.80,  9.80, 15.69,  5.88, 13.73,  9.80,  9.80,  7.84, 13.73, 11.76, 15.69,  9.80,  5.88,  13.73,  15.69,  11.76,  25.49,  15.69, 11.46,   0.604,   0.118,   0.473,   0.019,    4.109,    1.108
WIN51-MIN,>3481,  -3.92,  -1.96,   51, 100.00,  0.00,  0.00,  0.00,  0.00,  0.00,  0.00,  0.00,  0.00,  0.00,  0.00,  0.00,  0.00,  0.00,  0.00,  0.00,  0.00,  0.00,  0.00,  0.00,  0.00,   0.00,   1.96,  -9.80,   5.88,   0.00,  1.00,   0.438,   0.000,  -0.022,  -0.108,    3.412,    0.932

WHOLE-SEQ,>89746,   1.98,   4.29,  303, 100.00, 11.22,  0.66,  6.27,  1.98,  2.97,  8.25,  0.99,  5.94,  4.62,  7.59,  2.31,  7.26,  4.62,  5.61,  2.64,  7.26,  5.28,  9.24,  2.64,  2.64,   7.26,   8.25,  -0.99,  15.51,   8.25,  5.74,   0.495,   0.010,   0.219,  -0.061,    4.077,    0.998
WIN21-MAX,>89746,  14.29,  14.29,   21, 100.00, 28.57,  9.52, 14.29,  9.52,  9.52, 28.57,  9.52, 14.29, 14.29, 28.57,  9.52, 19.05, 19.05, 14.29,  9.52, 23.81, 23.81, 28.57,  9.52,  9.52,  23.81,  19.05,  23.81,  33.33,  19.05, 14.00,   0.659,   0.238,   0.637,   0.099,    3.880,    1.199
WIN21-MIN,>89746,  -9.52,  -4.76,   21, 100.00,  0.00,  0.00,  0.00,  0.00,  0.00,  0.00,  0.00,  0.00,  0.00,  0.00,  0.00,  0.00,  0.00,  0.00,  0.00,  0.00,  0.00,  0.00,  0.00,  0.00,   0.00,   0.00, -19.05,   0.00,   0.00,  1.00,   0.394,   0.000,  -0.202,  -0.152,    2.715,    0.828
WIN51-MAX,>89746,   7.84,   9.80,   51, 100.00, 19.61,  3.92, 11.76,  3.92,  7.84, 15.69,  5.88, 11.76,  9.80, 15.69,  5.88, 13.73,  9.80,  7.84,  7.84, 13.73, 11.76, 15.69,  9.80,  5.88,  13.73,  15.69,  11.76,  25.49,  15.69, 11.46,   0.603,   0.118,   0.470,   0.020,    4.109,    1.122
WIN51-MIN,>89746,  -3.92,   0.00,   51, 100.00,  0.00,  0.00,  0.00,  0.00,  0.00,  0.00,  0.00,  0.00,  0.00,  0.00,  0.00,  0.00,  0.00,  0.00,  0.00,  0.00,  0.00,  0.00,  0.00,  0.00,   0.00,   1.96,  -9.80,   5.88,   0.00,  1.00,   0.447,   0.000,   0.026,  -0.110,    3.412,    0.932

WHOLE-SEQ,>113586,   1.65,   3.96,  303, 100.00, 11.22,  0.66,  6.27,  2.31,  3.63,  8.25,  0.66,  5.61,  4.29,  7.59,  1.98,  7.59,  4.62,  5.94,  2.64,  6.93,  5.28,  9.24,  2.64,  2.64,   6.93,   8.58,  -1.65,  15.51,   8.91,  5.01,   0.494,   0.017,   0.209,  -0.061,    4.072,    0.997
WIN21-MAX,>113586,  14.29,  14.29,   21, 100.00, 28.57,  9.52, 14.29,  9.52,  9.52, 28.57,  4.76, 14.29, 14.29, 28.57,  9.52, 19.05, 19.05, 14.29,  9.52, 23.81, 28.57, 28.57,  9.52,  9.52,  23.81,  19.05,  23.81,  33.33,  19.05, 14.00,   0.659,   0.238,   0.637,   0.099,    3.880,    1.220
WIN21-MIN,>113586,  -9.52,  -4.76,   21, 100.00,  0.00,  0.00,  0.00,  0.00,  0.00,  0.00,  0.00,  0.00,  0.00,  0.00,  0.00,  0.00,  0.00,  0.00,  0.00,  0.00,  0.00,  0.00,  0.00,  0.00,   0.00,   0.00, -19.05,   0.00,   0.00,  1.00,   0.394,   0.000,  -0.202,  -0.152,    2.715,    0.828
WIN51-MAX,>113586,   7.84,   9.80,   51, 100.00, 19.61,  3.92, 11.76,  5.88,  7.84, 15.69,  3.92,  9.80,  9.80, 15.69,  5.88, 13.73,  9.80,  9.80,  7.84, 13.73, 11.76, 15.69,  9.80,  5.88,  13.73,  15.69,   9.80,  25.49,  17.65, 10.98,   0.604,   0.098,   0.473,   0.020,    4.109,    1.119
WIN51-MIN,>113586,  -3.92,   0.00,   51, 100.00,  0.00,  0.00,  0.00,  0.00,  0.00,  0.00,  0.00,  0.00,  0.00,  0.00,  0.00,  0.00,  0.00,  0.00,  0.00,  0.00,  0.00,  0.00,  0.00,  0.00,   0.00,   1.96,  -9.80,   5.88,   0.00,  1.00,   0.441,   0.000,   0.027,  -0.105,    3.412,    0.932

WHOLE-SEQ,>26453,   1.32,   4.29,  303, 100.00, 11.22,  0.99,  6.27,  1.98,  3.63,  8.25,  0.66,  5.28,  3.96,  7.59,  1.98,  7.59,  4.62,  6.27,  2.64,  7.26,  5.28,  9.24,  2.64,  2.64,   6.60,   8.25,  -1.65,  14.85,   8.91,  4.98,   0.495,   0.017,   0.210,  -0.058,    4.073,    0.996
WIN21-MAX,>26453,   9.52,  14.29,   21, 100.00, 28.57,  9.52, 14.29,  9.52, 14.29, 28.57,  4.76, 14.29, 14.29, 28.57,  9.52, 19.05, 19.05, 14.29,  9.52, 23.81, 28.57, 28.57,  9.52,  9.52,  23.81,  19.05,  23.81,  33.33,  23.81, 14.00,   0.659,   0.238,   0.637,   0.097,    3.880,    1.220
WIN21-MIN,>26453,  -9.52,  -4.76,   21, 100.00,  0.00,  0.00,  0.00,  0.00,  0.00,  0.00,  0.00,  0.00,  0.00,  0.00,  0.00,  0.00,  0.00,  0.00,  0.00,  0.00,  0.00,  0.00,  0.00,  0.00,   0.00,   0.00, -19.05,   0.00,   0.00,  1.00,   0.394,   0.000,  -0.202,  -0.152,    2.715,    0.835
WIN51-MAX,>26453,   7.84,   9.80,   51, 100.00, 19.61,  3.92, 11.76,  3.92,  7.84, 15.69,  3.92,  9.80,  9.80, 15.69,  3.92, 13.73,  9.80,  9.80,  7.84, 13.73, 11.76, 15.69,  9.80,  5.88,  13.73,  15.69,  11.76,  25.49,  15.69, 11.46,   0.604,   0.118,   0.473,   0.019,    4.109,    1.115
WIN51-MIN,>26453,  -3.92,   0.00,   51, 100.00,  0.00,  0.00,  0.00,  0.00,  0.00,  0.00,  0.00,  0.00,  0.00,  0.00,  0.00,  0.00,  0.00,  0.00,  0.00,  0.00,  0.00,  0.00,  0.00,  0.00,   0.00,   1.96,  -9.80,   5.88,   0.00,  1.00,   0.441,   0.000,  -0.004,  -0.105,    3.412,    0.932

WHOLE-SEQ,>34244,   1.32,   3.96,  303, 100.00, 11.22,  0.99,  5.94,  1.98,  3.30,  8.25,  0.66,  5.61,  4.29,  7.59,  1.65,  7.92,  4.62,  5.94,  2.97,  6.93,  5.61,  9.24,  2.64,  2.64,   7.26,   7.92,  -0.66,  15.18,   8.58,  5.84,   0.493,   0.007,   0.215,  -0.059,    4.071,    0.998
WIN21-MAX,>34244,   9.52,  14.29,   21, 100.00, 28.57,  9.52, 14.29,  9.52,  9.52, 28.57,  4.76, 14.29, 14.29, 28.57,  9.52, 19.05, 19.05, 14.29,  9.52, 23.81, 28.57, 28.57,  9.52,  9.52,  23.81,  19.05,  23.81,  33.33,  19.05, 14.00,   0.659,   0.238,   0.637,   0.099,    3.880,    1.220
WIN21-MIN,>34244,  -9.52,  -4.76,   21, 100.00,  0.00,  0.00,  0.00,  0.00,  0.00,  0.00,  0.00,  0.00,  0.00,  0.00,  0.00,  0.00,  0.00,  0.00,  0.00,  0.00,  0.00,  0.00,  0.00,  0.00,   0.00,   0.00, -19.05,   0.00,   0.00,  1.00,   0.394,   0.000,  -0.202,  -0.152,    2.715,    0.828
WIN51-MAX,>34244,   7.84,   9.80,   51, 100.00, 19.61,  3.92, 11.76,  3.92,  7.84, 15.69,  3.92,  9.80,  9.80, 15.69,  3.92, 15.69,  9.80,  9.80,  7.84, 13.73, 13.73, 15.69,  9.80,  5.88,  13.73,  15.69,  11.76,  25.49,  15.69, 11.46,   0.604,   0.118,   0.473,   0.020,    4.109,    1.111
WIN51-MIN,>34244,  -3.92,   0.00,   51, 100.00,  0.00,  0.00,  0.00,  0.00,  0.00,  0.00,  0.00,  0.00,  0.00,  0.00,  0.00,  0.00,  0.00,  0.00,  0.00,  0.00,  0.00,  0.00,  0.00,  0.00,   0.00,   1.96,  -9.80,   5.88,   0.00,  1.00,   0.444,   0.000,  -0.021,  -0.110,    3.412,    0.932

WHOLE-SEQ,>47594,   0.99,   3.96,  303, 100.00, 11.22,  0.66,  6.27,  2.31,  3.63,  8.25,  0.66,  5.61,  3.96,  7.59,  1.98,  7.59,  4.62,  5.94,  2.97,  6.93,  5.28,  9.24,  2.64,  2.64,   6.93,   8.58,  -1.65,  15.51,   8.91,  5.01,   0.494,   0.017,   0.208,  -0.061,    4.074,    0.997
WIN21-MAX,>47594,   9.52,  14.29,   21, 100.00, 28.57,  9.52, 14.29,  9.52,  9.52, 28.57,  4.76, 14.29, 14.29, 28.57,  9.52, 19.05, 19.05, 14.29,  9.52, 23.81, 28.57, 28.57,  9.52,  9.52,  23.81,  19.05,  23.81,  33.33,  19.05, 14.00,   0.659,   0.238,   0.637,   0.099,    3.880,    1.220
WIN21-MIN,>47594,  -9.52,  -4.76,   21, 100.00,  0.00,  0.00,  0.00,  0.00,  0.00,  0.00,  0.00,  0.00,  0.00,  0.00,  0.00,  0.00,  0.00,  0.00,  0.00,  0.00,  0.00,  0.00,  0.00,  0.00,   0.00,   0.00, -19.05,   0.00,   0.00,  1.00,   0.394,   0.000,  -0.202,  -0.152,    2.715,    0.828
WIN51-MAX,>47594,   7.84,   9.80,   51, 100.00, 19.61,  3.92, 11.76,  5.88,  7.84, 15.69,  3.92,  9.80,  9.80, 15.69,  5.88, 13.73,  9.80,  9.80,  7.84, 13.73, 11.76, 15.69,  9.80,  5.88,  13.73,  15.69,   9.80,  25.49,  17.65, 11.26,   0.604,   0.098,   0.473,   0.020,    4.109,    1.119
WIN51-MIN,>47594,  -3.92,   0.00,   51, 100.00,  0.00,  0.00,  0.00,  0.00,  0.00,  0.00,  0.00,  0.00,  0.00,  0.00,  0.00,  0.00,  0.00,  0.00,  0.00,  0.00,  0.00,  0.00,  0.00,  0.00,   0.00,   1.96,  -9.80,   5.88,   0.00,  1.00,   0.441,   0.000,   0.027,  -0.105,    3.412,    0.932

WHOLE-SEQ,>85381,   1.65,   3.96,  303, 100.00, 11.22,  0.66,  6.27,  2.31,  3.63,  8.25,  0.66,  5.94,  4.29,  7.59,  1.98,  7.59,  4.62,  5.94,  2.64,  6.93,  5.28,  8.91,  2.64,  2.64,   6.93,   8.58,  -1.65,  15.51,   8.91,  5.01,   0.494,   0.017,   0.209,  -0.061,    4.074,    0.996
WIN21-MAX,>85381,   9.52,  14.29,   21, 100.00, 28.57,  9.52, 14.29, 14.29, 14.29, 28.57,  4.76, 14.29, 14.29, 28.57,  9.52, 19.05, 19.05, 14.29,  9.52, 23.81, 23.81, 28.57,  9.52,  9.52,  23.81,  23.81,  23.81,  33.33,  23.81, 14.00,   0.659,   0.238,   0.637,   0.097,    3.880,    1.220
WIN21-MIN,>85381,  -9.52,  -9.52,   21, 100.00,  0.00,  0.00,  0.00,  0.00,  0.00,  0.00,  0.00,  0.00,  0.00,  0.00,  0.00,  0.00,  0.00,  0.00,  0.00,  0.00,  0.00,  0.00,  0.00,  0.00,   0.00,   0.00, -23.81,   0.00,   0.00,  1.00,   0.380,   0.000,  -0.283,  -0.152,    2.715,    0.826
WIN51-MAX,>85381,   7.84,   9.80,   51, 100.00, 19.61,  3.92, 11.76,  5.88,  7.84, 15.69,  3.92, 11.76,  9.80, 15.69,  5.88, 15.69,  9.80,  9.80,  7.84, 13.73,  9.80, 15.69,  9.80,  5.88,  13.73,  15.69,  11.76,  25.49,  15.69, 11.46,   0.604,   0.118,   0.473,   0.019,    4.109,    1.113
WIN51-MIN,>85381,  -3.92,  -1.96,   51, 100.00,  0.00,  0.00,  0.00,  0.00,  0.00,  0.00,  0.00,  0.00,  0.00,  0.00,  0.00,  0.00,  0.00,  0.00,  0.00,  0.00,  0.00,  0.00,  0.00,  0.00,   0.00,   1.96,  -9.80,   5.88,   0.00,  1.00,   0.437,   0.000,  -0.011,  -0.106,    3.412,    0.932

WHOLE-SEQ,>90040,   1.32,   4.29,  303, 100.00, 11.22,  0.66,  6.27,  1.98,  3.30,  8.25,  0.66,  5.94,  4.29,  7.59,  2.31,  7.59,  4.62,  5.61,  2.97,  7.26,  4.95,  9.24,  2.64,  2.64,   7.26,   8.25,  -0.99,  15.51,   8.58,  5.44,   0.496,   0.010,   0.222,  -0.061,    4.071,    0.998
WIN21-MAX,>90040,   9.52,  14.29,   21, 100.00, 28.57,  9.52, 14.29,  9.52,  9.52, 28.57,  4.76, 14.29, 14.29, 28.57,  9.52, 19.05, 19.05, 14.29,  9.52, 23.81, 23.81, 28.57,  9.52,  9.52,  23.81,  19.05,  23.81,  33.33,  19.05, 14.00,   0.659,   0.238,   0.637,   0.099,    3.880,    1.199
WIN21-MIN,>90040,  -9.52,  -4.76,   21, 100.00,  0.00,  0.00,  0.00,  0.00,  0.00,  0.00,  0.00,  0.00,  0.00,  0.00,  0.00,  0.00,  0.00,  0.00,  0.00,  0.00,  0.00,  0.00,  0.00,  0.00,   0.00,   0.00, -19.05,   0.00,   0.00,  1.00,   0.394,   0.000,  -0.202,  -0.152,    2.715,    0.828
WIN51-MAX,>90040,   7.84,   9.80,   51, 100.00, 19.61,  3.92, 11.76,  3.92,  7.84, 15.69,  3.92, 11.76,  9.80, 15.69,  5.88, 13.73,  9.80,  7.84,  7.84, 13.73,  9.80, 15.69,  9.80,  5.88,  13.73,  15.69,  11.76,  25.49,  17.65, 11.46,   0.603,   0.118,   0.470,   0.020,    4.109,    1.131
WIN51-MIN,>90040,  -3.92,   0.00,   51, 100.00,  0.00,  0.00,  0.00,  0.00,  0.00,  0.00,  0.00,  0.00,  0.00,  0.00,  0.00,  0.00,  0.00,  0.00,  0.00,  0.00,  0.00,  0.00,  0.00,  0.00,   0.00,   1.96,  -9.80,   5.88,   0.00,  1.00,   0.447,   0.000,   0.044,  -0.105,    3.412,    0.932

WHOLE-SEQ,>38153,   1.65,   3.96,  303, 100.00, 11.22,  0.66,  5.94,  1.98,  3.63,  8.25,  0.66,  5.94,  4.29,  7.59,  1.98,  8.25,  4.62,  5.94,  2.64,  6.60,  5.61,  8.91,  2.64,  2.64,   6.93,   7.92,  -0.99,  14.85,   8.91,  5.43,   0.494,   0.010,   0.216,  -0.060,    4.068,    0.998
WIN21-MAX,>38153,   9.52,  14.29,   21, 100.00, 28.57,  9.52, 14.29,  9.52, 14.29, 28.57,  4.76, 14.29, 14.29, 28.57,  9.52, 19.05, 19.05, 14.29,  9.52, 19.05, 23.81, 28.57,  9.52,  9.52,  23.81,  19.05,  23.81,  33.33,  23.81, 14.00,   0.659,   0.238,   0.637,   0.091,    3.916,    1.220
WIN21-MIN,>38153,  -9.52,  -4.76,   21, 100.00,  0.00,  0.00,  0.00,  0.00,  0.00,  0.00,  0.00,  0.00,  0.00,  0.00,  0.00,  0.00,  0.00,  0.00,  0.00,  0.00,  0.00,  0.00,  0.00,  0.00,   0.00,   0.00, -19.05,   0.00,   0.00,  1.00,   0.380,   0.000,  -0.236,  -0.152,    2.715,    0.821
WIN51-MAX,>38153,   7.84,   9.80,   51, 100.00, 19.61,  3.92, 11.76,  3.92,  7.84, 15.69,  3.92, 11.76,  9.80, 15.69,  5.88, 15.69,  9.80,  9.80,  7.84, 11.76,  9.80, 15.69,  9.80,  5.88,  13.73,  15.69,  11.76,  25.49,  15.69, 11.46,   0.604,   0.118,   0.473,   0.016,    4.109,    1.113
WIN51-MIN,>38153,  -3.92,   0.00,   51, 100.00,  0.00,  0.00,  0.00,  0.00,  0.00,  0.00,  0.00,  0.00,  0.00,  0.00,  0.00,  0.00,  0.00,  0.00,  0.00,  0.00,  0.00,  0.00,  0.00,  0.00,   0.00,   1.96,  -9.80,   5.88,   0.00,  1.00,   0.437,   0.000,   0.007,  -0.105,    3.412,    0.930

WHOLE-SEQ,>52413,   1.65,   4.29,  303, 100.00, 11.55,  0.99,  6.27,  1.98,  3.30,  8.25,  0.66,  5.94,  4.29,  7.59,  1.98,  7.59,  4.62,  6.27,  2.64,  6.60,  5.61,  8.91,  2.31,  2.64,   6.93,   8.25,  -1.32,  15.18,   8.25,  5.20,   0.495,   0.013,   0.215,  -0.060,    4.070,    0.996
WIN21-MAX,>52413,  14.29,  14.29,   21, 100.00, 28.57,  9.52, 14.29,  9.52,  9.52, 28.57,  4.76, 14.29, 14.29, 28.57,  9.52, 19.05, 19.05, 14.29,  9.52, 19.05, 23.81, 28.57,  9.52,  9.52,  23.81,  19.05,  23.81,  33.33,  19.05, 14.00,   0.659,   0.238,   0.637,   0.092,    3.880,    1.220
WIN21-MIN,>52413,  -9.52,  -4.76,   21, 100.00,  0.00,  0.00,  0.00,  0.00,  0.00,  0.00,  0.00,  0.00,  0.00,  0.00,  0.00,  0.00,  0.00,  0.00,  0.00,  0.00,  0.00,  0.00,  0.00,  0.00,   0.00,   0.00, -19.05,   0.00,   0.00,  1.00,   0.380,   0.000,  -0.236,  -0.152,    2.715,    0.820
WIN51-MAX,>52413,   7.84,   9.80,   51, 100.00, 19.61,  3.92, 11.76,  3.92,  7.84, 15.69,  3.92, 11.76,  9.80, 15.69,  5.88, 15.69,  9.80,  9.80,  7.84, 11.76, 11.76, 15.69,  9.80,  5.88,  13.73,  15.69,  11.76,  25.49,  15.69, 11.46,   0.604,   0.118,   0.473,   0.017,    4.109,    1.120
WIN51-MIN,>52413,  -3.92,   0.00,   51, 100.00,  0.00,  0.00,  0.00,  0.00,  0.00,  0.00,  0.00,  0.00,  0.00,  0.00,  0.00,  0.00,  0.00,  0.00,  0.00,  0.00,  0.00,  0.00,  0.00,  0.00,   0.00,   1.96,  -9.80,   5.88,   0.00,  1.00,   0.438,   0.000,  -0.003,  -0.110,    3.412,    0.927

WHOLE-SEQ,>106663,   1.65,   3.96,  303, 100.00, 11.22,  0.66,  6.27,  2.31,  3.63,  8.25,  0.66,  5.94,  4.29,  7.59,  1.98,  7.59,  4.62,  5.94,  2.64,  6.93,  5.28,  8.91,  2.64,  2.64,   6.93,   8.58,  -1.65,  15.51,   8.91,  5.01,   0.494,   0.017,   0.209,  -0.061,    4.074,    0.996
WIN21-MAX,>106663,  14.29,  14.29,   21, 100.00, 28.57,  9.52, 14.29, 14.29,  9.52, 28.57,  4.76, 14.29, 14.29, 28.57,  9.52, 19.05, 19.05, 14.29,  9.52, 23.81, 23.81, 28.57,  9.52,  9.52,  23.81,  23.81,  23.81,  33.33,  19.05, 14.00,   0.659,   0.238,   0.637,   0.099,    3.880,    1.220
WIN21-MIN,>106663,  -9.52,  -9.52,   21, 100.00,  0.00,  0.00,  0.00,  0.00,  0.00,  0.00,  0.00,  0.00,  0.00,  0.00,  0.00,  0.00,  0.00,  0.00,  0.00,  0.00,  0.00,  0.00,  0.00,  0.00,   0.00,   0.00, -23.81,   0.00,   0.00,  1.00,   0.380,   0.000,  -0.283,  -0.152,    2.715,    0.826
WIN51-MAX,>106663,   7.84,   9.80,   51, 100.00, 19.61,  3.92, 11.76,  5.88,  7.84, 15.69,  3.92, 11.76,  9.80, 15.69,  5.88, 15.69,  9.80,  9.80,  7.84, 13.73,  9.80, 15.69,  9.80,  5.88,  13.73,  15.69,  11.76,  25.49,  17.65, 11.46,   0.604,   0.118,   0.473,   0.020,    4.109,    1.126
WIN51-MIN,>106663,  -3.92,  -1.96,   51, 100.00,  0.00,  0.00,  0.00,  0.00,  0.00,  0.00,  0.00,  0.00,  0.00,  0.00,  0.00,  0.00,  0.00,  0.00,  0.00,  0.00,  0.00,  0.00,  0.00,  0.00,   0.00,   1.96,  -9.80,   5.88,   0.00,  1.00,   0.438,   0.000,  -0.022,  -0.108,    3.412,    0.932

WHOLE-SEQ,>81829,   1.32,   3.96,  303, 100.00, 11.22,  0.66,  6.27,  2.31,  3.63,  8.25,  0.66,  5.61,  4.29,  7.59,  1.98,  7.59,  4.62,  5.61,  2.97,  6.93,  5.28,  9.24,  2.64,  2.64,   7.26,   8.58,  -1.32,  15.84,   8.91,  5.23,   0.494,   0.013,   0.211,  -0.060,    4.075,    0.997
WIN21-MAX,>81829,   9.52,  14.29,   21, 100.00, 28.57,  9.52, 14.29, 14.29,  9.52, 28.57,  4.76, 14.29, 14.29, 28.57,  9.52, 19.05, 19.05, 14.29,  9.52, 23.81, 28.57, 28.57,  9.52,  9.52,  23.81,  23.81,  23.81,  33.33,  19.05, 14.00,   0.659,   0.238,   0.637,   0.099,    3.880,    1.220
WIN21-MIN,>81829,  -9.52,  -9.52,   21, 100.00,  0.00,  0.00,  0.00,  0.00,  0.00,  0.00,  0.00,  0.00,  0.00,  0.00,  0.00,  0.00,  0.00,  0.00,  0.00,  0.00,  0.00,  0.00,  0.00,  0.00,   0.00,   0.00, -23.81,   0.00,   0.00,  1.00,   0.394,   0.000,  -0.211,  -0.152,    2.715,    0.828
WIN51-MAX,>81829,   7.84,   9.80,   51, 100.00, 19.61,  3.92, 11.76,  5.88,  7.84, 15.69,  3.92,  9.80,  9.80, 15.69,  5.88, 15.69,  9.80,  7.84,  7.84, 13.73, 11.76, 15.69,  9.80,  5.88,  13.73,  15.69,  11.76,  25.49,  17.65, 11.46,   0.604,   0.118,   0.473,   0.020,    4.109,    1.117
WIN51-MIN,>81829,  -3.92,  -1.96,   51, 100.00,  0.00,  0.00,  0.00,  0.00,  0.00,  0.00,  0.00,  0.00,  0.00,  0.00,  0.00,  0.00,  0.00,  0.00,  0.00,  0.00,  0.00,  0.00,  0.00,  0.00,   0.00,   1.96,  -9.80,   5.88,   0.00,  1.00,   0.441,   0.000,   0.014,  -0.106,    3.412,    0.932

WHOLE-SEQ,>19549,   1.32,   3.96,  303, 100.00, 11.22,  0.66,  5.94,  1.98,  3.30,  8.25,  0.99,  5.94,  4.29,  7.59,  1.98,  7.59,  4.29,  5.94,  2.97,  7.26,  5.61,  8.91,  2.64,  2.64,   7.26,   7.92,  -0.66,  15.18,   8.58,  6.15,   0.493,   0.007,   0.216,  -0.062,    4.078,    0.999
WIN21-MAX,>19549,   9.52,  14.29,   21, 100.00, 28.57,  9.52, 14.29,  9.52,  9.52, 28.57,  9.52, 14.29, 14.29, 28.57,  9.52, 19.05, 19.05, 14.29,  9.52, 23.81, 23.81, 28.57,  9.52,  9.52,  23.81,  19.05,  23.81,  33.33,  19.05, 14.00,   0.659,   0.238,   0.637,   0.099,    3.880,    1.220
WIN21-MIN,>19549,  -9.52,  -4.76,   21, 100.00,  0.00,  0.00,  0.00,  0.00,  0.00,  0.00,  0.00,  0.00,  0.00,  0.00,  0.00,  0.00,  0.00,  0.00,  0.00,  0.00,  0.00,  0.00,  0.00,  0.00,   0.00,   0.00, -19.05,   0.00,   0.00,  1.00,   0.380,   0.000,  -0.236,  -0.183,    2.715,    0.821
WIN51-MAX,>19549,   7.84,   9.80,   51, 100.00, 19.61,  3.92, 11.76,  3.92,  7.84, 15.69,  5.88, 11.76,  9.80, 15.69,  5.88, 13.73,  9.80,  9.80,  7.84, 13.73, 11.76, 15.69,  9.80,  5.88,  15.69,  15.69,  11.76,  27.45,  15.69, 11.46,   0.604,   0.118,   0.473,   0.020,    4.045,    1.122
WIN51-MIN,>19549,  -1.96,   0.00,   51, 100.00,  0.00,  0.00,  0.00,  0.00,  0.00,  0.00,  0.00,  0.00,  0.00,  0.00,  0.00,  0.00,  0.00,  0.00,  0.00,  0.00,  0.00,  0.00,  0.00,  0.00,   0.00,   1.96,  -9.80,   5.88,   0.00,  1.00,   0.438,   0.000,  -0.003,  -0.123,    3.412,    0.932

WHOLE-SEQ,>20281,   1.98,   4.29,  303, 100.00, 11.55,  0.66,  6.27,  1.98,  3.63,  8.25,  0.66,  5.94,  4.29,  7.59,  1.98,  7.59,  4.62,  6.27,  2.31,  6.93,  5.61,  8.91,  2.31,  2.64,   6.60,   8.25,  -1.65,  14.85,   8.58,  4.98,   0.497,   0.017,   0.216,  -0.060,    4.058,    0.996
WIN21-MAX,>20281,  14.29,  14.29,   21, 100.00, 28.57,  9.52, 14.29,  9.52, 14.29, 28.57,  4.76, 14.29, 14.29, 28.57,  9.52, 19.05, 19.05, 14.29,  9.52, 19.05, 23.81, 28.57,  9.52,  9.52,  23.81,  19.05,  23.81,  33.33,  19.05, 14.00,   0.659,   0.238,   0.637,   0.090,    3.880,    1.220
WIN21-MIN,>20281,  -9.52,  -4.76,   21, 100.00,  0.00,  0.00,  0.00,  0.00,  0.00,  0.00,  0.00,  0.00,  0.00,  0.00,  0.00,  0.00,  0.00,  0.00,  0.00,  0.00,  0.00,  0.00,  0.00,  0.00,   0.00,   0.00, -19.05,   0.00,   0.00,  1.00,   0.380,   0.000,  -0.236,  -0.152,    2.715,    0.821
WIN51-MAX,>20281,   7.84,   9.80,   51, 100.00, 19.61,  3.92, 11.76,  3.92,  7.84, 15.69,  3.92, 11.76,  9.80, 15.69,  5.88, 13.73,  9.80,  9.80,  7.84, 11.76,  9.80, 15.69,  9.80,  5.88,  13.73,  15.69,  11.76,  25.49,  15.69, 11.46,   0.604,   0.118,   0.473,   0.016,    4.109,    1.118
WIN51-MIN,>20281,  -3.92,   0.00,   51, 100.00,  0.00,  0.00,  0.00,  0.00,  0.00,  0.00,  0.00,  0.00,  0.00,  0.00,  0.00,  0.00,  0.00,  0.00,  0.00,  0.00,  0.00,  0.00,  0.00,  0.00,   0.00,   1.96,  -9.80,   5.88,   0.00,  1.00,   0.438,   0.000,  -0.003,  -0.105,    3.412,    0.932

WHOLE-SEQ,>54672,   1.98,   4.29,  303, 100.00, 11.55,  0.66,  6.27,  1.98,  3.63,  8.25,  0.66,  5.94,  4.29,  7.59,  1.98,  7.59,  4.62,  6.27,  2.31,  6.93,  5.61,  8.91,  2.31,  2.64,   6.60,   8.25,  -1.65,  14.85,   8.58,  4.98,   0.497,   0.017,   0.216,  -0.060,    4.058,    0.996
WIN21-MAX,>54672,  14.29,  14.29,   21, 100.00, 28.57,  9.52, 14.29,  9.52, 14.29, 28.57,  4.76, 14.29, 14.29, 28.57,  9.52, 19.05, 19.05, 14.29,  9.52, 23.81, 23.81, 28.57,  9.52,  9.52,  23.81,  19.05,  23.81,  33.33,  19.05, 14.00,   0.659,   0.238,   0.637,   0.096,    3.880,    1.220
WIN21-MIN,>54672,  -9.52,  -4.76,   21, 100.00,  0.00,  0.00,  0.00,  0.00,  0.00,  0.00,  0.00,  0.00,  0.00,  0.00,  0.00,  0.00,  0.00,  0.00,  0.00,  0.00,  0.00,  0.00,  0.00,  0.00,   0.00,   0.00, -19.05,   0.00,   0.00,  1.00,   0.380,   0.000,  -0.236,  -0.152,    2.715,    0.821
WIN51-MAX,>54672,   7.84,   9.80,   51, 100.00, 19.61,  3.92, 11.76,  3.92,  7.84, 15.69,  3.92, 11.76,  9.80, 15.69,  5.88, 15.69,  9.80,  9.80,  7.84, 13.73, 11.76, 15.69,  9.80,  5.88,  13.73,  15.69,  11.76,  25.49,  15.69, 11.46,   0.604,   0.118,   0.473,   0.019,    4.109,    1.117
WIN51-MIN,>54672,  -3.92,   0.00,   51, 100.00,  0.00,  0.00,  0.00,  0.00,  0.00,  0.00,  0.00,  0.00,  0.00,  0.00,  0.00,  0.00,  0.00,  0.00,  0.00,  0.00,  0.00,  0.00,  0.00,  0.00,   0.00,   1.96,  -9.80,   5.88,   0.00,  1.00,   0.437,   0.000,  -0.003,  -0.110,    3.412,    0.930

WHOLE-SEQ,>96795,   1.32,   3.96,  303, 100.00, 11.22,  0.66,  6.27,  2.31,  3.30,  8.25,  0.66,  5.94,  4.29,  7.59,  2.31,  7.26,  4.62,  5.61,  2.97,  7.26,  5.28,  8.91,  2.64,  2.64,   7.26,   8.58,  -1.32,  15.84,   8.58,  5.23,   0.495,   0.013,   0.213,  -0.061,    4.080,    0.996
WIN21-MAX,>96795,   9.52,  14.29,   21, 100.00, 28.57,  9.52, 14.29,  9.52,  9.52, 28.57,  4.76, 14.29, 14.29, 28.57,  9.52, 19.05, 19.05, 14.29,  9.52, 23.81, 23.81, 28.57,  9.52,  9.52,  23.81,  19.05,  23.81,  33.33,  19.05, 14.00,   0.659,   0.238,   0.637,   0.099,    3.916,    1.199
WIN21-MIN,>96795,  -9.52,  -4.76,   21, 100.00,  0.00,  0.00,  0.00,  0.00,  0.00,  0.00,  0.00,  0.00,  0.00,  0.00,  0.00,  0.00,  0.00,  0.00,  0.00,  0.00,  0.00,  0.00,  0.00,  0.00,   0.00,   0.00, -19.05,   0.00,   0.00,  1.00,   0.380,   0.000,  -0.236,  -0.152,    2.715,    0.821
WIN51-MAX,>96795,   7.84,   9.80,   51, 100.00, 19.61,  3.92, 11.76,  5.88,  7.84, 15.69,  3.92, 11.76,  9.80, 15.69,  5.88, 11.76,  9.80,  7.84,  7.84, 13.73,  9.80, 15.69,  9.80,  5.88,  13.73,  15.69,   9.80,  25.49,  17.65, 11.26,   0.603,   0.098,   0.470,   0.020,    4.109,    1.133
WIN51-MIN,>96795,  -3.92,   0.00,   51, 100.00,  0.00,  0.00,  0.00,  0.00,  0.00,  0.00,  0.00,  0.00,  0.00,  0.00,  0.00,  0.00,  0.00,  0.00,  0.00,  0.00,  0.00,  0.00,  0.00,  0.00,   0.00,   1.96,  -9.80,   5.88,   0.00,  1.00,   0.437,   0.000,   0.015,  -0.107,    3.412,    0.932

WHOLE-SEQ,>5546,   1.32,   3.96,  303, 100.00, 11.22,  0.66,  6.27,  2.31,  3.63,  8.25,  0.66,  5.61,  3.96,  7.59,  1.98,  7.26,  4.62,  6.27,  2.64,  7.26,  5.61,  8.91,  2.64,  2.64,   6.60,   8.58,  -1.98,  15.18,   8.91,  4.90,   0.494,   0.020,   0.204,  -0.060,    4.073,    0.995
WIN21-MAX,>5546,   9.52,  14.29,   21, 100.00, 28.57,  9.52, 14.29,  9.52, 14.29, 28.57,  4.76, 14.29, 14.29, 28.57,  9.52, 19.05, 19.05, 14.29,  9.52, 23.81, 28.57, 28.57,  9.52,  9.52,  23.81,  19.05,  23.81,  33.33,  23.81, 14.00,   0.659,   0.238,   0.637,   0.097,    3.880,    1.220
WIN21-MIN,>5546,  -9.52,  -4.76,   21, 100.00,  0.00,  0.00,  0.00,  0.00,  0.00,  0.00,  0.00,  0.00,  0.00,  0.00,  0.00,  0.00,  0.00,  0.00,  0.00,  0.00,  0.00,  0.00,  0.00,  0.00,   0.00,   0.00, -19.05,   0.00,   0.00,  1.00,   0.380,   0.000,  -0.236,  -0.152,    2.715,    0.821
WIN51-MAX,>5546,   7.84,   9.80,   51, 100.00, 19.61,  3.92, 11.76,  5.88,  7.84, 15.69,  3.92,  9.80,  9.80, 15.69,  5.88, 11.76,  9.80,  9.80,  7.84, 13.73, 11.76, 15.69,  9.80,  5.88,  13.73,  15.69,   9.80,  25.49,  15.69, 11.26,   0.604,   0.098,   0.473,   0.019,    4.109,    1.110
WIN51-MIN,>5546,  -3.92,   0.00,   51, 100.00,  0.00,  0.00,  0.00,  0.00,  0.00,  0.00,  0.00,  0.00,  0.00,  0.00,  0.00,  0.00,  0.00,  0.00,  0.00,  0.00,  0.00,  0.00,  0.00,  0.00,   0.00,   1.96,  -9.80,   5.88,   0.00,  1.00,   0.438,   0.000,  -0.003,  -0.105,    3.412,    0.932

WHOLE-SEQ,>82075,   1.32,   3.96,  303, 100.00, 11.22,  0.66,  6.27,  2.31,  3.30,  8.25,  0.99,  5.94,  4.29,  7.59,  1.98,  7.26,  4.62,  5.61,  2.97,  7.26,  4.95,  9.24,  2.64,  2.64,   7.26,   8.58,  -1.32,  15.84,   8.58,  5.43,   0.495,   0.013,   0.213,  -0.061,    4.082,    0.998
WIN21-MAX,>82075,   9.52,  14.29,   21, 100.00, 28.57,  9.52, 14.29, 14.29,  9.52, 28.57,  9.52, 14.29, 14.29, 28.57,  9.52, 19.05, 19.05, 14.29,  9.52, 23.81, 23.81, 28.57,  9.52,  9.52,  23.81,  23.81,  23.81,  33.33,  19.05, 14.00,   0.659,   0.238,   0.637,   0.099,    3.880,    1.220
WIN21-MIN,>82075,  -9.52,  -9.52,   21, 100.00,  0.00,  0.00,  0.00,  0.00,  0.00,  0.00,  0.00,  0.00,  0.00,  0.00,  0.00,  0.00,  0.00,  0.00,  0.00,  0.00,  0.00,  0.00,  0.00,  0.00,   0.00,   0.00, -23.81,   0.00,   0.00,  1.00,   0.394,   0.000,  -0.211,  -0.152,    2.715,    0.828
WIN51-MAX,>82075,   7.84,   9.80,   51, 100.00, 19.61,  3.92, 11.76,  5.88,  7.84, 15.69,  5.88, 11.76,  9.80, 15.69,  5.88, 13.73,  9.80,  7.84,  7.84, 13.73,  9.80, 15.69,  9.80,  5.88,  13.73,  15.69,  11.76,  25.49,  15.69, 11.46,   0.604,   0.118,   0.473,   0.020,    4.109,    1.122
WIN51-MIN,>82075,  -3.92,  -1.96,   51, 100.00,  0.00,  0.00,  0.00,  0.00,  0.00,  0.00,  0.00,  0.00,  0.00,  0.00,  0.00,  0.00,  0.00,  0.00,  0.00,  0.00,  0.00,  0.00,  0.00,  0.00,   0.00,   1.96,  -9.80,   5.88,   0.00,  1.00,   0.447,   0.000,   0.025,  -0.106,    3.412,    0.932

WHOLE-SEQ,>114342,   1.65,   3.96,  303, 100.00, 11.22,  0.66,  6.27,  2.31,  3.30,  8.25,  0.99,  5.94,  4.29,  7.59,  1.98,  7.26,  4.62,  5.94,  2.64,  7.26,  4.95,  9.24,  2.64,  2.64,   6.93,   8.58,  -1.65,  15.51,   8.58,  5.21,   0.495,   0.017,   0.211,  -0.061,    4.078,    0.998
WIN21-MAX,>114342,  14.29,  14.29,   21, 100.00, 28.57,  9.52, 14.29,  9.52,  9.52, 28.57,  9.52, 14.29, 14.29, 28.57,  9.52, 19.05, 19.05, 14.29,  9.52, 23.81, 23.81, 28.57,  9.52,  9.52,  23.81,  19.05,  23.81,  33.33,  19.05, 14.00,   0.659,   0.238,   0.637,   0.099,    3.880,    1.220
WIN21-MIN,>114342,  -9.52,  -4.76,   21, 100.00,  0.00,  0.00,  0.00,  0.00,  0.00,  0.00,  0.00,  0.00,  0.00,  0.00,  0.00,  0.00,  0.00,  0.00,  0.00,  0.00,  0.00,  0.00,  0.00,  0.00,   0.00,   0.00, -19.05,   0.00,   0.00,  1.00,   0.394,   0.000,  -0.202,  -0.152,    2.715,    0.828
WIN51-MAX,>114342,   7.84,   9.80,   51, 100.00, 19.61,  3.92, 11.76,  5.88,  7.84, 15.69,  5.88, 11.76,  9.80, 15.69,  5.88, 11.76,  9.80,  9.80,  7.84, 13.73,  9.80, 15.69,  9.80,  5.88,  13.73,  15.69,   9.80,  25.49,  15.69, 10.98,   0.604,   0.098,   0.473,   0.020,    4.109,    1.124
WIN51-MIN,>114342,  -3.92,   0.00,   51, 100.00,  0.00,  0.00,  0.00,  0.00,  0.00,  0.00,  0.00,  0.00,  0.00,  0.00,  0.00,  0.00,  0.00,  0.00,  0.00,  0.00,  0.00,  0.00,  0.00,  0.00,   0.00,   1.96,  -9.80,   5.88,   0.00,  1.00,   0.448,   0.000,   0.027,  -0.107,    3.412,    0.932

WHOLE-SEQ,>10734,   1.98,   4.29,  303, 100.00, 11.22,  0.66,  6.27,  1.98,  3.30,  8.25,  0.66,  5.61,  4.62,  7.59,  2.31,  7.26,  4.62,  5.94,  2.64,  7.26,  5.28,  9.24,  2.64,  2.64,   7.26,   8.25,  -0.99,  15.51,   8.58,  5.44,   0.495,   0.010,   0.217,  -0.060,    4.071,    0.997
WIN21-MAX,>10734,  14.29,  14.29,   21, 100.00, 28.57,  9.52, 14.29,  9.52,  9.52, 28.57,  4.76, 14.29, 14.29, 28.57,  9.52, 19.05, 19.05, 14.29,  9.52, 23.81, 28.57, 28.57,  9.52,  9.52,  23.81,  19.05,  23.81,  33.33,  19.05, 14.00,   0.659,   0.238,   0.637,   0.099,    3.880,    1.220
WIN21-MIN,>10734,  -9.52,  -4.76,   21, 100.00,  0.00,  0.00,  0.00,  0.00,  0.00,  0.00,  0.00,  0.00,  0.00,  0.00,  0.00,  0.00,  0.00,  0.00,  0.00,  0.00,  0.00,  0.00,  0.00,  0.00,   0.00,   0.00, -19.05,   0.00,   0.00,  1.00,   0.394,   0.000,  -0.202,  -0.152,    2.715,    0.828
WIN51-MAX,>10734,   7.84,   9.80,   51, 100.00, 19.61,  3.92, 11.76,  3.92,  7.84, 15.69,  3.92,  9.80,  9.80, 15.69,  5.88, 13.73,  9.80,  9.80,  7.84, 13.73, 13.73, 15.69,  9.80,  5.88,  13.73,  15.69,  11.76,  25.49,  15.69, 11.46,   0.604,   0.118,   0.473,   0.020,    4.109,    1.111
WIN51-MIN,>10734,  -3.92,   0.00,   51, 100.00,  0.00,  0.00,  0.00,  0.00,  0.00,  0.00,  0.00,  0.00,  0.00,  0.00,  0.00,  0.00,  0.00,  0.00,  0.00,  0.00,  0.00,  0.00,  0.00,  0.00,   0.00,   1.96,  -9.80,   5.88,   0.00,  1.00,   0.447,   0.000,  -0.008,  -0.110,    3.412,    0.927

WHOLE-SEQ,>12332,   1.98,   3.96,  303, 100.00, 11.22,  0.66,  5.94,  1.98,  3.63,  8.25,  0.66,  5.94,  4.62,  7.59,  1.98,  7.59,  4.29,  5.94,  2.64,  6.93,  5.94,  8.91,  2.64,  2.64,   7.26,   7.92,  -0.66,  15.18,   8.91,  5.84,   0.496,   0.007,   0.223,  -0.063,    4.070,    1.002
WIN21-MAX,>12332,   9.52,  14.29,   21, 100.00, 28.57,  9.52, 14.29,  9.52, 14.29, 28.57,  4.76, 14.29, 14.29, 28.57,  9.52, 19.05, 19.05, 14.29,  9.52, 19.05, 23.81, 28.57,  9.52,  9.52,  23.81,  19.05,  23.81,  33.33,  23.81, 14.00,   0.659,   0.238,   0.637,   0.091,    3.916,    1.220
WIN21-MIN,>12332,  -9.52,  -4.76,   21, 100.00,  0.00,  0.00,  0.00,  0.00,  0.00,  0.00,  0.00,  0.00,  0.00,  0.00,  0.00,  0.00,  0.00,  0.00,  0.00,  0.00,  0.00,  0.00,  0.00,  0.00,   0.00,   0.00, -19.05,   0.00,   0.00,  1.00,   0.380,   0.000,  -0.236,  -0.183,    2.715,    0.821
WIN51-MAX,>12332,   7.84,   9.80,   51, 100.00, 19.61,  3.92, 11.76,  3.92,  7.84, 15.69,  3.92, 11.76,  9.80, 15.69,  5.88, 13.73,  9.80,  9.80,  7.84, 11.76, 11.76, 15.69,  9.80,  5.88,  15.69,  15.69,  11.76,  27.45,  15.69, 11.46,   0.604,   0.118,   0.473,   0.016,    4.045,    1.122
WIN51-MIN,>12332,  -1.96,   0.00,   51, 100.00,  0.00,  0.00,  0.00,  0.00,  0.00,  0.00,  0.00,  0.00,  0.00,  0.00,  0.00,  0.00,  0.00,  0.00,  0.00,  0.00,  0.00,  0.00,  0.00,  0.00,   0.00,   1.96,  -9.80,   5.88,   0.00,  1.00,   0.437,   0.000,   0.015,  -0.123,    3.412,    0.932

WHOLE-SEQ,>90271,   1.65,   3.96,  303, 100.00, 11.22,  0.66,  6.27,  2.31,  2.97,  8.25,  0.66,  5.94,  4.62,  7.59,  2.31,  6.93,  4.29,  5.94,  2.97,  7.26,  5.28,  9.24,  2.64,  2.64,   7.59,   8.58,  -0.99,  16.17,   8.25,  5.46,   0.494,   0.010,   0.216,  -0.065,    4.076,    0.999
WIN21-MAX,>90271,   9.52,  14.29,   21, 100.00, 28.57,  9.52, 14.29,  9.52,  9.52, 28.57,  4.76, 14.29, 14.29, 28.57,  9.52, 19.05, 19.05, 14.29,  9.52, 23.81, 23.81, 28.57,  9.52,  9.52,  23.81,  19.05,  23.81,  33.33,  19.05, 14.00,   0.659,   0.238,   0.637,   0.099,    3.880,    1.199
WIN21-MIN,>90271,  -9.52,  -4.76,   21, 100.00,  0.00,  0.00,  0.00,  0.00,  0.00,  0.00,  0.00,  0.00,  0.00,  0.00,  0.00,  0.00,  0.00,  0.00,  0.00,  0.00,  0.00,  0.00,  0.00,  0.00,   0.00,   0.00, -19.05,   0.00,   0.00,  1.00,   0.394,   0.000,  -0.202,  -0.183,    2.715,    0.828
WIN51-MAX,>90271,   7.84,   9.80,   51, 100.00, 19.61,  3.92, 11.76,  5.88,  7.84, 15.69,  3.92, 11.76,  9.80, 15.69,  5.88, 11.76,  9.80,  9.80,  7.84, 13.73, 11.76, 15.69,  9.80,  5.88,  15.69,  15.69,   9.80,  27.45,  15.69, 11.26,   0.603,   0.098,   0.470,   0.020,    4.053,    1.122
WIN51-MIN,>90271,  -1.96,   0.00,   51, 100.00,  0.00,  0.00,  0.00,  0.00,  0.00,  0.00,  0.00,  0.00,  0.00,  0.00,  0.00,  0.00,  0.00,  0.00,  0.00,  0.00,  0.00,  0.00,  0.00,  0.00,   0.00,   1.96,  -9.80,   5.88,   0.00,  1.00,   0.447,   0.000,   0.043,  -0.123,    3.412,    0.932

WHOLE-SEQ,>122406,   1.65,   3.96,  303, 100.00, 11.55,  0.99,  5.94,  1.98,  3.30,  8.25,  0.66,  5.94,  4.29,  7.59,  1.98,  7.59,  4.29,  6.27,  2.64,  6.93,  5.94,  8.91,  2.31,  2.64,   6.93,   7.92,  -0.99,  14.85,   8.25,  5.43,   0.497,   0.010,   0.222,  -0.062,    4.068,    0.999
WIN21-MAX,>122406,   9.52,  14.29,   21, 100.00, 28.57,  9.52, 14.29,  9.52, 14.29, 28.57,  4.76, 14.29, 14.29, 28.57,  9.52, 19.05, 19.05, 14.29,  9.52, 19.05, 23.81, 28.57,  9.52,  9.52,  23.81,  19.05,  23.81,  33.33,  19.05, 14.00,   0.659,   0.238,   0.637,   0.090,    3.880,    1.199
WIN21-MIN,>122406,  -9.52,  -4.76,   21, 100.00,  0.00,  0.00,  0.00,  0.00,  0.00,  0.00,  0.00,  0.00,  0.00,  0.00,  0.00,  0.00,  0.00,  0.00,  0.00,  0.00,  0.00,  0.00,  0.00,  0.00,   0.00,   0.00, -19.05,   0.00,   0.00,  1.00,   0.380,   0.000,  -0.236,  -0.183,    2.715,    0.821
WIN51-MAX,>122406,   7.84,   9.80,   51, 100.00, 19.61,  3.92, 11.76,  3.92,  7.84, 15.69,  3.92, 11.76,  9.80, 15.69,  3.92, 13.73,  9.80,  9.80,  7.84, 11.76, 11.76, 15.69,  9.80,  5.88,  15.69,  15.69,  11.76,  27.45,  15.69, 11.46,   0.603,   0.118,   0.470,   0.016,    4.045,    1.124
WIN51-MIN,>122406,  -1.96,   0.00,   51, 100.00,  0.00,  0.00,  0.00,  0.00,  0.00,  0.00,  0.00,  0.00,  0.00,  0.00,  0.00,  0.00,  0.00,  0.00,  0.00,  0.00,  0.00,  0.00,  0.00,  0.00,   0.00,   1.96,  -9.80,   5.88,   0.00,  1.00,   0.438,   0.000,  -0.003,  -0.123,    3.412,    0.932

WHOLE-SEQ,>5723,   1.98,   3.96,  303, 100.00, 11.22,  0.66,  5.94,  1.98,  3.63,  8.25,  0.66,  5.61,  4.29,  7.59,  1.98,  7.92,  4.62,  6.27,  2.31,  6.93,  5.94,  8.91,  2.64,  2.64,   6.60,   7.92,  -1.32,  14.52,   8.91,  5.18,   0.494,   0.013,   0.211,  -0.059,    4.064,    0.996
WIN21-MAX,>5723,  14.29,  14.29,   21, 100.00, 28.57,  9.52, 14.29,  9.52, 14.29, 28.57,  4.76, 14.29, 14.29, 28.57,  9.52, 19.05, 19.05, 14.29,  9.52, 19.05, 28.57, 28.57,  9.52,  9.52,  23.81,  19.05,  23.81,  33.33,  23.81, 14.00,   0.659,   0.238,   0.637,   0.091,    3.880,    1.220
WIN21-MIN,>5723,  -9.52,  -4.76,   21, 100.00,  0.00,  0.00,  0.00,  0.00,  0.00,  0.00,  0.00,  0.00,  0.00,  0.00,  0.00,  0.00,  0.00,  0.00,  0.00,  0.00,  0.00,  0.00,  0.00,  0.00,   0.00,   0.00, -19.05,   0.00,   0.00,  1.00,   0.380,   0.000,  -0.236,  -0.152,    2.715,    0.821
WIN51-MAX,>5723,   7.84,   9.80,   51, 100.00, 19.61,  3.92, 11.76,  3.92,  7.84, 15.69,  3.92,  9.80,  9.80, 15.69,  5.88, 13.73,  9.80,  9.80,  7.84, 11.76, 11.76, 15.69,  9.80,  5.88,  13.73,  15.69,  11.76,  25.49,  15.69, 11.46,   0.604,   0.118,   0.473,   0.016,    4.109,    1.108
WIN51-MIN,>5723,  -3.92,   0.00,   51, 100.00,  0.00,  0.00,  0.00,  0.00,  0.00,  0.00,  0.00,  0.00,  0.00,  0.00,  0.00,  0.00,  0.00,  0.00,  0.00,  0.00,  0.00,  0.00,  0.00,  0.00,   0.00,   1.96,  -9.80,   5.88,   0.00,  1.00,   0.438,   0.000,  -0.008,  -0.105,    3.412,    0.932

WHOLE-SEQ,>93483,   1.32,   3.96,  303, 100.00, 11.22,  0.99,  5.94,  1.98,  2.97,  8.25,  0.99,  5.94,  4.29,  7.59,  1.98,  7.92,  4.62,  5.61,  2.97,  6.60,  5.94,  8.91,  2.64,  2.64,   7.26,   7.92,  -0.66,  15.18,   8.25,  6.15,   0.493,   0.007,   0.215,  -0.059,    4.086,    0.998
WIN21-MAX,>93483,   9.52,  14.29,   21, 100.00, 28.57,  9.52, 14.29,  9.52,  9.52, 28.57,  9.52, 14.29, 14.29, 28.57,  9.52, 19.05, 19.05, 14.29,  9.52, 19.05, 23.81, 28.57,  9.52,  9.52,  23.81,  19.05,  23.81,  33.33,  19.05, 14.00,   0.659,   0.238,   0.637,   0.093,    3.916,    1.199
WIN21-MIN,>93483,  -9.52,  -4.76,   21, 100.00,  0.00,  0.00,  0.00,  0.00,  0.00,  0.00,  0.00,  0.00,  0.00,  0.00,  0.00,  0.00,  0.00,  0.00,  0.00,  0.00,  0.00,  0.00,  0.00,  0.00,   0.00,   0.00, -19.05,   0.00,   0.00,  1.00,   0.380,   0.000,  -0.236,  -0.152,    2.715,    0.821
WIN51-MAX,>93483,   7.84,   9.80,   51, 100.00, 19.61,  3.92, 11.76,  3.92,  7.84, 15.69,  5.88, 11.76,  9.80, 15.69,  3.92, 15.69,  9.80,  7.84,  7.84, 11.76, 11.76, 15.69,  9.80,  5.88,  13.73,  15.69,  11.76,  25.49,  15.69, 11.46,   0.603,   0.118,   0.470,   0.017,    4.109,    1.124
WIN51-MIN,>93483,  -3.92,   0.00,   51, 100.00,  0.00,  0.00,  0.00,  0.00,  0.00,  0.00,  0.00,  0.00,  0.00,  0.00,  0.00,  0.00,  0.00,  0.00,  0.00,  0.00,  0.00,  0.00,  0.00,  0.00,   0.00,   1.96,  -9.80,   5.88,   0.00,  1.00,   0.437,   0.000,   0.013,  -0.110,    3.412,    0.932

WHOLE-SEQ,>121367,   1.65,   4.29,  303, 100.00, 11.22,  0.99,  6.27,  1.98,  2.97,  8.25,  0.99,  5.94,  4.29,  7.59,  1.98,  7.59,  4.62,  5.94,  2.64,  7.26,  5.28,  8.91,  2.64,  2.64,   6.93,   8.25,  -1.32,  15.18,   8.25,  5.41,   0.493,   0.013,   0.209,  -0.058,    4.082,    0.995
WIN21-MAX,>121367,  14.29,  14.29,   21, 100.00, 28.57,  9.52, 14.29,  9.52,  9.52, 28.57,  9.52, 14.29, 14.29, 28.57,  9.52, 19.05, 19.05, 14.29,  9.52, 23.81, 23.81, 28.57,  9.52,  9.52,  23.81,  19.05,  23.81,  33.33,  19.05, 14.00,   0.659,   0.238,   0.637,   0.099,    3.880,    1.199
WIN21-MIN,>121367,  -9.52,  -4.76,   21, 100.00,  0.00,  0.00,  0.00,  0.00,  0.00,  0.00,  0.00,  0.00,  0.00,  0.00,  0.00,  0.00,  0.00,  0.00,  0.00,  0.00,  0.00,  0.00,  0.00,  0.00,   0.00,   0.00, -19.05,   0.00,   0.00,  1.00,   0.380,   0.000,  -0.236,  -0.152,    2.715,    0.821
WIN51-MAX,>121367,   7.84,   9.80,   51, 100.00, 19.61,  3.92, 11.76,  3.92,  7.84, 15.69,  5.88, 11.76,  9.80, 15.69,  3.92, 13.73,  9.80,  9.80,  7.84, 13.73,  9.80, 15.69,  9.80,  5.88,  13.73,  15.69,  11.76,  25.49,  15.69, 11.46,   0.603,   0.118,   0.470,   0.020,    4.109,    1.129
WIN51-MIN,>121367,  -3.92,   0.00,   51, 100.00,  0.00,  0.00,  0.00,  0.00,  0.00,  0.00,  0.00,  0.00,  0.00,  0.00,  0.00,  0.00,  0.00,  0.00,  0.00,  0.00,  0.00,  0.00,  0.00,  0.00,   0.00,   1.96,  -9.80,   5.88,   0.00,  1.00,   0.438,   0.000,  -0.003,  -0.105,    3.412,    0.932

WHOLE-SEQ,>15885,   1.65,   4.29,  303, 100.00, 11.22,  0.66,  6.27,  1.98,  3.30,  8.25,  0.99,  5.94,  4.29,  7.59,  1.98,  7.59,  4.62,  5.94,  2.64,  6.93,  5.28,  9.24,  2.64,  2.64,   6.93,   8.25,  -1.32,  15.18,   8.58,  5.41,   0.495,   0.013,   0.214,  -0.061,    4.074,    0.999
WIN21-MAX,>15885,  14.29,  14.29,   21, 100.00, 28.57,  9.52, 14.29,  9.52,  9.52, 28.57,  9.52, 14.29, 14.29, 28.57,  9.52, 19.05, 19.05, 14.29,  9.52, 19.05, 23.81, 28.57,  9.52,  9.52,  23.81,  19.05,  23.81,  33.33,  19.05, 14.00,   0.659,   0.238,   0.637,   0.093,    3.880,    1.220
WIN21-MIN,>15885,  -9.52,  -4.76,   21, 100.00,  0.00,  0.00,  0.00,  0.00,  0.00,  0.00,  0.00,  0.00,  0.00,  0.00,  0.00,  0.00,  0.00,  0.00,  0.00,  0.00,  0.00,  0.00,  0.00,  0.00,   0.00,   0.00, -19.05,   0.00,   0.00,  1.00,   0.394,   0.000,  -0.202,  -0.152,    2.715,    0.835
WIN51-MAX,>15885,   7.84,   9.80,   51, 100.00, 19.61,  3.92, 11.76,  3.92,  7.84, 15.69,  5.88, 11.76,  9.80, 15.69,  5.88, 13.73,  9.80,  9.80,  7.84, 11.76,  9.80, 15.69,  9.80,  5.88,  13.73,  15.69,  11.76,  25.49,  15.69, 11.46,   0.604,   0.118,   0.473,   0.017,    4.109,    1.122
WIN51-MIN,>15885,  -3.92,   0.00,   51, 100.00,  0.00,  0.00,  0.00,  0.00,  0.00,  0.00,  0.00,  0.00,  0.00,  0.00,  0.00,  0.00,  0.00,  0.00,  0.00,  0.00,  0.00,  0.00,  0.00,  0.00,   0.00,   1.96,  -9.80,   5.88,   0.00,  1.00,   0.448,   0.000,   0.026,  -0.105,    3.412,    0.932

WHOLE-SEQ,>47478,   1.65,   4.29,  303, 100.00, 11.22,  0.66,  6.27,  1.98,  3.30,  8.25,  0.99,  5.94,  4.29,  7.59,  1.98,  7.59,  4.62,  5.94,  2.64,  6.93,  5.28,  9.24,  2.64,  2.64,   6.93,   8.25,  -1.32,  15.18,   8.58,  5.41,   0.495,   0.013,   0.214,  -0.061,    4.074,    0.999
WIN21-MAX,>47478,  14.29,  14.29,   21, 100.00, 28.57,  9.52, 14.29,  9.52,  9.52, 28.57,  9.52, 14.29, 14.29, 28.57,  9.52, 19.05, 19.05, 14.29,  9.52, 23.81, 23.81, 28.57,  9.52,  9.52,  23.81,  19.05,  23.81,  33.33,  19.05, 14.00,   0.659,   0.238,   0.637,   0.099,    3.880,    1.220
WIN21-MIN,>47478,  -9.52,  -4.76,   21, 100.00,  0.00,  0.00,  0.00,  0.00,  0.00,  0.00,  0.00,  0.00,  0.00,  0.00,  0.00,  0.00,  0.00,  0.00,  0.00,  0.00,  0.00,  0.00,  0.00,  0.00,   0.00,   0.00, -19.05,   0.00,   0.00,  1.00,   0.394,   0.000,  -0.202,  -0.152,    2.715,    0.828
WIN51-MAX,>47478,   7.84,   9.80,   51, 100.00, 19.61,  3.92, 11.76,  3.92,  7.84, 15.69,  5.88, 11.76,  9.80, 15.69,  5.88, 15.69,  9.80,  9.80,  7.84, 13.73, 11.76, 15.69,  9.80,  5.88,  13.73,  15.69,  11.76,  25.49,  15.69, 11.46,   0.604,   0.118,   0.473,   0.020,    4.109,    1.118
WIN51-MIN,>47478,  -3.92,   0.00,   51, 100.00,  0.00,  0.00,  0.00,  0.00,  0.00,  0.00,  0.00,  0.00,  0.00,  0.00,  0.00,  0.00,  0.00,  0.00,  0.00,  0.00,  0.00,  0.00,  0.00,  0.00,   0.00,   1.96,  -9.80,   5.88,   0.00,  1.00,   0.448,   0.000,   0.009,  -0.110,    3.412,    0.932

WHOLE-SEQ,>67682,   0.99,   3.63,  303, 100.00, 11.22,  0.99,  6.27,  2.64,  3.63,  8.25,  0.66,  5.28,  3.96,  7.59,  1.98,  6.93,  4.62,  5.94,  2.97,  7.26,  5.61,  8.91,  2.64,  2.64,   6.93,   8.91,  -1.98,  15.84,   8.91,  4.92,   0.492,   0.020,   0.201,  -0.060,    4.090,    0.995
WIN21-MAX,>67682,   9.52,  14.29,   21, 100.00, 28.57,  9.52, 14.29, 14.29,  9.52, 28.57,  4.76, 14.29, 14.29, 28.57,  9.52, 19.05, 19.05, 14.29,  9.52, 23.81, 28.57, 28.57,  9.52,  9.52,  23.81,  23.81,  23.81,  33.33,  19.05, 14.00,   0.659,   0.238,   0.637,   0.099,    3.880,    1.220
WIN21-MIN,>67682,  -9.52,  -9.52,   21, 100.00,  0.00,  0.00,  0.00,  0.00,  0.00,  0.00,  0.00,  0.00,  0.00,  0.00,  0.00,  0.00,  0.00,  0.00,  0.00,  0.00,  0.00,  0.00,  0.00,  0.00,   0.00,   0.00, -23.81,   0.00,   0.00,  1.00,   0.380,   0.000,  -0.283,  -0.152,    2.715,    0.826
WIN51-MAX,>67682,   7.84,   9.80,   51, 100.00, 19.61,  3.92, 11.76,  5.88,  7.84, 15.69,  3.92,  9.80,  9.80, 15.69,  3.92, 11.76,  9.80,  9.80,  7.84, 13.73, 11.76, 15.69,  9.80,  5.88,  13.73,  15.69,   9.80,  25.49,  17.65, 11.26,   0.604,   0.098,   0.473,   0.020,    4.109,    1.130
WIN51-MIN,>67682,  -3.92,  -1.96,   51, 100.00,  0.00,  0.00,  0.00,  0.00,  0.00,  0.00,  0.00,  0.00,  0.00,  0.00,  0.00,  0.00,  0.00,  0.00,  0.00,  0.00,  0.00,  0.00,  0.00,  0.00,   0.00,   1.96,  -9.80,   5.88,   0.00,  1.00,   0.436,   0.000,  -0.022,  -0.105,    3.412,    0.932

WHOLE-SEQ,>112215,   1.65,   4.29,  303, 100.00, 11.22,  0.99,  6.27,  1.98,  2.97,  8.25,  0.99,  5.94,  4.29,  7.59,  1.98,  7.59,  4.62,  5.94,  2.64,  6.93,  5.28,  9.24,  2.64,  2.64,   6.93,   8.25,  -1.32,  15.18,   8.25,  5.41,   0.495,   0.013,   0.214,  -0.060,    4.080,    0.998
WIN21-MAX,>112215,  14.29,  14.29,   21, 100.00, 28.57,  9.52, 14.29,  9.52,  9.52, 28.57,  9.52, 14.29, 14.29, 28.57,  9.52, 19.05, 19.05, 14.29,  9.52, 19.05, 23.81, 28.57,  9.52,  9.52,  23.81,  19.05,  23.81,  33.33,  19.05, 14.00,   0.659,   0.238,   0.637,   0.093,    3.880,    1.199
WIN21-MIN,>112215,  -9.52,  -4.76,   21, 100.00,  0.00,  0.00,  0.00,  0.00,  0.00,  0.00,  0.00,  0.00,  0.00,  0.00,  0.00,  0.00,  0.00,  0.00,  0.00,  0.00,  0.00,  0.00,  0.00,  0.00,   0.00,   0.00, -19.05,   0.00,   0.00,  1.00,   0.394,   0.000,  -0.202,  -0.152,    2.715,    0.835
WIN51-MAX,>112215,   7.84,   9.80,   51, 100.00, 19.61,  3.92, 11.76,  3.92,  7.84, 15.69,  5.88, 11.76,  9.80, 15.69,  3.92, 13.73,  9.80,  9.80,  7.84, 11.76,  9.80, 15.69,  9.80,  5.88,  13.73,  15.69,  11.76,  25.49,  15.69, 11.46,   0.603,   0.118,   0.470,   0.017,    4.109,    1.129
WIN51-MIN,>112215,  -3.92,   0.00,   51, 100.00,  0.00,  0.00,  0.00,  0.00,  0.00,  0.00,  0.00,  0.00,  0.00,  0.00,  0.00,  0.00,  0.00,  0.00,  0.00,  0.00,  0.00,  0.00,  0.00,  0.00,   0.00,   1.96,  -9.80,   5.88,   0.00,  1.00,   0.448,   0.000,   0.027,  -0.105,    3.412,    0.932

WHOLE-SEQ,>45115,   1.98,   3.63,  303, 100.00, 11.22,  0.66,  5.94,  2.31,  3.30,  8.25,  0.66,  5.61,  4.29,  7.59,  2.31,  7.59,  4.62,  6.27,  2.31,  6.93,  5.94,  8.91,  2.64,  2.64,   6.60,   8.25,  -1.65,  14.85,   8.58,  4.99,   0.494,   0.017,   0.207,  -0.060,    4.073,    0.995
WIN21-MAX,>45115,  14.29,  14.29,   21, 100.00, 28.57,  9.52, 14.29, 14.29, 14.29, 28.57,  4.76, 14.29, 14.29, 28.57,  9.52, 19.05, 19.05, 14.29,  9.52, 19.05, 28.57, 28.57,  9.52,  9.52,  23.81,  23.81,  23.81,  33.33,  23.81, 14.00,   0.659,   0.238,   0.637,   0.091,    3.880,    1.199
WIN21-MIN,>45115,  -9.52,  -9.52,   21, 100.00,  0.00,  0.00,  0.00,  0.00,  0.00,  0.00,  0.00,  0.00,  0.00,  0.00,  0.00,  0.00,  0.00,  0.00,  0.00,  0.00,  0.00,  0.00,  0.00,  0.00,   0.00,   0.00, -23.81,   0.00,   0.00,  1.00,   0.380,   0.000,  -0.283,  -0.152,    2.715,    0.826
WIN51-MAX,>45115,   7.84,   9.80,   51, 100.00, 19.61,  3.92, 11.76,  5.88,  7.84, 15.69,  3.92,  9.80,  9.80, 15.69,  5.88, 13.73,  9.80,  9.80,  7.84, 11.76, 11.76, 15.69,  9.80,  5.88,  13.73,  15.69,  11.76,  25.49,  15.69, 11.46,   0.603,   0.118,   0.470,   0.016,    4.109,    1.108
WIN51-MIN,>45115,  -3.92,  -1.96,   51, 100.00,  0.00,  0.00,  0.00,  0.00,  0.00,  0.00,  0.00,  0.00,  0.00,  0.00,  0.00,  0.00,  0.00,  0.00,  0.00,  0.00,  0.00,  0.00,  0.00,  0.00,   0.00,   1.96,  -9.80,   5.88,   0.00,  1.00,   0.438,   0.000,  -0.022,  -0.108,    3.412,    0.932

WHOLE-SEQ,>55916,   1.98,   3.63,  303, 100.00, 11.22,  0.66,  5.94,  2.31,  3.30,  8.25,  0.66,  5.61,  4.29,  7.59,  2.31,  7.59,  4.62,  6.27,  2.31,  6.93,  5.94,  8.91,  2.64,  2.64,   6.60,   8.25,  -1.65,  14.85,   8.58,  4.99,   0.494,   0.017,   0.207,  -0.060,    4.073,    0.995
WIN21-MAX,>55916,  14.29,  14.29,   21, 100.00, 28.57,  9.52, 14.29,  9.52, 14.29, 28.57,  4.76, 14.29, 14.29, 28.57,  9.52, 19.05, 19.05, 14.29,  9.52, 19.05, 28.57, 28.57,  9.52,  9.52,  23.81,  19.05,  23.81,  33.33,  23.81, 14.00,   0.659,   0.238,   0.637,   0.091,    3.880,    1.199
WIN21-MIN,>55916,  -9.52,  -4.76,   21, 100.00,  0.00,  0.00,  0.00,  0.00,  0.00,  0.00,  0.00,  0.00,  0.00,  0.00,  0.00,  0.00,  0.00,  0.00,  0.00,  0.00,  0.00,  0.00,  0.00,  0.00,   0.00,   0.00, -19.05,   0.00,   0.00,  1.00,   0.380,   0.000,  -0.236,  -0.152,    2.715,    0.821
WIN51-MAX,>55916,   7.84,   9.80,   51, 100.00, 19.61,  3.92, 11.76,  5.88,  7.84, 15.69,  3.92,  9.80,  9.80, 15.69,  5.88, 13.73,  9.80,  9.80,  7.84, 11.76, 11.76, 15.69,  9.80,  5.88,  13.73,  15.69,   9.80,  25.49,  15.69, 10.98,   0.603,   0.098,   0.470,   0.016,    4.109,    1.110
WIN51-MIN,>55916,  -3.92,   0.00,   51, 100.00,  0.00,  0.00,  0.00,  0.00,  0.00,  0.00,  0.00,  0.00,  0.00,  0.00,  0.00,  0.00,  0.00,  0.00,  0.00,  0.00,  0.00,  0.00,  0.00,  0.00,   0.00,   1.96,  -9.80,   5.88,   0.00,  1.00,   0.438,   0.000,  -0.003,  -0.105,    3.412,    0.932

WHOLE-SEQ,>107316,   1.98,   3.63,  303, 100.00, 11.22,  0.66,  5.94,  2.31,  3.30,  8.25,  0.66,  5.61,  4.29,  7.59,  2.31,  7.59,  4.62,  6.27,  2.31,  6.93,  5.94,  8.91,  2.64,  2.64,   6.60,   8.25,  -1.65,  14.85,   8.58,  4.99,   0.494,   0.017,   0.207,  -0.060,    4.073,    0.995
WIN21-MAX,>107316,  14.29,  14.29,   21, 100.00, 28.57,  9.52, 14.29, 14.29, 14.29, 28.57,  4.76, 14.29, 14.29, 28.57,  9.52, 19.05, 19.05, 14.29,  9.52, 23.81, 28.57, 28.57,  9.52,  9.52,  23.81,  23.81,  23.81,  33.33,  23.81, 14.00,   0.659,   0.238,   0.637,   0.097,    3.880,    1.199
WIN21-MIN,>107316,  -9.52,  -9.52,   21, 100.00,  0.00,  0.00,  0.00,  0.00,  0.00,  0.00,  0.00,  0.00,  0.00,  0.00,  0.00,  0.00,  0.00,  0.00,  0.00,  0.00,  0.00,  0.00,  0.00,  0.00,   0.00,   0.00, -23.81,   0.00,   0.00,  1.00,   0.380,   0.000,  -0.283,  -0.152,    2.715,    0.826
WIN51-MAX,>107316,   7.84,   9.80,   51, 100.00, 19.61,  3.92, 11.76,  5.88,  7.84, 15.69,  3.92,  9.80,  9.80, 15.69,  5.88, 15.69,  9.80,  9.80,  7.84, 13.73, 13.73, 15.69,  9.80,  5.88,  13.73,  15.69,  11.76,  25.49,  15.69, 11.46,   0.603,   0.118,   0.470,   0.019,    4.109,    1.111
WIN51-MIN,>107316,  -3.92,  -1.96,   51, 100.00,  0.00,  0.00,  0.00,  0.00,  0.00,  0.00,  0.00,  0.00,  0.00,  0.00,  0.00,  0.00,  0.00,  0.00,  0.00,  0.00,  0.00,  0.00,  0.00,  0.00,   0.00,   1.96,  -9.80,   5.88,   0.00,  1.00,   0.437,   0.000,  -0.024,  -0.110,    3.412,    0.932

WHOLE-SEQ,>13770,   1.32,   3.96,  303, 100.00, 11.22,  0.99,  6.27,  2.31,  3.30,  8.25,  0.66,  5.61,  3.96,  7.59,  1.98,  7.26,  4.62,  6.27,  2.64,  6.93,  5.94,  8.91,  2.64,  2.64,   6.60,   8.58,  -1.98,  15.18,   8.58,  4.90,   0.494,   0.020,   0.204,  -0.060,    4.081,    0.996
WIN21-MAX,>13770,   9.52,  14.29,   21, 100.00, 28.57,  9.52, 14.29, 14.29, 14.29, 28.57,  4.76, 14.29, 14.29, 28.57,  9.52, 19.05, 19.05, 14.29,  9.52, 19.05, 28.57, 28.57,  9.52,  9.52,  23.81,  23.81,  23.81,  33.33,  23.81, 14.00,   0.659,   0.238,   0.637,   0.091,    3.880,    1.199
WIN21-MIN,>13770,  -9.52,  -9.52,   21, 100.00,  0.00,  0.00,  0.00,  0.00,  0.00,  0.00,  0.00,  0.00,  0.00,  0.00,  0.00,  0.00,  0.00,  0.00,  0.00,  0.00,  0.00,  0.00,  0.00,  0.00,   0.00,   0.00, -23.81,   0.00,   0.00,  1.00,   0.380,   0.000,  -0.283,  -0.152,    2.715,    0.826
WIN51-MAX,>13770,   7.84,   9.80,   51, 100.00, 19.61,  3.92, 11.76,  5.88,  7.84, 15.69,  3.92,  9.80,  9.80, 15.69,  3.92, 13.73,  9.80,  9.80,  7.84, 11.76, 11.76, 15.69,  9.80,  5.88,  13.73,  15.69,  11.76,  25.49,  15.69, 11.46,   0.603,   0.118,   0.470,   0.016,    4.109,    1.115
WIN51-MIN,>13770,  -3.92,  -1.96,   51, 100.00,  0.00,  0.00,  0.00,  0.00,  0.00,  0.00,  0.00,  0.00,  0.00,  0.00,  0.00,  0.00,  0.00,  0.00,  0.00,  0.00,  0.00,  0.00,  0.00,  0.00,   0.00,   1.96,  -9.80,   5.88,   0.00,  1.00,   0.438,   0.000,  -0.022,  -0.108,    3.412,    0.932

WHOLE-SEQ,>113040,   1.32,   3.96,  303, 100.00, 11.55,  0.99,  5.94,  1.98,  2.97,  8.25,  0.66,  5.94,  4.29,  7.59,  1.98,  7.59,  4.29,  6.27,  2.97,  6.93,  5.61,  9.24,  2.31,  2.64,   7.26,   7.92,  -0.66,  15.18,   7.92,  5.84,   0.496,   0.007,   0.223,  -0.064,    4.066,    1.000
WIN21-MAX,>113040,   9.52,  14.29,   21, 100.00, 28.57,  9.52, 14.29,  9.52,  9.52, 28.57,  4.76, 14.29, 14.29, 28.57,  9.52, 19.05, 19.05, 14.29,  9.52, 19.05, 23.81, 28.57,  9.52,  9.52,  23.81,  19.05,  23.81,  33.33,  19.05, 14.00,   0.659,   0.238,   0.637,   0.092,    3.880,    1.199
WIN21-MIN,>113040,  -9.52,  -4.76,   21, 100.00,  0.00,  0.00,  0.00,  0.00,  0.00,  0.00,  0.00,  0.00,  0.00,  0.00,  0.00,  0.00,  0.00,  0.00,  0.00,  0.00,  0.00,  0.00,  0.00,  0.00,   0.00,   0.00, -19.05,   0.00,   0.00,  1.00,   0.394,   0.000,  -0.202,  -0.183,    2.715,    0.820
WIN51-MAX,>113040,   7.84,   9.80,   51, 100.00, 19.61,  3.92, 11.76,  3.92,  7.84, 15.69,  3.92, 11.76,  9.80, 15.69,  3.92, 13.73,  9.80,  9.80,  7.84, 11.76, 11.76, 15.69,  9.80,  5.88,  15.69,  15.69,  11.76,  27.45,  15.69, 11.46,   0.603,   0.118,   0.470,   0.017,    4.045,    1.124
WIN51-MIN,>113040,  -1.96,   0.00,   51, 100.00,  0.00,  0.00,  0.00,  0.00,  0.00,  0.00,  0.00,  0.00,  0.00,  0.00,  0.00,  0.00,  0.00,  0.00,  0.00,  0.00,  0.00,  0.00,  0.00,  0.00,   0.00,   1.96,  -9.80,   5.88,   0.00,  1.00,   0.448,   0.000,   0.027,  -0.123,    3.412,    0.932

WHOLE-SEQ,>24871,   1.32,   3.63,  303, 100.00, 11.22,  0.66,  5.94,  2.31,  3.63,  8.25,  0.66,  5.28,  4.29,  7.59,  2.31,  7.59,  4.29,  5.94,  2.97,  6.60,  6.27,  8.91,  2.64,  2.64,   7.26,   8.25,  -0.99,  15.51,   8.91,  5.45,   0.491,   0.010,   0.208,  -0.062,    4.082,    0.997
WIN21-MAX,>24871,   9.52,  14.29,   21, 100.00, 28.57,  9.52, 14.29, 14.29,  9.52, 28.57,  4.76, 14.29, 14.29, 28.57,  9.52, 19.05, 19.05, 14.29,  9.52, 19.05, 28.57, 28.57,  9.52,  9.52,  23.81,  23.81,  23.81,  33.33,  19.05, 14.00,   0.659,   0.238,   0.637,   0.093,    3.880,    1.220
WIN21-MIN,>24871,  -9.52,  -9.52,   21, 100.00,  0.00,  0.00,  0.00,  0.00,  0.00,  0.00,  0.00,  0.00,  0.00,  0.00,  0.00,  0.00,  0.00,  0.00,  0.00,  0.00,  0.00,  0.00,  0.00,  0.00,   0.00,   0.00, -23.81,   0.00,   0.00,  1.00,   0.380,   0.000,  -0.283,  -0.183,    2.715,    0.826
WIN51-MAX,>24871,   7.84,   9.80,   51, 100.00, 19.61,  3.92, 11.76,  5.88,  7.84, 15.69,  3.92,  9.80,  9.80, 15.69,  5.88, 15.69,  9.80,  9.80,  7.84, 11.76, 13.73, 15.69,  9.80,  5.88,  15.69,  15.69,  11.76,  27.45,  17.65, 11.46,   0.604,   0.118,   0.473,   0.017,    4.054,    1.119
WIN51-MIN,>24871,  -1.96,  -1.96,   51, 100.00,  0.00,  0.00,  0.00,  0.00,  0.00,  0.00,  0.00,  0.00,  0.00,  0.00,  0.00,  0.00,  0.00,  0.00,  0.00,  0.00,  0.00,  0.00,  0.00,  0.00,   0.00,   1.96,  -9.80,   5.88,   0.00,  1.00,   0.436,   0.000,  -0.022,  -0.123,    3.412,    0.932

WHOLE-SEQ,>48640,   1.65,   3.96,  303, 100.00, 11.55,  0.66,  5.94,  1.98,  3.63,  8.25,  0.66,  5.61,  4.29,  7.59,  1.98,  7.92,  4.62,  5.94,  2.64,  6.93,  5.61,  9.24,  2.31,  2.64,   6.93,   7.92,  -0.99,  14.85,   8.58,  5.43,   0.496,   0.010,   0.221,  -0.060,    4.059,    0.997
WIN21-MAX,>48640,  14.29,  14.29,   21, 100.00, 28.57,  9.52, 14.29,  9.52,  9.52, 28.57,  4.76, 14.29, 14.29, 28.57,  9.52, 19.05, 19.05, 14.29,  9.52, 19.05, 28.57, 28.57,  9.52,  9.52,  23.81,  19.05,  23.81,  33.33,  19.05, 14.00,   0.659,   0.238,   0.637,   0.092,    3.880,    1.220
WIN21-MIN,>48640,  -9.52,  -4.76,   21, 100.00,  0.00,  0.00,  0.00,  0.00,  0.00,  0.00,  0.00,  0.00,  0.00,  0.00,  0.00,  0.00,  0.00,  0.00,  0.00,  0.00,  0.00,  0.00,  0.00,  0.00,   0.00,   0.00, -19.05,   0.00,   0.00,  1.00,   0.397,   0.000,  -0.202,  -0.152,    2.715,    0.820
WIN51-MAX,>48640,   7.84,   9.80,   51, 100.00, 19.61,  3.92, 11.76,  3.92,  7.84, 15.69,  3.92,  9.80,  9.80, 15.69,  5.88, 13.73,  9.80,  9.80,  7.84, 11.76, 11.76, 15.69,  9.80,  5.88,  13.73,  15.69,  11.76,  25.49,  17.65, 11.46,   0.604,   0.118,   0.473,   0.017,    4.109,    1.122
WIN51-MIN,>48640,  -3.92,   0.00,   51, 100.00,  0.00,  0.00,  0.00,  0.00,  0.00,  0.00,  0.00,  0.00,  0.00,  0.00,  0.00,  0.00,  0.00,  0.00,  0.00,  0.00,  0.00,  0.00,  0.00,  0.00,   0.00,   1.96,  -9.80,   5.88,   0.00,  1.00,   0.441,   0.000,   0.018,  -0.105,    3.412,    0.932

WHOLE-SEQ,>105339,   1.32,   3.63,  303, 100.00, 11.22,  0.99,  5.94,  2.31,  3.63,  8.25,  0.99,  5.61,  3.96,  7.59,  1.65,  7.59,  4.62,  5.94,  2.64,  7.26,  5.61,  8.91,  2.64,  2.64,   6.60,   8.25,  -1.65,  14.85,   8.91,  5.20,   0.494,   0.017,   0.208,  -0.058,    4.085,    0.997
WIN21-MAX,>105339,   9.52,  14.29,   21, 100.00, 28.57,  9.52, 14.29, 14.29, 14.29, 28.57,  9.52, 14.29, 14.29, 28.57,  9.52, 19.05, 19.05, 14.29,  9.52, 23.81, 28.57, 28.57,  9.52,  9.52,  23.81,  23.81,  23.81,  33.33,  23.81, 14.00,   0.659,   0.238,   0.637,   0.097,    3.880,    1.220
WIN21-MIN,>105339,  -9.52,  -9.52,   21, 100.00,  0.00,  0.00,  0.00,  0.00,  0.00,  0.00,  0.00,  0.00,  0.00,  0.00,  0.00,  0.00,  0.00,  0.00,  0.00,  0.00,  0.00,  0.00,  0.00,  0.00,   0.00,   0.00, -23.81,   0.00,   0.00,  1.00,   0.380,   0.000,  -0.283,  -0.152,    2.715,    0.826
WIN51-MAX,>105339,   7.84,   9.80,   51, 100.00, 19.61,  3.92, 11.76,  5.88,  7.84, 15.69,  5.88,  9.80,  9.80, 15.69,  3.92, 13.73,  9.80,  9.80,  7.84, 13.73, 11.76, 15.69,  9.80,  5.88,  13.73,  15.69,  11.76,  25.49,  15.69, 11.46,   0.604,   0.118,   0.473,   0.019,    4.109,    1.119
WIN51-MIN,>105339,  -3.92,  -1.96,   51, 100.00,  0.00,  0.00,  0.00,  0.00,  0.00,  0.00,  0.00,  0.00,  0.00,  0.00,  0.00,  0.00,  0.00,  0.00,  0.00,  0.00,  0.00,  0.00,  0.00,  0.00,   0.00,   1.96,  -9.80,   5.88,   0.00,  1.00,   0.438,   0.000,  -0.022,  -0.108,    3.412,    0.932

WHOLE-SEQ,>101079,   1.32,   3.63,  303, 100.00, 11.22,  0.66,  5.94,  2.31,  3.63,  8.25,  0.66,  5.94,  4.29,  7.59,  1.98,  7.26,  4.29,  5.94,  2.97,  7.26,  5.28,  9.24,  2.64,  2.64,   7.26,   8.25,  -0.99,  15.51,   8.91,  5.45,   0.497,   0.010,   0.224,  -0.065,    4.075,    1.003
WIN21-MAX,>101079,   9.52,  14.29,   21, 100.00, 28.57,  9.52, 14.29, 14.29,  9.52, 28.57,  4.76, 14.29, 14.29, 28.57,  9.52, 19.05, 19.05, 14.29,  9.52, 23.81, 23.81, 28.57,  9.52,  9.52,  23.81,  23.81,  23.81,  33.33,  19.05, 14.00,   0.659,   0.238,   0.637,   0.099,    3.880,    1.220
WIN21-MIN,>101079,  -9.52,  -9.52,   21, 100.00,  0.00,  0.00,  0.00,  0.00,  0.00,  0.00,  0.00,  0.00,  0.00,  0.00,  0.00,  0.00,  0.00,  0.00,  0.00,  0.00,  0.00,  0.00,  0.00,  0.00,   0.00,   0.00, -23.81,   0.00,   0.00,  1.00,   0.394,   0.000,  -0.211,  -0.183,    2.715,    0.828
WIN51-MAX,>101079,   7.84,   9.80,   51, 100.00, 19.61,  3.92, 11.76,  5.88,  7.84, 15.69,  3.92, 11.76,  9.80, 15.69,  5.88, 13.73,  9.80,  9.80,  7.84, 13.73, 11.76, 15.69,  9.80,  5.88,  15.69,  15.69,  11.76,  27.45,  17.65, 11.46,   0.604,   0.118,   0.473,   0.020,    4.045,    1.131
WIN51-MIN,>101079,  -1.96,  -1.96,   51, 100.00,  0.00,  0.00,  0.00,  0.00,  0.00,  0.00,  0.00,  0.00,  0.00,  0.00,  0.00,  0.00,  0.00,  0.00,  0.00,  0.00,  0.00,  0.00,  0.00,  0.00,   0.00,   1.96,  -9.80,   5.88,   0.00,  1.00,   0.448,   0.000,   0.008,  -0.123,    3.412,    0.932

WHOLE-SEQ,>89571,   1.98,   3.96,  303, 100.00, 11.22,  0.66,  6.27,  2.31,  3.30,  8.25,  0.99,  5.94,  4.62,  7.59,  1.98,  7.26,  4.62,  5.61,  2.64,  6.93,  5.28,  9.24,  2.64,  2.64,   7.26,   8.58,  -1.32,  15.84,   8.58,  5.43,   0.495,   0.013,   0.214,  -0.062,    4.081,    0.999
WIN21-MAX,>89571,  14.29,  14.29,   21, 100.00, 28.57,  9.52, 14.29,  9.52,  9.52, 28.57,  9.52, 14.29, 14.29, 28.57,  9.52, 19.05, 19.05, 14.29,  9.52, 19.05, 23.81, 28.57,  9.52,  9.52,  23.81,  19.05,  23.81,  33.33,  19.05, 14.00,   0.659,   0.238,   0.637,   0.093,    3.880,    1.220
WIN21-MIN,>89571,  -9.52,  -4.76,   21, 100.00,  0.00,  0.00,  0.00,  0.00,  0.00,  0.00,  0.00,  0.00,  0.00,  0.00,  0.00,  0.00,  0.00,  0.00,  0.00,  0.00,  0.00,  0.00,  0.00,  0.00,   0.00,   0.00, -19.05,   0.00,   0.00,  1.00,   0.394,   0.000,  -0.202,  -0.152,    2.715,    0.835
WIN51-MAX,>89571,   7.84,   9.80,   51, 100.00, 19.61,  3.92, 11.76,  5.88,  7.84, 15.69,  5.88, 11.76,  9.80, 15.69,  5.88, 11.76,  9.80,  7.84,  7.84, 11.76,  9.80, 15.69,  9.80,  5.88,  13.73,  15.69,   9.80,  25.49,  15.69, 10.98,   0.604,   0.098,   0.473,   0.017,    4.109,    1.124
WIN51-MIN,>89571,  -3.92,   0.00,   51, 100.00,  0.00,  0.00,  0.00,  0.00,  0.00,  0.00,  0.00,  0.00,  0.00,  0.00,  0.00,  0.00,  0.00,  0.00,  0.00,  0.00,  0.00,  0.00,  0.00,  0.00,   0.00,   1.96,  -9.80,   5.88,   0.00,  1.00,   0.447,   0.000,   0.044,  -0.107,    3.412,    0.932

WHOLE-SEQ,>43333,   1.32,   3.96,  303, 100.00, 11.22,  0.99,  6.27,  2.31,  3.30,  8.25,  0.66,  5.61,  3.96,  7.59,  1.98,  7.26,  4.62,  6.27,  2.64,  7.26,  5.61,  8.91,  2.64,  2.64,   6.60,   8.58,  -1.98,  15.18,   8.58,  4.90,   0.493,   0.020,   0.204,  -0.059,    4.080,    0.995
WIN21-MAX,>43333,   9.52,  14.29,   21, 100.00, 28.57,  9.52, 14.29, 14.29, 14.29, 28.57,  4.76, 14.29, 14.29, 28.57,  9.52, 19.05, 19.05, 14.29,  9.52, 23.81, 28.57, 28.57,  9.52,  9.52,  23.81,  23.81,  23.81,  33.33,  23.81, 14.00,   0.659,   0.238,   0.637,   0.097,    3.880,    1.199
WIN21-MIN,>43333,  -9.52,  -9.52,   21, 100.00,  0.00,  0.00,  0.00,  0.00,  0.00,  0.00,  0.00,  0.00,  0.00,  0.00,  0.00,  0.00,  0.00,  0.00,  0.00,  0.00,  0.00,  0.00,  0.00,  0.00,   0.00,   0.00, -23.81,   0.00,   0.00,  1.00,   0.380,   0.000,  -0.283,  -0.152,    2.715,    0.826
WIN51-MAX,>43333,   7.84,   9.80,   51, 100.00, 19.61,  3.92, 11.76,  5.88,  7.84, 15.69,  3.92,  9.80,  9.80, 15.69,  3.92, 13.73,  9.80,  9.80,  7.84, 13.73, 11.76, 15.69,  9.80,  5.88,  13.73,  15.69,  11.76,  25.49,  15.69, 11.46,   0.603,   0.118,   0.470,   0.019,    4.109,    1.115
WIN51-MIN,>43333,  -3.92,  -1.96,   51, 100.00,  0.00,  0.00,  0.00,  0.00,  0.00,  0.00,  0.00,  0.00,  0.00,  0.00,  0.00,  0.00,  0.00,  0.00,  0.00,  0.00,  0.00,  0.00,  0.00,  0.00,   0.00,   1.96,  -9.80,   5.88,   0.00,  1.00,   0.438,   0.000,  -0.022,  -0.108,    3.412,    0.932

WHOLE-SEQ,>19365,   1.98,   3.96,  303, 100.00, 11.22,  0.66,  5.94,  1.98,  3.63,  8.25,  0.66,  5.61,  4.29,  7.59,  1.98,  7.92,  4.62,  6.27,  2.31,  6.93,  5.94,  8.91,  2.64,  2.64,   6.60,   7.92,  -1.32,  14.52,   8.91,  5.18,   0.494,   0.013,   0.211,  -0.059,    4.064,    0.996
WIN21-MAX,>19365,  14.29,  14.29,   21, 100.00, 28.57,  9.52, 14.29,  9.52, 14.29, 28.57,  4.76, 14.29, 14.29, 28.57,  9.52, 19.05, 19.05, 14.29,  9.52, 23.81, 28.57, 28.57,  9.52,  9.52,  23.81,  19.05,  23.81,  33.33,  23.81, 14.00,   0.659,   0.238,   0.637,   0.097,    3.880,    1.220
WIN21-MIN,>19365,  -9.52,  -4.76,   21, 100.00,  0.00,  0.00,  0.00,  0.00,  0.00,  0.00,  0.00,  0.00,  0.00,  0.00,  0.00,  0.00,  0.00,  0.00,  0.00,  0.00,  0.00,  0.00,  0.00,  0.00,   0.00,   0.00, -19.05,   0.00,   0.00,  1.00,   0.380,   0.000,  -0.236,  -0.152,    2.715,    0.821
WIN51-MAX,>19365,   7.84,   9.80,   51, 100.00, 19.61,  3.92, 11.76,  3.92,  7.84, 15.69,  3.92,  9.80,  9.80, 15.69,  5.88, 15.69,  9.80,  9.80,  7.84, 13.73, 13.73, 15.69,  9.80,  5.88,  13.73,  15.69,  11.76,  25.49,  15.69, 11.46,   0.604,   0.118,   0.473,   0.019,    4.109,    1.111
WIN51-MIN,>19365,  -3.92,   0.00,   51, 100.00,  0.00,  0.00,  0.00,  0.00,  0.00,  0.00,  0.00,  0.00,  0.00,  0.00,  0.00,  0.00,  0.00,  0.00,  0.00,  0.00,  0.00,  0.00,  0.00,  0.00,   0.00,   1.96,  -9.80,   5.88,   0.00,  1.00,   0.437,   0.000,  -0.024,  -0.110,    3.412,    0.930

WHOLE-SEQ,>35382,   1.65,   3.96,  303, 100.00, 11.55,  0.66,  5.94,  1.98,  3.63,  8.25,  0.66,  5.61,  4.29,  7.59,  1.98,  7.92,  4.62,  5.94,  2.64,  6.93,  5.61,  9.24,  2.31,  2.64,   6.93,   7.92,  -0.99,  14.85,   8.58,  5.43,   0.496,   0.010,   0.221,  -0.060,    4.059,    0.997
WIN21-MAX,>35382,   9.52,  14.29,   21, 100.00, 28.57,  9.52, 14.29,  9.52, 14.29, 28.57,  4.76, 14.29, 14.29, 28.57,  9.52, 19.05, 19.05, 14.29,  9.52, 19.05, 28.57, 28.57,  9.52,  9.52,  23.81,  19.05,  23.81,  33.33,  19.05, 14.00,   0.659,   0.238,   0.637,   0.090,    3.880,    1.220
WIN21-MIN,>35382,  -9.52,  -4.76,   21, 100.00,  0.00,  0.00,  0.00,  0.00,  0.00,  0.00,  0.00,  0.00,  0.00,  0.00,  0.00,  0.00,  0.00,  0.00,  0.00,  0.00,  0.00,  0.00,  0.00,  0.00,   0.00,   0.00, -19.05,   0.00,   0.00,  1.00,   0.394,   0.000,  -0.202,  -0.152,    2.715,    0.835
WIN51-MAX,>35382,   7.84,   9.80,   51, 100.00, 19.61,  3.92, 11.76,  3.92,  7.84, 15.69,  3.92,  9.80,  9.80, 15.69,  5.88, 13.73,  9.80,  9.80,  7.84, 11.76, 11.76, 15.69,  9.80,  5.88,  13.73,  15.69,  11.76,  25.49,  15.69, 11.46,   0.604,   0.118,   0.473,   0.016,    4.109,    1.108
WIN51-MIN,>35382,  -3.92,   0.00,   51, 100.00,  0.00,  0.00,  0.00,  0.00,  0.00,  0.00,  0.00,  0.00,  0.00,  0.00,  0.00,  0.00,  0.00,  0.00,  0.00,  0.00,  0.00,  0.00,  0.00,  0.00,   0.00,   1.96,  -9.80,   5.88,   0.00,  1.00,   0.441,   0.000,  -0.008,  -0.105,    3.412,    0.932

WHOLE-SEQ,>15488,   1.65,   4.29,  303, 100.00, 11.22,  0.99,  6.27,  1.98,  2.97,  8.25,  0.66,  5.61,  4.29,  7.59,  1.98,  7.59,  4.62,  6.27,  2.64,  6.93,  5.61,  9.24,  2.64,  2.64,   6.93,   8.25,  -1.32,  15.18,   8.25,  5.20,   0.493,   0.013,   0.208,  -0.059,    4.071,    0.996
WIN21-MAX,>15488,  14.29,  14.29,   21, 100.00, 28.57,  9.52, 14.29,  9.52,  9.52, 28.57,  4.76, 14.29, 14.29, 28.57,  9.52, 19.05, 19.05, 14.29,  9.52, 19.05, 28.57, 28.57,  9.52,  9.52,  23.81,  19.05,  23.81,  33.33,  19.05, 14.00,   0.659,   0.238,   0.637,   0.093,    3.880,    1.199
WIN21-MIN,>15488,  -9.52,  -4.76,   21, 100.00,  0.00,  0.00,  0.00,  0.00,  0.00,  0.00,  0.00,  0.00,  0.00,  0.00,  0.00,  0.00,  0.00,  0.00,  0.00,  0.00,  0.00,  0.00,  0.00,  0.00,   0.00,   0.00, -19.05,   0.00,   0.00,  1.00,   0.394,   0.000,  -0.202,  -0.152,    2.715,    0.835
WIN51-MAX,>15488,   7.84,   9.80,   51, 100.00, 19.61,  3.92, 11.76,  3.92,  7.84, 15.69,  3.92,  9.80,  9.80, 15.69,  3.92, 13.73,  9.80,  9.80,  7.84, 11.76, 11.76, 15.69,  9.80,  5.88,  13.73,  15.69,  11.76,  25.49,  15.69, 11.46,   0.603,   0.118,   0.470,   0.017,    4.109,    1.115
WIN51-MIN,>15488,  -3.92,   0.00,   51, 100.00,  0.00,  0.00,  0.00,  0.00,  0.00,  0.00,  0.00,  0.00,  0.00,  0.00,  0.00,  0.00,  0.00,  0.00,  0.00,  0.00,  0.00,  0.00,  0.00,  0.00,   0.00,   1.96,  -9.80,   5.88,   0.00,  1.00,   0.441,   0.000,  -0.004,  -0.105,    3.412,    0.932

WHOLE-SEQ,>89569,   1.65,   3.96,  303, 100.00, 11.55,  0.66,  5.94,  1.98,  3.63,  8.25,  0.66,  5.61,  4.29,  7.59,  1.98,  7.92,  4.62,  5.94,  2.64,  6.93,  5.61,  9.24,  2.31,  2.64,   6.93,   7.92,  -0.99,  14.85,   8.58,  5.43,   0.496,   0.010,   0.221,  -0.060,    4.059,    0.997
WIN21-MAX,>89569,   9.52,  14.29,   21, 100.00, 28.57,  9.52, 14.29,  9.52, 14.29, 28.57,  4.76, 14.29, 14.29, 28.57,  9.52, 19.05, 19.05, 14.29,  9.52, 23.81, 28.57, 28.57,  9.52,  9.52,  23.81,  19.05,  23.81,  33.33,  19.05, 14.00,   0.659,   0.238,   0.637,   0.096,    3.880,    1.220
WIN21-MIN,>89569,  -9.52,  -4.76,   21, 100.00,  0.00,  0.00,  0.00,  0.00,  0.00,  0.00,  0.00,  0.00,  0.00,  0.00,  0.00,  0.00,  0.00,  0.00,  0.00,  0.00,  0.00,  0.00,  0.00,  0.00,   0.00,   0.00, -19.05,   0.00,   0.00,  1.00,   0.394,   0.000,  -0.202,  -0.152,    2.715,    0.826
WIN51-MAX,>89569,   7.84,   9.80,   51, 100.00, 19.61,  3.92, 11.76,  3.92,  7.84, 15.69,  3.92,  9.80,  9.80, 15.69,  5.88, 15.69,  9.80,  9.80,  7.84, 13.73, 13.73, 15.69,  9.80,  5.88,  13.73,  15.69,  11.76,  25.49,  15.69, 11.46,   0.604,   0.118,   0.473,   0.019,    4.109,    1.111
WIN51-MIN,>89569,  -3.92,   0.00,   51, 100.00,  0.00,  0.00,  0.00,  0.00,  0.00,  0.00,  0.00,  0.00,  0.00,  0.00,  0.00,  0.00,  0.00,  0.00,  0.00,  0.00,  0.00,  0.00,  0.00,  0.00,   0.00,   1.96,  -9.80,   5.88,   0.00,  1.00,   0.444,   0.000,  -0.024,  -0.110,    3.412,    0.932

WHOLE-SEQ,>89126,   1.32,   4.29,  303, 100.00, 11.22,  0.66,  6.27,  1.98,  3.63,  8.25,  0.66,  5.94,  4.29,  7.59,  1.98,  7.92,  4.62,  5.61,  2.97,  6.93,  4.95,  9.24,  2.64,  2.64,   7.26,   8.25,  -0.99,  15.51,   8.91,  5.44,   0.496,   0.010,   0.220,  -0.060,    4.069,    0.999
WIN21-MAX,>89126,   9.52,  14.29,   21, 100.00, 28.57,  9.52, 14.29,  9.52,  9.52, 28.57,  4.76, 14.29, 14.29, 28.57,  9.52, 19.05, 19.05, 14.29,  9.52, 23.81, 23.81, 28.57,  9.52,  9.52,  23.81,  19.05,  23.81,  33.33,  19.05, 14.00,   0.659,   0.238,   0.637,   0.099,    3.880,    1.220
WIN21-MIN,>89126,  -9.52,  -4.76,   21, 100.00,  0.00,  0.00,  0.00,  0.00,  0.00,  0.00,  0.00,  0.00,  0.00,  0.00,  0.00,  0.00,  0.00,  0.00,  0.00,  0.00,  0.00,  0.00,  0.00,  0.00,   0.00,   0.00, -19.05,   0.00,   0.00,  1.00,   0.394,   0.000,  -0.202,  -0.152,    2.715,    0.828
WIN51-MAX,>89126,   7.84,   9.80,   51, 100.00, 19.61,  3.92, 11.76,  3.92,  7.84, 15.69,  3.92, 11.76,  9.80, 15.69,  5.88, 15.69,  9.80,  7.84,  7.84, 13.73,  9.80, 15.69,  9.80,  5.88,  13.73,  15.69,  11.76,  25.49,  17.65, 11.46,   0.604,   0.118,   0.473,   0.020,    4.109,    1.126
WIN51-MIN,>89126,  -3.92,   0.00,   51, 100.00,  0.00,  0.00,  0.00,  0.00,  0.00,  0.00,  0.00,  0.00,  0.00,  0.00,  0.00,  0.00,  0.00,  0.00,  0.00,  0.00,  0.00,  0.00,  0.00,  0.00,   0.00,   1.96,  -9.80,   5.88,   0.00,  1.00,   0.447,   0.000,   0.044,  -0.105,    3.412,    0.932

WHOLE-SEQ,>112319,   1.65,   4.29,  303, 100.00, 11.22,  0.99,  6.27,  1.98,  2.97,  8.25,  0.99,  5.61,  4.29,  7.59,  1.98,  7.59,  4.62,  5.94,  2.64,  7.26,  5.28,  9.24,  2.64,  2.64,   6.93,   8.25,  -1.32,  15.18,   8.25,  5.41,   0.493,   0.013,   0.209,  -0.058,    4.080,    0.995
WIN21-MAX,>112319,  14.29,  14.29,   21, 100.00, 28.57,  9.52, 14.29,  9.52,  9.52, 28.57,  9.52, 14.29, 14.29, 28.57,  9.52, 19.05, 19.05, 14.29,  9.52, 23.81, 28.57, 28.57,  9.52,  9.52,  23.81,  19.05,  23.81,  33.33,  19.05, 14.00,   0.659,   0.238,   0.637,   0.099,    3.880,    1.199
WIN21-MIN,>112319,  -9.52,  -4.76,   21, 100.00,  0.00,  0.00,  0.00,  0.00,  0.00,  0.00,  0.00,  0.00,  0.00,  0.00,  0.00,  0.00,  0.00,  0.00,  0.00,  0.00,  0.00,  0.00,  0.00,  0.00,   0.00,   0.00, -19.05,   0.00,   0.00,  1.00,   0.394,   0.000,  -0.202,  -0.152,    2.715,    0.828
WIN51-MAX,>112319,   7.84,   9.80,   51, 100.00, 19.61,  3.92, 11.76,  3.92,  7.84, 15.69,  5.88,  9.80,  9.80, 15.69,  3.92, 13.73,  9.80,  9.80,  7.84, 13.73, 11.76, 15.69,  9.80,  5.88,  13.73,  15.69,  11.76,  25.49,  15.69, 11.46,   0.603,   0.118,   0.470,   0.020,    4.109,    1.119
WIN51-MIN,>112319,  -3.92,   0.00,   51, 100.00,  0.00,  0.00,  0.00,  0.00,  0.00,  0.00,  0.00,  0.00,  0.00,  0.00,  0.00,  0.00,  0.00,  0.00,  0.00,  0.00,  0.00,  0.00,  0.00,  0.00,   0.00,   1.96,  -9.80,   5.88,   0.00,  1.00,   0.441,   0.000,  -0.002,  -0.105,    3.412,    0.932

WHOLE-SEQ,>35186,   1.65,   3.96,  303, 100.00, 11.22,  0.66,  6.27,  2.31,  3.63,  8.25,  0.66,  5.61,  4.29,  7.59,  1.98,  7.26,  4.62,  5.94,  2.64,  7.26,  5.28,  9.24,  2.64,  2.64,   6.93,   8.58,  -1.65,  15.51,   8.91,  5.01,   0.495,   0.017,   0.212,  -0.061,    4.072,    0.998
WIN21-MAX,>35186,   9.52,  14.29,   21, 100.00, 28.57,  9.52, 14.29,  9.52, 14.29, 28.57,  4.76, 14.29, 14.29, 28.57,  9.52, 19.05, 19.05, 14.29,  9.52, 23.81, 28.57, 28.57,  9.52,  9.52,  23.81,  19.05,  23.81,  33.33,  23.81, 14.00,   0.659,   0.238,   0.637,   0.097,    3.880,    1.220
WIN21-MIN,>35186,  -9.52,  -4.76,   21, 100.00,  0.00,  0.00,  0.00,  0.00,  0.00,  0.00,  0.00,  0.00,  0.00,  0.00,  0.00,  0.00,  0.00,  0.00,  0.00,  0.00,  0.00,  0.00,  0.00,  0.00,   0.00,   0.00, -19.05,   0.00,   0.00,  1.00,   0.394,   0.000,  -0.202,  -0.152,    2.715,    0.835
WIN51-MAX,>35186,   7.84,   9.80,   51, 100.00, 19.61,  3.92, 11.76,  5.88,  7.84, 15.69,  3.92,  9.80,  9.80, 15.69,  5.88, 11.76,  9.80,  9.80,  7.84, 13.73, 11.76, 15.69,  9.80,  5.88,  13.73,  15.69,   9.80,  25.49,  15.69, 11.26,   0.604,   0.098,   0.473,   0.019,    4.109,    1.110
WIN51-MIN,>35186,  -3.92,   0.00,   51, 100.00,  0.00,  0.00,  0.00,  0.00,  0.00,  0.00,  0.00,  0.00,  0.00,  0.00,  0.00,  0.00,  0.00,  0.00,  0.00,  0.00,  0.00,  0.00,  0.00,  0.00,   0.00,   1.96,  -9.80,   5.88,   0.00,  1.00,   0.441,   0.000,   0.012,  -0.105,    3.412,    0.932

WHOLE-SEQ,>5716,   1.98,   4.29,  303, 100.00, 11.22,  0.66,  6.27,  1.98,  3.30,  8.25,  0.66,  5.61,  4.29,  7.59,  2.31,  7.59,  4.62,  6.27,  2.31,  6.93,  5.94,  8.91,  2.64,  2.64,   6.60,   8.25,  -1.65,  14.85,   8.58,  4.98,   0.494,   0.017,   0.207,  -0.059,    4.068,    0.995
WIN21-MAX,>5716,  14.29,  14.29,   21, 100.00, 28.57,  9.52, 14.29,  9.52, 14.29, 28.57,  4.76, 14.29, 14.29, 28.57,  9.52, 19.05, 19.05, 14.29,  9.52, 19.05, 28.57, 28.57,  9.52,  9.52,  23.81,  19.05,  23.81,  33.33,  23.81, 14.00,   0.659,   0.238,   0.637,   0.091,    3.880,    1.199
WIN21-MIN,>5716,  -9.52,  -4.76,   21, 100.00,  0.00,  0.00,  0.00,  0.00,  0.00,  0.00,  0.00,  0.00,  0.00,  0.00,  0.00,  0.00,  0.00,  0.00,  0.00,  0.00,  0.00,  0.00,  0.00,  0.00,   0.00,   0.00, -19.05,   0.00,   0.00,  1.00,   0.380,   0.000,  -0.236,  -0.152,    2.715,    0.821
WIN51-MAX,>5716,   7.84,   9.80,   51, 100.00, 19.61,  3.92, 11.76,  3.92,  7.84, 15.69,  3.92,  9.80,  9.80, 15.69,  5.88, 13.73,  9.80,  9.80,  7.84, 11.76, 11.76, 15.69,  9.80,  5.88,  13.73,  15.69,  11.76,  25.49,  15.69, 11.46,   0.603,   0.118,   0.470,   0.016,    4.109,    1.108
WIN51-MIN,>5716,  -3.92,   0.00,   51, 100.00,  0.00,  0.00,  0.00,  0.00,  0.00,  0.00,  0.00,  0.00,  0.00,  0.00,  0.00,  0.00,  0.00,  0.00,  0.00,  0.00,  0.00,  0.00,  0.00,  0.00,   0.00,   1.96,  -9.80,   5.88,   0.00,  1.00,   0.438,   0.000,  -0.008,  -0.105,    3.412,    0.932

WHOLE-SEQ,>89960,   1.32,   3.63,  303, 100.00, 11.55,  0.66,  5.94,  2.31,  3.63,  8.25,  0.66,  5.61,  4.29,  7.59,  1.98,  7.59,  4.62,  5.61,  2.97,  6.93,  5.61,  9.24,  2.31,  2.64,   7.26,   8.25,  -0.99,  15.51,   8.58,  5.45,   0.496,   0.010,   0.220,  -0.061,    4.069,    0.998
WIN21-MAX,>89960,   9.52,  14.29,   21, 100.00, 28.57,  9.52, 14.29,  9.52,  9.52, 28.57,  4.76, 14.29, 14.29, 28.57,  9.52, 19.05, 19.05, 14.29,  9.52, 19.05, 28.57, 28.57,  9.52,  9.52,  23.81,  19.05,  23.81,  33.33,  19.05, 14.00,   0.659,   0.238,   0.637,   0.092,    3.880,    1.220
WIN21-MIN,>89960,  -9.52,  -4.76,   21, 100.00,  0.00,  0.00,  0.00,  0.00,  0.00,  0.00,  0.00,  0.00,  0.00,  0.00,  0.00,  0.00,  0.00,  0.00,  0.00,  0.00,  0.00,  0.00,  0.00,  0.00,   0.00,   0.00, -19.05,   0.00,   0.00,  1.00,   0.394,   0.000,  -0.202,  -0.152,    2.715,    0.820
WIN51-MAX,>89960,   7.84,   9.80,   51, 100.00, 19.61,  3.92, 11.76,  5.88,  7.84, 15.69,  3.92,  9.80,  9.80, 15.69,  5.88, 13.73,  9.80,  7.84,  7.84, 11.76, 11.76, 15.69,  9.80,  5.88,  13.73,  15.69,   9.80,  25.49,  17.65, 11.26,   0.604,   0.098,   0.473,   0.017,    4.109,    1.124
WIN51-MIN,>89960,  -3.92,   0.00,   51, 100.00,  0.00,  0.00,  0.00,  0.00,  0.00,  0.00,  0.00,  0.00,  0.00,  0.00,  0.00,  0.00,  0.00,  0.00,  0.00,  0.00,  0.00,  0.00,  0.00,  0.00,   0.00,   1.96,  -9.80,   5.88,   0.00,  1.00,   0.441,   0.000,   0.038,  -0.105,    3.412,    0.932

WHOLE-SEQ,>88152,   1.32,   4.29,  303, 100.00, 11.55,  0.99,  6.27,  1.98,  3.30,  8.25,  0.66,  5.94,  4.29,  7.59,  1.98,  7.59,  4.62,  5.94,  2.97,  6.60,  5.28,  9.24,  2.31,  2.64,   7.26,   8.25,  -0.99,  15.51,   8.25,  5.44,   0.497,   0.010,   0.222,  -0.062,    4.071,    0.998
WIN21-MAX,>88152,   9.52,  14.29,   21, 100.00, 28.57,  9.52, 14.29,  9.52,  9.52, 28.57,  4.76, 14.29, 14.29, 28.57,  9.52, 19.05, 19.05, 14.29,  9.52, 19.05, 23.81, 28.57,  9.52,  9.52,  23.81,  19.05,  23.81,  33.33,  19.05, 14.00,   0.659,   0.238,   0.637,   0.092,    3.880,    1.220
WIN21-MIN,>88152,  -9.52,  -4.76,   21, 100.00,  0.00,  0.00,  0.00,  0.00,  0.00,  0.00,  0.00,  0.00,  0.00,  0.00,  0.00,  0.00,  0.00,  0.00,  0.00,  0.00,  0.00,  0.00,  0.00,  0.00,   0.00,   0.00, -19.05,   0.00,   0.00,  1.00,   0.394,   0.000,  -0.202,  -0.152,    2.715,    0.820
WIN51-MAX,>88152,   7.84,   9.80,   51, 100.00, 19.61,  3.92, 11.76,  3.92,  7.84, 15.69,  3.92, 11.76,  9.80, 15.69,  5.88, 15.69,  9.80,  9.80,  7.84, 11.76, 11.76, 15.69,  9.80,  5.88,  13.73,  15.69,  11.76,  25.49,  15.69, 11.46,   0.604,   0.118,   0.473,   0.017,    4.109,    1.120
WIN51-MIN,>88152,  -3.92,   0.00,   51, 100.00,  0.00,  0.00,  0.00,  0.00,  0.00,  0.00,  0.00,  0.00,  0.00,  0.00,  0.00,  0.00,  0.00,  0.00,  0.00,  0.00,  0.00,  0.00,  0.00,  0.00,   0.00,   1.96,  -9.80,   5.88,   0.00,  1.00,   0.447,   0.000,   0.011,  -0.110,    3.412,    0.927

WHOLE-SEQ,>47671,   1.65,   4.29,  303, 100.00, 11.22,  0.66,  6.27,  1.98,  3.63,  8.25,  0.66,  5.61,  4.29,  7.59,  1.98,  7.92,  4.62,  5.94,  2.64,  6.93,  5.28,  9.24,  2.64,  2.64,   6.93,   8.25,  -1.32,  15.18,   8.91,  5.20,   0.494,   0.013,   0.212,  -0.059,    4.066,    0.997
WIN21-MAX,>47671,  14.29,  14.29,   21, 100.00, 28.57,  9.52, 14.29,  9.52,  9.52, 28.57,  4.76, 14.29, 14.29, 28.57,  9.52, 19.05, 19.05, 14.29,  9.52, 23.81, 28.57, 28.57,  9.52,  9.52,  23.81,  19.05,  23.81,  33.33,  19.05, 14.00,   0.659,   0.238,   0.637,   0.099,    3.880,    1.220
WIN21-MIN,>47671,  -9.52,  -4.76,   21, 100.00,  0.00,  0.00,  0.00,  0.00,  0.00,  0.00,  0.00,  0.00,  0.00,  0.00,  0.00,  0.00,  0.00,  0.00,  0.00,  0.00,  0.00,  0.00,  0.00,  0.00,   0.00,   0.00, -19.05,   0.00,   0.00,  1.00,   0.394,   0.000,  -0.202,  -0.152,    2.715,    0.828
WIN51-MAX,>47671,   7.84,   9.80,   51, 100.00, 19.61,  3.92, 11.76,  3.92,  7.84, 15.69,  3.92,  9.80,  9.80, 15.69,  5.88, 15.69,  9.80,  9.80,  7.84, 13.73, 11.76, 15.69,  9.80,  5.88,  13.73,  15.69,  11.76,  25.49,  17.65, 11.46,   0.604,   0.118,   0.473,   0.020,    4.109,    1.117
WIN51-MIN,>47671,  -3.92,   0.00,   51, 100.00,  0.00,  0.00,  0.00,  0.00,  0.00,  0.00,  0.00,  0.00,  0.00,  0.00,  0.00,  0.00,  0.00,  0.00,  0.00,  0.00,  0.00,  0.00,  0.00,  0.00,   0.00,   1.96,  -9.80,   5.88,   0.00,  1.00,   0.441,   0.000,   0.014,  -0.105,    3.412,    0.932

WHOLE-SEQ,>55915,   1.98,   3.96,  303, 100.00, 11.22,  0.66,  6.27,  2.31,  3.30,  8.25,  0.66,  5.61,  4.29,  7.59,  2.31,  7.26,  4.62,  6.27,  2.31,  7.26,  5.61,  8.91,  2.64,  2.64,   6.60,   8.58,  -1.98,  15.18,   8.58,  4.90,   0.493,   0.020,   0.204,  -0.060,    4.073,    0.994
WIN21-MAX,>55915,  14.29,  14.29,   21, 100.00, 28.57,  9.52, 14.29,  9.52, 14.29, 28.57,  4.76, 14.29, 14.29, 28.57,  9.52, 19.05, 19.05, 14.29,  9.52, 23.81, 28.57, 28.57,  9.52,  9.52,  23.81,  19.05,  23.81,  33.33,  23.81, 14.00,   0.659,   0.238,   0.637,   0.097,    3.880,    1.199
WIN21-MIN,>55915,  -9.52,  -4.76,   21, 100.00,  0.00,  0.00,  0.00,  0.00,  0.00,  0.00,  0.00,  0.00,  0.00,  0.00,  0.00,  0.00,  0.00,  0.00,  0.00,  0.00,  0.00,  0.00,  0.00,  0.00,   0.00,   0.00, -19.05,   0.00,   0.00,  1.00,   0.380,   0.000,  -0.236,  -0.152,    2.715,    0.821
WIN51-MAX,>55915,   7.84,   9.80,   51, 100.00, 19.61,  3.92, 11.76,  5.88,  7.84, 15.69,  3.92,  9.80,  9.80, 15.69,  5.88, 11.76,  9.80,  9.80,  7.84, 13.73, 11.76, 15.69,  9.80,  5.88,  13.73,  15.69,   9.80,  25.49,  15.69, 10.98,   0.603,   0.098,   0.470,   0.019,    4.109,    1.110
WIN51-MIN,>55915,  -3.92,   0.00,   51, 100.00,  0.00,  0.00,  0.00,  0.00,  0.00,  0.00,  0.00,  0.00,  0.00,  0.00,  0.00,  0.00,  0.00,  0.00,  0.00,  0.00,  0.00,  0.00,  0.00,  0.00,   0.00,   1.96,  -9.80,   5.88,   0.00,  1.00,   0.438,   0.000,  -0.003,  -0.105,    3.412,    0.932

WHOLE-SEQ,>20180,   1.32,   3.63,  303, 100.00, 11.22,  0.66,  5.94,  2.31,  3.63,  8.25,  0.66,  5.61,  3.96,  7.59,  1.98,  7.59,  4.62,  6.27,  2.64,  7.26,  5.61,  8.91,  2.64,  2.64,   6.60,   8.25,  -1.65,  14.85,   8.91,  4.99,   0.494,   0.017,   0.207,  -0.060,    4.072,    0.996
WIN21-MAX,>20180,   9.52,  14.29,   21, 100.00, 28.57,  9.52, 14.29,  9.52, 14.29, 28.57,  4.76, 14.29, 14.29, 28.57,  9.52, 19.05, 19.05, 14.29,  9.52, 23.81, 28.57, 28.57,  9.52,  9.52,  23.81,  19.05,  23.81,  33.33,  23.81, 14.00,   0.659,   0.238,   0.637,   0.097,    3.880,    1.220
WIN21-MIN,>20180,  -9.52,  -4.76,   21, 100.00,  0.00,  0.00,  0.00,  0.00,  0.00,  0.00,  0.00,  0.00,  0.00,  0.00,  0.00,  0.00,  0.00,  0.00,  0.00,  0.00,  0.00,  0.00,  0.00,  0.00,   0.00,   0.00, -19.05,   0.00,   0.00,  1.00,   0.380,   0.000,  -0.236,  -0.152,    2.715,    0.821
WIN51-MAX,>20180,   7.84,   9.80,   51, 100.00, 19.61,  3.92, 11.76,  5.88,  7.84, 15.69,  3.92,  9.80,  9.80, 15.69,  5.88, 13.73,  9.80,  9.80,  7.84, 13.73, 11.76, 15.69,  9.80,  5.88,  13.73,  15.69,   9.80,  25.49,  15.69, 11.26,   0.604,   0.098,   0.473,   0.019,    4.109,    1.110
WIN51-MIN,>20180,  -3.92,   0.00,   51, 100.00,  0.00,  0.00,  0.00,  0.00,  0.00,  0.00,  0.00,  0.00,  0.00,  0.00,  0.00,  0.00,  0.00,  0.00,  0.00,  0.00,  0.00,  0.00,  0.00,  0.00,   0.00,   1.96,  -9.80,   5.88,   0.00,  1.00,   0.438,   0.000,  -0.003,  -0.105,    3.412,    0.932

WHOLE-SEQ,>90669,   1.98,   3.96,  303, 100.00, 11.22,  0.66,  5.94,  1.98,  3.30,  8.25,  0.66,  5.61,  4.62,  7.59,  2.31,  7.59,  4.29,  5.94,  2.64,  7.26,  5.61,  9.24,  2.64,  2.64,   7.26,   7.92,  -0.66,  15.18,   8.58,  5.84,   0.495,   0.007,   0.221,  -0.062,    4.069,    0.999
WIN21-MAX,>90669,   9.52,  14.29,   21, 100.00, 28.57,  9.52, 14.29,  9.52, 14.29, 28.57,  4.76, 14.29, 14.29, 28.57,  9.52, 19.05, 19.05, 14.29,  9.52, 23.81, 28.57, 28.57,  9.52,  9.52,  23.81,  19.05,  23.81,  33.33,  23.81, 14.00,   0.659,   0.238,   0.637,   0.097,    3.880,    1.199
WIN21-MIN,>90669,  -9.52,  -4.76,   21, 100.00,  0.00,  0.00,  0.00,  0.00,  0.00,  0.00,  0.00,  0.00,  0.00,  0.00,  0.00,  0.00,  0.00,  0.00,  0.00,  0.00,  0.00,  0.00,  0.00,  0.00,   0.00,   0.00, -19.05,   0.00,   0.00,  1.00,   0.394,   0.000,  -0.202,  -0.183,    2.715,    0.835
WIN51-MAX,>90669,   7.84,   9.80,   51, 100.00, 19.61,  3.92, 11.76,  3.92,  7.84, 15.69,  3.92,  9.80,  9.80, 15.69,  5.88, 13.73,  9.80,  9.80,  7.84, 13.73, 13.73, 15.69,  9.80,  5.88,  15.69,  15.69,  11.76,  27.45,  15.69, 11.46,   0.603,   0.118,   0.470,   0.019,    4.045,    1.119
WIN51-MIN,>90669,  -1.96,   0.00,   51, 100.00,  0.00,  0.00,  0.00,  0.00,  0.00,  0.00,  0.00,  0.00,  0.00,  0.00,  0.00,  0.00,  0.00,  0.00,  0.00,  0.00,  0.00,  0.00,  0.00,  0.00,   0.00,   1.96,  -9.80,   5.88,   0.00,  1.00,   0.447,   0.000,  -0.008,  -0.123,    3.412,    0.932

WHOLE-SEQ,>42743,   1.32,   3.96,  303, 100.00, 11.22,  0.99,  6.27,  2.31,  3.30,  8.25,  0.66,  5.61,  3.96,  7.59,  1.98,  7.26,  4.62,  6.27,  2.64,  6.93,  5.94,  8.91,  2.64,  2.64,   6.60,   8.58,  -1.98,  15.18,   8.58,  4.90,   0.494,   0.020,   0.204,  -0.060,    4.081,    0.996
WIN21-MAX,>42743,   9.52,  14.29,   21, 100.00, 28.57,  9.52, 14.29, 14.29, 14.29, 28.57,  4.76, 14.29, 14.29, 28.57,  9.52, 19.05, 19.05, 14.29,  9.52, 23.81, 28.57, 28.57,  9.52,  9.52,  23.81,  23.81,  23.81,  33.33,  23.81, 14.00,   0.659,   0.238,   0.637,   0.097,    3.880,    1.199
WIN21-MIN,>42743,  -9.52,  -9.52,   21, 100.00,  0.00,  0.00,  0.00,  0.00,  0.00,  0.00,  0.00,  0.00,  0.00,  0.00,  0.00,  0.00,  0.00,  0.00,  0.00,  0.00,  0.00,  0.00,  0.00,  0.00,   0.00,   0.00, -23.81,   0.00,   0.00,  1.00,   0.380,   0.000,  -0.283,  -0.152,    2.715,    0.826
WIN51-MAX,>42743,   7.84,   9.80,   51, 100.00, 19.61,  3.92, 11.76,  5.88,  7.84, 15.69,  3.92,  9.80,  9.80, 15.69,  3.92, 15.69,  9.80,  9.80,  7.84, 13.73, 13.73, 15.69,  9.80,  5.88,  13.73,  15.69,  11.76,  25.49,  15.69, 11.46,   0.603,   0.118,   0.470,   0.019,    4.109,    1.111
WIN51-MIN,>42743,  -3.92,  -1.96,   51, 100.00,  0.00,  0.00,  0.00,  0.00,  0.00,  0.00,  0.00,  0.00,  0.00,  0.00,  0.00,  0.00,  0.00,  0.00,  0.00,  0.00,  0.00,  0.00,  0.00,  0.00,   0.00,   1.96,  -9.80,   5.88,   0.00,  1.00,   0.438,   0.000,  -0.022,  -0.110,    3.412,    0.932

WHOLE-SEQ,>89112,   1.32,   3.96,  303, 100.00, 11.22,  0.66,  6.27,  2.31,  3.30,  8.25,  0.66,  5.61,  4.29,  7.59,  2.31,  7.26,  4.62,  5.61,  2.97,  6.93,  5.61,  9.24,  2.64,  2.64,   7.26,   8.58,  -1.32,  15.84,   8.58,  5.23,   0.495,   0.013,   0.213,  -0.061,    4.079,    0.998
WIN21-MAX,>89112,   9.52,  14.29,   21, 100.00, 28.57,  9.52, 14.29,  9.52,  9.52, 28.57,  4.76, 14.29, 14.29, 28.57,  9.52, 19.05, 19.05, 14.29,  9.52, 23.81, 28.57, 28.57,  9.52,  9.52,  23.81,  19.05,  23.81,  33.33,  19.05, 14.00,   0.659,   0.238,   0.637,   0.099,    3.880,    1.199
WIN21-MIN,>89112,  -9.52,  -4.76,   21, 100.00,  0.00,  0.00,  0.00,  0.00,  0.00,  0.00,  0.00,  0.00,  0.00,  0.00,  0.00,  0.00,  0.00,  0.00,  0.00,  0.00,  0.00,  0.00,  0.00,  0.00,   0.00,   0.00, -19.05,   0.00,   0.00,  1.00,   0.394,   0.000,  -0.202,  -0.152,    2.715,    0.828
WIN51-MAX,>89112,   7.84,   9.80,   51, 100.00, 19.61,  3.92, 11.76,  5.88,  7.84, 15.69,  3.92,  9.80,  9.80, 15.69,  5.88, 13.73,  9.80,  7.84,  7.84, 13.73, 13.73, 15.69,  9.80,  5.88,  13.73,  15.69,   9.80,  25.49,  17.65, 11.26,   0.603,   0.098,   0.470,   0.020,    4.109,    1.119
WIN51-MIN,>89112,  -3.92,   0.00,   51, 100.00,  0.00,  0.00,  0.00,  0.00,  0.00,  0.00,  0.00,  0.00,  0.00,  0.00,  0.00,  0.00,  0.00,  0.00,  0.00,  0.00,  0.00,  0.00,  0.00,  0.00,   0.00,   1.96,  -9.80,   5.88,   0.00,  1.00,   0.447,   0.000,   0.034,  -0.110,    3.412,    0.932

WHOLE-SEQ,>113852,   1.65,   3.96,  303, 100.00, 11.55,  0.66,  5.94,  1.98,  3.63,  8.25,  0.66,  5.61,  4.29,  7.59,  1.98,  7.92,  4.62,  5.94,  2.64,  6.93,  5.61,  9.24,  2.31,  2.64,   6.93,   7.92,  -0.99,  14.85,   8.58,  5.43,   0.496,   0.010,   0.221,  -0.060,    4.059,    0.997
WIN21-MAX,>113852,  14.29,  14.29,   21, 100.00, 28.57,  9.52, 14.29,  9.52,  9.52, 28.57,  4.76, 14.29, 14.29, 28.57,  9.52, 19.05, 19.05, 14.29,  9.52, 23.81, 28.57, 28.57,  9.52,  9.52,  23.81,  19.05,  23.81,  33.33,  19.05, 14.00,   0.659,   0.238,   0.637,   0.098,    3.880,    1.220
WIN21-MIN,>113852,  -9.52,  -4.76,   21, 100.00,  0.00,  0.00,  0.00,  0.00,  0.00,  0.00,  0.00,  0.00,  0.00,  0.00,  0.00,  0.00,  0.00,  0.00,  0.00,  0.00,  0.00,  0.00,  0.00,  0.00,   0.00,   0.00, -19.05,   0.00,   0.00,  1.00,   0.397,   0.000,  -0.202,  -0.152,    2.715,    0.801
WIN51-MAX,>113852,   7.84,   9.80,   51, 100.00, 19.61,  3.92, 11.76,  3.92,  7.84, 15.69,  3.92,  9.80,  9.80, 15.69,  5.88, 15.69,  9.80,  9.80,  7.84, 13.73, 13.73, 15.69,  9.80,  5.88,  13.73,  15.69,  11.76,  25.49,  17.65, 11.46,   0.604,   0.118,   0.473,   0.020,    4.109,    1.117
WIN51-MIN,>113852,  -3.92,   0.00,   51, 100.00,  0.00,  0.00,  0.00,  0.00,  0.00,  0.00,  0.00,  0.00,  0.00,  0.00,  0.00,  0.00,  0.00,  0.00,  0.00,  0.00,  0.00,  0.00,  0.00,  0.00,   0.00,   1.96,  -9.80,   5.88,   0.00,  1.00,   0.447,   0.000,   0.014,  -0.110,    3.412,    0.932

WHOLE-SEQ,>34537,   1.32,   4.29,  303, 100.00, 11.22,  0.66,  6.27,  1.98,  3.30,  8.25,  0.99,  5.94,  4.29,  7.59,  1.98,  7.59,  4.62,  5.61,  2.97,  6.93,  5.28,  9.24,  2.64,  2.64,   7.26,   8.25,  -0.99,  15.51,   8.58,  5.74,   0.495,   0.010,   0.217,  -0.060,    4.078,    0.999
WIN21-MAX,>34537,   9.52,  14.29,   21, 100.00, 28.57,  9.52, 14.29,  9.52,  9.52, 28.57,  9.52, 14.29, 14.29, 28.57,  9.52, 19.05, 19.05, 14.29,  9.52, 23.81, 23.81, 28.57,  9.52,  9.52,  23.81,  19.05,  23.81,  33.33,  19.05, 14.00,   0.659,   0.238,   0.637,   0.099,    3.880,    1.220
WIN21-MIN,>34537,  -9.52,  -4.76,   21, 100.00,  0.00,  0.00,  0.00,  0.00,  0.00,  0.00,  0.00,  0.00,  0.00,  0.00,  0.00,  0.00,  0.00,  0.00,  0.00,  0.00,  0.00,  0.00,  0.00,  0.00,   0.00,   0.00, -19.05,   0.00,   0.00,  1.00,   0.394,   0.000,  -0.202,  -0.152,    2.715,    0.828
WIN51-MAX,>34537,   7.84,   9.80,   51, 100.00, 19.61,  3.92, 11.76,  3.92,  7.84, 15.69,  5.88, 11.76,  9.80, 15.69,  5.88, 15.69,  9.80,  7.84,  7.84, 13.73, 11.76, 15.69,  9.80,  5.88,  13.73,  15.69,  11.76,  25.49,  15.69, 11.46,   0.604,   0.118,   0.473,   0.020,    4.109,    1.118
WIN51-MIN,>34537,  -3.92,   0.00,   51, 100.00,  0.00,  0.00,  0.00,  0.00,  0.00,  0.00,  0.00,  0.00,  0.00,  0.00,  0.00,  0.00,  0.00,  0.00,  0.00,  0.00,  0.00,  0.00,  0.00,  0.00,   0.00,   1.96,  -9.80,   5.88,   0.00,  1.00,   0.447,   0.000,   0.009,  -0.110,    3.412,    0.932

WHOLE-SEQ,>121268,   1.32,   3.63,  303, 100.00, 11.22,  0.99,  5.94,  2.31,  3.63,  8.25,  0.99,  5.61,  3.96,  7.59,  1.65,  7.59,  4.62,  5.94,  2.64,  7.26,  5.61,  8.91,  2.64,  2.64,   6.60,   8.25,  -1.65,  14.85,   8.91,  5.20,   0.494,   0.017,   0.208,  -0.058,    4.085,    0.997
WIN21-MAX,>121268,   9.52,  14.29,   21, 100.00, 28.57,  9.52, 14.29,  9.52, 14.29, 28.57,  9.52, 14.29, 14.29, 28.57,  9.52, 19.05, 19.05, 14.29,  9.52, 23.81, 28.57, 28.57,  9.52,  9.52,  23.81,  19.05,  23.81,  33.33,  23.81, 14.00,   0.659,   0.238,   0.637,   0.097,    3.880,    1.220
WIN21-MIN,>121268,  -9.52,  -4.76,   21, 100.00,  0.00,  0.00,  0.00,  0.00,  0.00,  0.00,  0.00,  0.00,  0.00,  0.00,  0.00,  0.00,  0.00,  0.00,  0.00,  0.00,  0.00,  0.00,  0.00,  0.00,   0.00,   0.00, -19.05,   0.00,   0.00,  1.00,   0.380,   0.000,  -0.236,  -0.152,    2.715,    0.821
WIN51-MAX,>121268,   7.84,   9.80,   51, 100.00, 19.61,  3.92, 11.76,  5.88,  7.84, 15.69,  5.88,  9.80,  9.80, 15.69,  3.92, 13.73,  9.80,  9.80,  7.84, 13.73, 11.76, 15.69,  9.80,  5.88,  13.73,  15.69,   9.80,  25.49,  15.69, 11.26,   0.604,   0.098,   0.473,   0.019,    4.109,    1.121
WIN51-MIN,>121268,  -3.92,   0.00,   51, 100.00,  0.00,  0.00,  0.00,  0.00,  0.00,  0.00,  0.00,  0.00,  0.00,  0.00,  0.00,  0.00,  0.00,  0.00,  0.00,  0.00,  0.00,  0.00,  0.00,  0.00,   0.00,   1.96,  -9.80,   5.88,   0.00,  1.00,   0.438,   0.000,  -0.003,  -0.105,    3.412,    0.932

WHOLE-SEQ,>93582,   1.32,   3.63,  303, 100.00, 11.22,  0.99,  5.94,  2.31,  3.63,  8.25,  0.66,  5.94,  4.29,  7.59,  1.65,  7.59,  4.62,  5.61,  2.97,  6.60,  5.94,  8.91,  2.64,  2.64,   7.26,   8.25,  -0.99,  15.51,   8.91,  5.45,   0.495,   0.010,   0.218,  -0.061,    4.083,    1.001
WIN21-MAX,>93582,   9.52,  14.29,   21, 100.00, 28.57,  9.52, 14.29,  9.52,  9.52, 28.57,  4.76, 14.29, 14.29, 28.57,  9.52, 19.05, 19.05, 14.29,  9.52, 19.05, 23.81, 28.57,  9.52,  9.52,  23.81,  19.05,  23.81,  33.33,  19.05, 14.00,   0.659,   0.238,   0.637,   0.093,    3.916,    1.220
WIN21-MIN,>93582,  -9.52,  -4.76,   21, 100.00,  0.00,  0.00,  0.00,  0.00,  0.00,  0.00,  0.00,  0.00,  0.00,  0.00,  0.00,  0.00,  0.00,  0.00,  0.00,  0.00,  0.00,  0.00,  0.00,  0.00,   0.00,   0.00, -19.05,   0.00,   0.00,  1.00,   0.380,   0.000,  -0.236,  -0.152,    2.715,    0.821
WIN51-MAX,>93582,   7.84,   9.80,   51, 100.00, 19.61,  3.92, 11.76,  5.88,  7.84, 15.69,  3.92, 11.76,  9.80, 15.69,  3.92, 13.73,  9.80,  7.84,  7.84, 11.76, 11.76, 15.69,  9.80,  5.88,  13.73,  15.69,   9.80,  25.49,  17.65, 11.26,   0.604,   0.098,   0.473,   0.017,    4.109,    1.135
WIN51-MIN,>93582,  -3.92,   0.00,   51, 100.00,  0.00,  0.00,  0.00,  0.00,  0.00,  0.00,  0.00,  0.00,  0.00,  0.00,  0.00,  0.00,  0.00,  0.00,  0.00,  0.00,  0.00,  0.00,  0.00,  0.00,   0.00,   1.96,  -9.80,   5.88,   0.00,  1.00,   0.437,   0.000,   0.015,  -0.111,    3.412,    0.932

WHOLE-SEQ,>90047,   1.32,   3.96,  303, 100.00, 11.22,  0.66,  5.94,  1.98,  3.63,  8.25,  0.66,  5.94,  4.29,  7.59,  1.98,  7.92,  4.62,  5.61,  2.97,  7.26,  4.95,  9.24,  2.64,  2.64,   7.26,   7.92,  -0.66,  15.18,   8.91,  5.84,   0.497,   0.007,   0.226,  -0.061,    4.068,    1.000
WIN21-MAX,>90047,   9.52,  14.29,   21, 100.00, 28.57,  9.52, 14.29,  9.52,  9.52, 28.57,  4.76, 14.29, 14.29, 28.57,  9.52, 19.05, 19.05, 14.29,  9.52, 23.81, 23.81, 28.57,  9.52,  9.52,  23.81,  19.05,  23.81,  33.33,  19.05, 14.00,   0.659,   0.238,   0.637,   0.099,    3.880,    1.220
WIN21-MIN,>90047,  -9.52,  -4.76,   21, 100.00,  0.00,  0.00,  0.00,  0.00,  0.00,  0.00,  0.00,  0.00,  0.00,  0.00,  0.00,  0.00,  0.00,  0.00,  0.00,  0.00,  0.00,  0.00,  0.00,  0.00,   0.00,   0.00, -19.05,   0.00,   0.00,  1.00,   0.394,   0.000,  -0.202,  -0.152,    2.715,    0.828
WIN51-MAX,>90047,   7.84,   9.80,   51, 100.00, 19.61,  3.92, 11.76,  3.92,  7.84, 15.69,  3.92, 11.76,  9.80, 15.69,  5.88, 13.73,  9.80,  7.84,  7.84, 13.73,  9.80, 15.69,  9.80,  5.88,  13.73,  15.69,  11.76,  25.49,  17.65, 11.46,   0.604,   0.118,   0.473,   0.020,    4.109,    1.131
WIN51-MIN,>90047,  -3.92,   0.00,   51, 100.00,  0.00,  0.00,  0.00,  0.00,  0.00,  0.00,  0.00,  0.00,  0.00,  0.00,  0.00,  0.00,  0.00,  0.00,  0.00,  0.00,  0.00,  0.00,  0.00,  0.00,   0.00,   1.96,  -9.80,   5.88,   0.00,  1.00,   0.447,   0.000,   0.044,  -0.105,    3.412,    0.932

WHOLE-SEQ,>47602,   1.32,   3.63,  303, 100.00, 11.22,  0.66,  5.94,  2.31,  3.63,  8.25,  0.66,  5.61,  4.29,  7.59,  1.98,  7.59,  4.29,  5.94,  2.97,  6.60,  5.94,  9.24,  2.64,  2.64,   7.26,   8.25,  -0.99,  15.51,   8.91,  5.45,   0.494,   0.010,   0.216,  -0.064,    4.075,    1.002
WIN21-MAX,>47602,   9.52,  14.29,   21, 100.00, 28.57,  9.52, 14.29,  9.52,  9.52, 28.57,  4.76, 14.29, 14.29, 28.57,  9.52, 19.05, 19.05, 14.29,  9.52, 19.05, 28.57, 28.57,  9.52,  9.52,  23.81,  19.05,  23.81,  33.33,  19.05, 14.00,   0.659,   0.238,   0.637,   0.093,    3.880,    1.220
WIN21-MIN,>47602,  -9.52,  -4.76,   21, 100.00,  0.00,  0.00,  0.00,  0.00,  0.00,  0.00,  0.00,  0.00,  0.00,  0.00,  0.00,  0.00,  0.00,  0.00,  0.00,  0.00,  0.00,  0.00,  0.00,  0.00,   0.00,   0.00, -19.05,   0.00,   0.00,  1.00,   0.394,   0.000,  -0.202,  -0.183,    2.715,    0.835
WIN51-MAX,>47602,   7.84,   9.80,   51, 100.00, 19.61,  3.92, 11.76,  5.88,  7.84, 15.69,  3.92,  9.80,  9.80, 15.69,  5.88, 13.73,  9.80,  9.80,  7.84, 11.76, 13.73, 15.69,  9.80,  5.88,  15.69,  15.69,   9.80,  27.45,  17.65, 11.26,   0.604,   0.098,   0.473,   0.017,    4.045,    1.119
WIN51-MIN,>47602,  -1.96,   0.00,   51, 100.00,  0.00,  0.00,  0.00,  0.00,  0.00,  0.00,  0.00,  0.00,  0.00,  0.00,  0.00,  0.00,  0.00,  0.00,  0.00,  0.00,  0.00,  0.00,  0.00,  0.00,   0.00,   1.96,  -9.80,   5.88,   0.00,  1.00,   0.447,   0.000,   0.027,  -0.123,    3.412,    0.932

WHOLE-SEQ,>39256,   1.65,   4.29,  303, 100.00, 11.22,  0.66,  6.27,  1.98,  3.30,  8.25,  0.66,  5.94,  4.29,  7.59,  2.31,  7.59,  4.62,  5.94,  2.64,  7.26,  5.28,  8.91,  2.64,  2.64,   6.93,   8.25,  -1.32,  15.18,   8.58,  5.20,   0.495,   0.013,   0.214,  -0.059,    4.071,    0.995
WIN21-MAX,>39256,   9.52,  14.29,   21, 100.00, 28.57,  9.52, 14.29,  9.52, 14.29, 28.57,  4.76, 14.29, 14.29, 28.57,  9.52, 19.05, 19.05, 14.29,  9.52, 23.81, 23.81, 28.57,  9.52,  9.52,  23.81,  19.05,  23.81,  33.33,  23.81, 14.00,   0.659,   0.238,   0.637,   0.097,    3.916,    1.199
WIN21-MIN,>39256,  -9.52,  -4.76,   21, 100.00,  0.00,  0.00,  0.00,  0.00,  0.00,  0.00,  0.00,  0.00,  0.00,  0.00,  0.00,  0.00,  0.00,  0.00,  0.00,  0.00,  0.00,  0.00,  0.00,  0.00,   0.00,   0.00, -19.05,   0.00,   0.00,  1.00,   0.380,   0.000,  -0.236,  -0.152,    2.715,    0.821
WIN51-MAX,>39256,   7.84,   9.80,   51, 100.00, 19.61,  3.92, 11.76,  3.92,  7.84, 15.69,  3.92, 11.76,  9.80, 15.69,  5.88, 13.73,  9.80,  9.80,  7.84, 13.73,  9.80, 15.69,  9.80,  5.88,  13.73,  15.69,  11.76,  25.49,  15.69, 11.46,   0.603,   0.118,   0.470,   0.019,    4.109,    1.118
WIN51-MIN,>39256,  -3.92,   0.00,   51, 100.00,  0.00,  0.00,  0.00,  0.00,  0.00,  0.00,  0.00,  0.00,  0.00,  0.00,  0.00,  0.00,  0.00,  0.00,  0.00,  0.00,  0.00,  0.00,  0.00,  0.00,   0.00,   1.96,  -9.80,   5.88,   0.00,  1.00,   0.437,   0.000,   0.015,  -0.105,    3.412,    0.932

WHOLE-SEQ,>48451,   1.65,   3.96,  303, 100.00, 11.22,  0.66,  6.27,  2.31,  3.63,  8.25,  0.66,  5.61,  4.29,  7.59,  1.98,  7.26,  4.62,  5.94,  2.64,  7.26,  5.28,  9.24,  2.64,  2.64,   6.93,   8.58,  -1.65,  15.51,   8.91,  5.01,   0.495,   0.017,   0.212,  -0.061,    4.072,    0.998
WIN21-MAX,>48451,  14.29,  14.29,   21, 100.00, 28.57,  9.52, 14.29,  9.52,  9.52, 28.57,  4.76, 14.29, 14.29, 28.57,  9.52, 19.05, 19.05, 14.29,  9.52, 23.81, 28.57, 28.57,  9.52,  9.52,  23.81,  19.05,  23.81,  33.33,  19.05, 14.00,   0.659,   0.238,   0.637,   0.099,    3.880,    1.220
WIN21-MIN,>48451,  -9.52,  -4.76,   21, 100.00,  0.00,  0.00,  0.00,  0.00,  0.00,  0.00,  0.00,  0.00,  0.00,  0.00,  0.00,  0.00,  0.00,  0.00,  0.00,  0.00,  0.00,  0.00,  0.00,  0.00,   0.00,   0.00, -19.05,   0.00,   0.00,  1.00,   0.394,   0.000,  -0.202,  -0.152,    2.715,    0.828
WIN51-MAX,>48451,   7.84,   9.80,   51, 100.00, 19.61,  3.92, 11.76,  5.88,  7.84, 15.69,  3.92,  9.80,  9.80, 15.69,  5.88, 11.76,  9.80,  9.80,  7.84, 13.73, 11.76, 15.69,  9.80,  5.88,  13.73,  15.69,   9.80,  25.49,  17.65, 10.98,   0.604,   0.098,   0.473,   0.020,    4.109,    1.124
WIN51-MIN,>48451,  -3.92,   0.00,   51, 100.00,  0.00,  0.00,  0.00,  0.00,  0.00,  0.00,  0.00,  0.00,  0.00,  0.00,  0.00,  0.00,  0.00,  0.00,  0.00,  0.00,  0.00,  0.00,  0.00,  0.00,   0.00,   1.96,  -9.80,   5.88,   0.00,  1.00,   0.441,   0.000,   0.027,  -0.105,    3.412,    0.932

WHOLE-SEQ,>108024,   1.65,   3.96,  303, 100.00, 11.22,  0.66,  6.27,  2.31,  3.30,  8.25,  0.66,  5.94,  4.29,  7.59,  2.31,  7.26,  4.62,  5.94,  2.64,  7.26,  5.28,  8.91,  2.64,  2.64,   6.93,   8.58,  -1.65,  15.51,   8.58,  5.01,   0.495,   0.017,   0.211,  -0.061,    4.077,    0.996
WIN21-MAX,>108024,  14.29,  14.29,   21, 100.00, 28.57,  9.52, 14.29, 14.29,  9.52, 28.57,  4.76, 14.29, 14.29, 28.57,  9.52, 19.05, 19.05, 14.29,  9.52, 23.81, 23.81, 28.57,  9.52,  9.52,  23.81,  23.81,  23.81,  33.33,  19.05, 14.00,   0.659,   0.238,   0.637,   0.099,    3.880,    1.199
WIN21-MIN,>108024,  -9.52,  -9.52,   21, 100.00,  0.00,  0.00,  0.00,  0.00,  0.00,  0.00,  0.00,  0.00,  0.00,  0.00,  0.00,  0.00,  0.00,  0.00,  0.00,  0.00,  0.00,  0.00,  0.00,  0.00,   0.00,   0.00, -23.81,   0.00,   0.00,  1.00,   0.380,   0.000,  -0.283,  -0.152,    2.715,    0.826
WIN51-MAX,>108024,   7.84,   9.80,   51, 100.00, 19.61,  3.92, 11.76,  5.88,  7.84, 15.69,  3.92, 11.76,  9.80, 15.69,  5.88, 13.73,  9.80,  9.80,  7.84, 13.73,  9.80, 15.69,  9.80,  5.88,  13.73,  15.69,  11.76,  25.49,  17.65, 11.46,   0.603,   0.118,   0.470,   0.020,    4.109,    1.131
WIN51-MIN,>108024,  -3.92,  -1.96,   51, 100.00,  0.00,  0.00,  0.00,  0.00,  0.00,  0.00,  0.00,  0.00,  0.00,  0.00,  0.00,  0.00,  0.00,  0.00,  0.00,  0.00,  0.00,  0.00,  0.00,  0.00,   0.00,   1.96,  -9.80,   5.88,   0.00,  1.00,   0.438,   0.000,  -0.022,  -0.108,    3.412,    0.932

WHOLE-SEQ,>120238,   1.98,   4.29,  303, 100.00, 11.22,  0.99,  6.27,  1.98,  3.30,  8.25,  0.99,  5.61,  4.29,  7.59,  1.98,  7.92,  4.62,  5.94,  2.31,  6.60,  5.94,  8.91,  2.64,  2.64,   6.60,   8.25,  -1.65,  14.85,   8.58,  5.18,   0.493,   0.017,   0.205,  -0.057,    4.081,    0.996
WIN21-MAX,>120238,  14.29,  14.29,   21, 100.00, 28.57,  9.52, 14.29,  9.52, 14.29, 28.57,  9.52, 14.29, 14.29, 28.57,  9.52, 19.05, 19.05, 14.29,  9.52, 19.05, 28.57, 28.57,  9.52,  9.52,  23.81,  19.05,  23.81,  33.33,  23.81, 14.00,   0.659,   0.238,   0.637,   0.091,    3.880,    1.199
WIN21-MIN,>120238,  -9.52,  -4.76,   21, 100.00,  0.00,  0.00,  0.00,  0.00,  0.00,  0.00,  0.00,  0.00,  0.00,  0.00,  0.00,  0.00,  0.00,  0.00,  0.00,  0.00,  0.00,  0.00,  0.00,  0.00,   0.00,   0.00, -19.05,   0.00,   0.00,  1.00,   0.380,   0.000,  -0.236,  -0.152,    2.715,    0.821
WIN51-MAX,>120238,   7.84,   9.80,   51, 100.00, 19.61,  3.92, 11.76,  3.92,  7.84, 15.69,  5.88,  9.80,  9.80, 15.69,  3.92, 15.69,  9.80,  9.80,  7.84, 11.76, 11.76, 15.69,  9.80,  5.88,  13.73,  15.69,  11.76,  25.49,  15.69, 11.46,   0.603,   0.118,   0.470,   0.016,    4.109,    1.115
WIN51-MIN,>120238,  -3.92,   0.00,   51, 100.00,  0.00,  0.00,  0.00,  0.00,  0.00,  0.00,  0.00,  0.00,  0.00,  0.00,  0.00,  0.00,  0.00,  0.00,  0.00,  0.00,  0.00,  0.00,  0.00,  0.00,   0.00,   1.96,  -9.80,   5.88,   0.00,  1.00,   0.438,   0.000,  -0.019,  -0.105,    3.412,    0.932

WHOLE-SEQ,>123683,   1.98,   3.63,  303, 100.00, 11.22,  0.66,  5.94,  2.31,  3.30,  8.25,  0.66,  5.61,  4.29,  7.59,  2.31,  7.59,  4.62,  6.27,  2.31,  6.93,  5.94,  8.91,  2.64,  2.64,   6.60,   8.25,  -1.65,  14.85,   8.58,  4.99,   0.494,   0.017,   0.207,  -0.060,    4.073,    0.995
WIN21-MAX,>123683,  14.29,  14.29,   21, 100.00, 28.57,  9.52, 14.29,  9.52, 14.29, 28.57,  4.76, 14.29, 14.29, 28.57,  9.52, 19.05, 19.05, 14.29,  9.52, 23.81, 28.57, 28.57,  9.52,  9.52,  23.81,  19.05,  23.81,  33.33,  23.81, 14.00,   0.659,   0.238,   0.637,   0.097,    3.880,    1.199
WIN21-MIN,>123683,  -9.52,  -4.76,   21, 100.00,  0.00,  0.00,  0.00,  0.00,  0.00,  0.00,  0.00,  0.00,  0.00,  0.00,  0.00,  0.00,  0.00,  0.00,  0.00,  0.00,  0.00,  0.00,  0.00,  0.00,   0.00,   0.00, -19.05,   0.00,   0.00,  1.00,   0.380,   0.000,  -0.236,  -0.152,    2.715,    0.821
WIN51-MAX,>123683,   7.84,   9.80,   51, 100.00, 19.61,  3.92, 11.76,  5.88,  7.84, 15.69,  3.92,  9.80,  9.80, 15.69,  5.88, 13.73,  9.80,  9.80,  7.84, 13.73, 13.73, 15.69,  9.80,  5.88,  13.73,  15.69,   9.80,  25.49,  15.69, 10.98,   0.603,   0.098,   0.470,   0.019,    4.109,    1.111
WIN51-MIN,>123683,  -3.92,   0.00,   51, 100.00,  0.00,  0.00,  0.00,  0.00,  0.00,  0.00,  0.00,  0.00,  0.00,  0.00,  0.00,  0.00,  0.00,  0.00,  0.00,  0.00,  0.00,  0.00,  0.00,  0.00,   0.00,   1.96,  -9.80,   5.88,   0.00,  1.00,   0.437,   0.000,  -0.005,  -0.110,    3.412,    0.930

WHOLE-SEQ,>34972,   1.32,   3.96,  303, 100.00, 11.22,  0.66,  6.27,  2.31,  3.30,  8.25,  0.66,  5.61,  4.29,  7.59,  2.31,  7.26,  4.62,  5.61,  2.97,  6.93,  5.61,  9.24,  2.64,  2.64,   7.26,   8.58,  -1.32,  15.84,   8.58,  5.23,   0.495,   0.013,   0.213,  -0.061,    4.079,    0.998
WIN21-MAX,>34972,   9.52,  14.29,   21, 100.00, 28.57,  9.52, 14.29,  9.52,  9.52, 28.57,  4.76, 14.29, 14.29, 28.57,  9.52, 19.05, 19.05, 14.29,  9.52, 19.05, 28.57, 28.57,  9.52,  9.52,  23.81,  19.05,  23.81,  33.33,  19.05, 14.00,   0.659,   0.238,   0.637,   0.093,    3.880,    1.199
WIN21-MIN,>34972,  -9.52,  -4.76,   21, 100.00,  0.00,  0.00,  0.00,  0.00,  0.00,  0.00,  0.00,  0.00,  0.00,  0.00,  0.00,  0.00,  0.00,  0.00,  0.00,  0.00,  0.00,  0.00,  0.00,  0.00,   0.00,   0.00, -19.05,   0.00,   0.00,  1.00,   0.394,   0.000,  -0.202,  -0.152,    2.715,    0.835
WIN51-MAX,>34972,   7.84,   9.80,   51, 100.00, 19.61,  3.92, 11.76,  5.88,  7.84, 15.69,  3.92,  9.80,  9.80, 15.69,  5.88, 11.76,  9.80,  7.84,  7.84, 11.76, 11.76, 15.69,  9.80,  5.88,  13.73,  15.69,   9.80,  25.49,  17.65, 11.26,   0.603,   0.098,   0.470,   0.017,    4.109,    1.124
WIN51-MIN,>34972,  -3.92,   0.00,   51, 100.00,  0.00,  0.00,  0.00,  0.00,  0.00,  0.00,  0.00,  0.00,  0.00,  0.00,  0.00,  0.00,  0.00,  0.00,  0.00,  0.00,  0.00,  0.00,  0.00,  0.00,   0.00,   1.96,  -9.80,   5.88,   0.00,  1.00,   0.441,   0.000,   0.038,  -0.105,    3.412,    0.932

WHOLE-SEQ,>10659,   1.65,   4.29,  303, 100.00, 11.22,  0.66,  6.27,  1.98,  3.30,  8.25,  0.66,  5.94,  4.62,  7.59,  1.98,  7.26,  4.29,  5.94,  2.97,  7.26,  5.28,  9.24,  2.64,  2.64,   7.59,   8.25,  -0.66,  15.84,   8.58,  5.85,   0.495,   0.007,   0.220,  -0.064,    4.068,    1.000
WIN21-MAX,>10659,   9.52,  14.29,   21, 100.00, 28.57,  9.52, 14.29,  9.52,  9.52, 28.57,  4.76, 14.29, 14.29, 28.57,  9.52, 19.05, 19.05, 14.29,  9.52, 23.81, 23.81, 28.57,  9.52,  9.52,  23.81,  19.05,  23.81,  33.33,  19.05, 14.00,   0.659,   0.238,   0.637,   0.099,    3.880,    1.220
WIN21-MIN,>10659,  -9.52,  -4.76,   21, 100.00,  0.00,  0.00,  0.00,  0.00,  0.00,  0.00,  0.00,  0.00,  0.00,  0.00,  0.00,  0.00,  0.00,  0.00,  0.00,  0.00,  0.00,  0.00,  0.00,  0.00,   0.00,   0.00, -19.05,   0.00,   0.00,  1.00,   0.394,   0.000,  -0.202,  -0.183,    2.715,    0.828
WIN51-MAX,>10659,   7.84,   9.80,   51, 100.00, 19.61,  3.92, 11.76,  3.92,  7.84, 15.69,  3.92, 11.76,  9.80, 15.69,  5.88, 13.73,  9.80,  9.80,  7.84, 13.73, 11.76, 15.69,  9.80,  5.88,  15.69,  15.69,  11.76,  27.45,  15.69, 11.46,   0.604,   0.118,   0.473,   0.020,    4.045,    1.122
WIN51-MIN,>10659,  -1.96,   0.00,   51, 100.00,  0.00,  0.00,  0.00,  0.00,  0.00,  0.00,  0.00,  0.00,  0.00,  0.00,  0.00,  0.00,  0.00,  0.00,  0.00,  0.00,  0.00,  0.00,  0.00,  0.00,   0.00,   1.96,  -9.80,   5.88,   0.00,  1.00,   0.447,   0.000,   0.024,  -0.123,    3.412,    0.932

WHOLE-SEQ,>34737,   1.65,   3.96,  303, 100.00, 11.22,  0.66,  5.94,  1.98,  3.63,  8.25,  0.66,  5.61,  4.29,  7.59,  1.98,  8.25,  4.62,  5.94,  2.64,  6.60,  5.61,  9.24,  2.64,  2.64,   6.93,   7.92,  -0.99,  14.85,   8.91,  5.43,   0.494,   0.010,   0.216,  -0.060,    4.066,    0.998
WIN21-MAX,>34737,   9.52,  14.29,   21, 100.00, 28.57,  9.52, 14.29,  9.52, 14.29, 28.57,  4.76, 14.29, 14.29, 28.57,  9.52, 19.05, 19.05, 14.29,  9.52, 19.05, 28.57, 28.57,  9.52,  9.52,  23.81,  19.05,  23.81,  33.33,  23.81, 14.00,   0.659,   0.238,   0.637,   0.091,    3.880,    1.220
WIN21-MIN,>34737,  -9.52,  -4.76,   21, 100.00,  0.00,  0.00,  0.00,  0.00,  0.00,  0.00,  0.00,  0.00,  0.00,  0.00,  0.00,  0.00,  0.00,  0.00,  0.00,  0.00,  0.00,  0.00,  0.00,  0.00,   0.00,   0.00, -19.05,   0.00,   0.00,  1.00,   0.394,   0.000,  -0.202,  -0.152,    2.715,    0.835
WIN51-MAX,>34737,   7.84,   9.80,   51, 100.00, 19.61,  3.92, 11.76,  3.92,  7.84, 15.69,  3.92,  9.80,  9.80, 15.69,  5.88, 15.69,  9.80,  9.80,  7.84, 11.76, 11.76, 15.69,  9.80,  5.88,  13.73,  15.69,  11.76,  25.49,  15.69, 11.46,   0.604,   0.118,   0.473,   0.016,    4.109,    1.104
WIN51-MIN,>34737,  -3.92,   0.00,   51, 100.00,  0.00,  0.00,  0.00,  0.00,  0.00,  0.00,  0.00,  0.00,  0.00,  0.00,  0.00,  0.00,  0.00,  0.00,  0.00,  0.00,  0.00,  0.00,  0.00,  0.00,   0.00,   1.96,  -9.80,   5.88,   0.00,  1.00,   0.441,   0.000,  -0.024,  -0.105,    3.412,    0.932

WHOLE-SEQ,>106842,   1.65,   3.63,  303, 100.00, 11.22,  0.66,  5.94,  2.31,  3.30,  8.25,  0.66,  5.61,  4.29,  7.59,  2.31,  7.59,  4.62,  5.94,  2.64,  6.93,  5.94,  8.91,  2.64,  2.64,   6.93,   8.25,  -1.32,  15.18,   8.58,  5.22,   0.493,   0.013,   0.209,  -0.060,    4.077,    0.996
WIN21-MAX,>106842,  14.29,  14.29,   21, 100.00, 28.57,  9.52, 14.29, 14.29,  9.52, 28.57,  4.76, 14.29, 14.29, 28.57,  9.52, 19.05, 19.05, 14.29,  9.52, 23.81, 28.57, 28.57,  9.52,  9.52,  23.81,  23.81,  23.81,  33.33,  19.05, 14.00,   0.659,   0.238,   0.637,   0.099,    3.880,    1.199
WIN21-MIN,>106842,  -9.52,  -9.52,   21, 100.00,  0.00,  0.00,  0.00,  0.00,  0.00,  0.00,  0.00,  0.00,  0.00,  0.00,  0.00,  0.00,  0.00,  0.00,  0.00,  0.00,  0.00,  0.00,  0.00,  0.00,   0.00,   0.00, -23.81,   0.00,   0.00,  1.00,   0.380,   0.000,  -0.283,  -0.152,    2.715,    0.826
WIN51-MAX,>106842,   7.84,   9.80,   51, 100.00, 19.61,  3.92, 11.76,  5.88,  7.84, 15.69,  3.92,  9.80,  9.80, 15.69,  5.88, 15.69,  9.80,  9.80,  7.84, 13.73, 13.73, 15.69,  9.80,  5.88,  13.73,  15.69,  11.76,  25.49,  17.65, 11.46,   0.603,   0.118,   0.470,   0.020,    4.109,    1.117
WIN51-MIN,>106842,  -3.92,  -1.96,   51, 100.00,  0.00,  0.00,  0.00,  0.00,  0.00,  0.00,  0.00,  0.00,  0.00,  0.00,  0.00,  0.00,  0.00,  0.00,  0.00,  0.00,  0.00,  0.00,  0.00,  0.00,   0.00,   1.96,  -9.80,   5.88,   0.00,  1.00,   0.438,   0.000,  -0.022,  -0.110,    3.412,    0.932

WHOLE-SEQ,>11897,   1.98,   4.29,  303, 100.00, 11.55,  0.66,  6.27,  1.98,  3.30,  8.25,  0.99,  5.94,  4.62,  7.59,  1.98,  7.26,  4.62,  5.61,  2.64,  6.93,  5.94,  8.91,  2.31,  2.64,   7.26,   8.25,  -0.99,  15.51,   8.25,  5.74,   0.495,   0.010,   0.218,  -0.060,    4.072,    0.997
WIN21-MAX,>11897,  14.29,  14.29,   21, 100.00, 28.57,  9.52, 14.29,  9.52,  9.52, 28.57,  9.52, 14.29, 14.29, 28.57,  9.52, 19.05, 19.05, 14.29,  9.52, 19.05, 23.81, 28.57,  9.52,  9.52,  23.81,  19.05,  23.81,  33.33,  19.05, 14.00,   0.659,   0.238,   0.637,   0.092,    3.916,    1.220
WIN21-MIN,>11897,  -9.52,  -4.76,   21, 100.00,  0.00,  0.00,  0.00,  0.00,  0.00,  0.00,  0.00,  0.00,  0.00,  0.00,  0.00,  0.00,  0.00,  0.00,  0.00,  0.00,  0.00,  0.00,  0.00,  0.00,   0.00,   0.00, -19.05,   0.00,   0.00,  1.00,   0.380,   0.000,  -0.236,  -0.152,    2.715,    0.820
WIN51-MAX,>11897,   7.84,   9.80,   51, 100.00, 19.61,  3.92, 11.76,  3.92,  7.84, 15.69,  5.88, 11.76,  9.80, 15.69,  5.88, 13.73,  9.80,  7.84,  7.84, 11.76, 11.76, 15.69,  9.80,  5.88,  13.73,  15.69,  11.76,  25.49,  15.69, 11.46,   0.604,   0.118,   0.473,   0.017,    4.109,    1.122
WIN51-MIN,>11897,  -3.92,   0.00,   51, 100.00,  0.00,  0.00,  0.00,  0.00,  0.00,  0.00,  0.00,  0.00,  0.00,  0.00,  0.00,  0.00,  0.00,  0.00,  0.00,  0.00,  0.00,  0.00,  0.00,  0.00,   0.00,   1.96,  -9.80,   5.88,   0.00,  1.00,   0.437,   0.000,   0.015,  -0.110,    3.412,    0.932

WHOLE-SEQ,>5609,   1.65,   4.29,  303, 100.00, 11.22,  0.66,  6.27,  1.98,  3.63,  8.25,  0.66,  5.94,  4.29,  7.59,  1.98,  7.59,  4.29,  6.27,  2.64,  6.93,  5.61,  8.91,  2.64,  2.64,   6.93,   8.25,  -1.32,  15.18,   8.91,  5.20,   0.495,   0.013,   0.213,  -0.062,    4.068,    0.999
WIN21-MAX,>5609,   9.52,  14.29,   21, 100.00, 28.57,  9.52, 14.29,  9.52, 14.29, 28.57,  4.76, 14.29, 14.29, 28.57,  9.52, 19.05, 19.05, 14.29,  9.52, 19.05, 23.81, 28.57,  9.52,  9.52,  23.81,  19.05,  23.81,  33.33,  23.81, 14.00,   0.659,   0.238,   0.637,   0.091,    3.880,    1.220
WIN21-MIN,>5609,  -9.52,  -4.76,   21, 100.00,  0.00,  0.00,  0.00,  0.00,  0.00,  0.00,  0.00,  0.00,  0.00,  0.00,  0.00,  0.00,  0.00,  0.00,  0.00,  0.00,  0.00,  0.00,  0.00,  0.00,   0.00,   0.00, -19.05,   0.00,   0.00,  1.00,   0.380,   0.000,  -0.236,  -0.183,    2.715,    0.821
WIN51-MAX,>5609,   7.84,   9.80,   51, 100.00, 19.61,  3.92, 11.76,  3.92,  7.84, 15.69,  3.92, 11.76,  9.80, 15.69,  5.88, 13.73,  9.80,  9.80,  7.84, 11.76,  9.80, 15.69,  9.80,  5.88,  15.69,  15.69,  11.76,  27.45,  15.69, 11.46,   0.604,   0.118,   0.473,   0.016,    4.045,    1.118
WIN51-MIN,>5609,  -1.96,   0.00,   51, 100.00,  0.00,  0.00,  0.00,  0.00,  0.00,  0.00,  0.00,  0.00,  0.00,  0.00,  0.00,  0.00,  0.00,  0.00,  0.00,  0.00,  0.00,  0.00,  0.00,  0.00,   0.00,   1.96,  -9.80,   5.88,   0.00,  1.00,   0.438,   0.000,  -0.003,  -0.118,    3.412,    0.932

WHOLE-SEQ,>37842,   1.32,   3.96,  303, 100.00, 11.22,  0.66,  6.27,  2.31,  3.63,  8.25,  0.66,  5.94,  4.29,  7.59,  1.98,  7.59,  4.62,  5.61,  2.97,  6.60,  5.61,  8.91,  2.64,  2.64,   7.26,   8.58,  -1.32,  15.84,   8.91,  5.23,   0.494,   0.013,   0.212,  -0.061,    4.079,    0.998
WIN21-MAX,>37842,   9.52,  14.29,   21, 100.00, 28.57,  9.52, 14.29,  9.52,  9.52, 28.57,  4.76, 14.29, 14.29, 28.57,  9.52, 19.05, 19.05, 14.29,  9.52, 19.05, 23.81, 28.57,  9.52,  9.52,  23.81,  19.05,  23.81,  33.33,  19.05, 14.00,   0.659,   0.238,   0.637,   0.093,    3.916,    1.220
WIN21-MIN,>37842,  -9.52,  -4.76,   21, 100.00,  0.00,  0.00,  0.00,  0.00,  0.00,  0.00,  0.00,  0.00,  0.00,  0.00,  0.00,  0.00,  0.00,  0.00,  0.00,  0.00,  0.00,  0.00,  0.00,  0.00,   0.00,   0.00, -19.05,   0.00,   0.00,  1.00,   0.380,   0.000,  -0.236,  -0.152,    2.715,    0.821
WIN51-MAX,>37842,   7.84,   9.80,   51, 100.00, 19.61,  3.92, 11.76,  5.88,  7.84, 15.69,  3.92, 11.76,  9.80, 15.69,  5.88, 13.73,  9.80,  7.84,  7.84, 11.76,  9.80, 15.69,  9.80,  5.88,  13.73,  15.69,   9.80,  25.49,  17.65, 11.26,   0.604,   0.098,   0.473,   0.017,    4.109,    1.128
WIN51-MIN,>37842,  -3.92,   0.00,   51, 100.00,  0.00,  0.00,  0.00,  0.00,  0.00,  0.00,  0.00,  0.00,  0.00,  0.00,  0.00,  0.00,  0.00,  0.00,  0.00,  0.00,  0.00,  0.00,  0.00,  0.00,   0.00,   1.96,  -9.80,   5.88,   0.00,  1.00,   0.437,   0.000,   0.015,  -0.107,    3.412,    0.932

WHOLE-SEQ,>76730,   1.65,   3.96,  303, 100.00, 11.22,  0.99,  5.94,  1.98,  3.30,  8.25,  0.99,  5.61,  4.29,  7.59,  1.98,  7.92,  4.62,  5.94,  2.64,  6.60,  5.94,  8.91,  2.64,  2.64,   6.93,   7.92,  -0.99,  14.85,   8.58,  5.73,   0.492,   0.010,   0.211,  -0.058,    4.085,    0.997
WIN21-MAX,>76730,  14.29,  14.29,   21, 100.00, 28.57,  9.52, 14.29,  9.52,  9.52, 28.57,  9.52, 14.29, 14.29, 28.57,  9.52, 19.05, 19.05, 14.29,  9.52, 19.05, 23.81, 28.57,  9.52,  9.52,  23.81,  19.05,  23.81,  33.33,  19.05, 14.00,   0.659,   0.238,   0.637,   0.093,    3.880,    1.220
WIN21-MIN,>76730,  -9.52,  -4.76,   21, 100.00,  0.00,  0.00,  0.00,  0.00,  0.00,  0.00,  0.00,  0.00,  0.00,  0.00,  0.00,  0.00,  0.00,  0.00,  0.00,  0.00,  0.00,  0.00,  0.00,  0.00,   0.00,   0.00, -19.05,   0.00,   0.00,  1.00,   0.380,   0.000,  -0.236,  -0.152,    2.715,    0.821
WIN51-MAX,>76730,   7.84,   9.80,   51, 100.00, 19.61,  3.92, 11.76,  3.92,  7.84, 15.69,  5.88, 11.76,  9.80, 15.69,  3.92, 15.69,  9.80,  9.80,  7.84, 11.76, 11.76, 15.69,  9.80,  5.88,  13.73,  15.69,  11.76,  25.49,  15.69, 11.46,   0.604,   0.118,   0.473,   0.017,    4.109,    1.124
WIN51-MIN,>76730,  -3.92,   0.00,   51, 100.00,  0.00,  0.00,  0.00,  0.00,  0.00,  0.00,  0.00,  0.00,  0.00,  0.00,  0.00,  0.00,  0.00,  0.00,  0.00,  0.00,  0.00,  0.00,  0.00,  0.00,   0.00,   1.96,  -9.80,   5.88,   0.00,  1.00,   0.436,   0.000,  -0.003,  -0.110,    3.412,    0.932

WHOLE-SEQ,>17957,   1.65,   4.29,  303, 100.00, 11.22,  0.99,  6.27,  1.98,  2.97,  8.25,  0.66,  5.94,  4.29,  7.59,  1.98,  7.59,  4.62,  6.27,  2.64,  6.60,  5.94,  8.91,  2.64,  2.64,   6.93,   8.25,  -1.32,  15.18,   8.25,  5.20,   0.493,   0.013,   0.209,  -0.060,    4.074,    0.997
WIN21-MAX,>17957,  14.29,  14.29,   21, 100.00, 28.57,  9.52, 14.29,  9.52,  9.52, 28.57,  4.76, 14.29, 14.29, 28.57,  9.52, 19.05, 19.05, 14.29,  9.52, 19.05, 23.81, 28.57,  9.52,  9.52,  23.81,  19.05,  23.81,  33.33,  19.05, 14.00,   0.659,   0.238,   0.637,   0.093,    3.880,    1.199
WIN21-MIN,>17957,  -9.52,  -4.76,   21, 100.00,  0.00,  0.00,  0.00,  0.00,  0.00,  0.00,  0.00,  0.00,  0.00,  0.00,  0.00,  0.00,  0.00,  0.00,  0.00,  0.00,  0.00,  0.00,  0.00,  0.00,   0.00,   0.00, -19.05,   0.00,   0.00,  1.00,   0.380,   0.000,  -0.236,  -0.152,    2.715,    0.821
WIN51-MAX,>17957,   7.84,   9.80,   51, 100.00, 19.61,  3.92, 11.76,  3.92,  7.84, 15.69,  3.92, 11.76,  9.80, 15.69,  3.92, 15.69,  9.80,  9.80,  7.84, 11.76, 11.76, 15.69,  9.80,  5.88,  13.73,  15.69,  11.76,  25.49,  15.69, 11.46,   0.603,   0.118,   0.470,   0.017,    4.109,    1.120
WIN51-MIN,>17957,  -3.92,   0.00,   51, 100.00,  0.00,  0.00,  0.00,  0.00,  0.00,  0.00,  0.00,  0.00,  0.00,  0.00,  0.00,  0.00,  0.00,  0.00,  0.00,  0.00,  0.00,  0.00,  0.00,  0.00,   0.00,   1.96,  -9.80,   5.88,   0.00,  1.00,   0.438,   0.000,  -0.003,  -0.110,    3.412,    0.932

WHOLE-SEQ,>37915,   1.32,   4.29,  303, 100.00, 11.22,  0.66,  6.27,  1.98,  3.30,  8.25,  0.66,  5.94,  4.29,  7.59,  2.31,  7.59,  4.62,  5.61,  2.97,  6.93,  5.61,  8.91,  2.64,  2.64,   7.26,   8.25,  -0.99,  15.51,   8.58,  5.44,   0.495,   0.010,   0.217,  -0.060,    4.075,    0.997
WIN21-MAX,>37915,   9.52,  14.29,   21, 100.00, 28.57,  9.52, 14.29,  9.52,  9.52, 28.57,  4.76, 14.29, 14.29, 28.57,  9.52, 19.05, 19.05, 14.29,  9.52, 23.81, 23.81, 28.57,  9.52,  9.52,  23.81,  19.05,  23.81,  33.33,  19.05, 14.00,   0.659,   0.238,   0.637,   0.099,    3.916,    1.199
WIN21-MIN,>37915,  -9.52,  -4.76,   21, 100.00,  0.00,  0.00,  0.00,  0.00,  0.00,  0.00,  0.00,  0.00,  0.00,  0.00,  0.00,  0.00,  0.00,  0.00,  0.00,  0.00,  0.00,  0.00,  0.00,  0.00,   0.00,   0.00, -19.05,   0.00,   0.00,  1.00,   0.380,   0.000,  -0.236,  -0.152,    2.715,    0.821
WIN51-MAX,>37915,   7.84,   9.80,   51, 100.00, 19.61,  3.92, 11.76,  3.92,  7.84, 15.69,  3.92, 11.76,  9.80, 15.69,  5.88, 15.69,  9.80,  7.84,  7.84, 13.73, 11.76, 15.69,  9.80,  5.88,  13.73,  15.69,  11.76,  25.49,  17.65, 11.46,   0.603,   0.118,   0.470,   0.020,    4.109,    1.126
WIN51-MIN,>37915,  -3.92,   0.00,   51, 100.00,  0.00,  0.00,  0.00,  0.00,  0.00,  0.00,  0.00,  0.00,  0.00,  0.00,  0.00,  0.00,  0.00,  0.00,  0.00,  0.00,  0.00,  0.00,  0.00,  0.00,   0.00,   1.96,  -9.80,   5.88,   0.00,  1.00,   0.437,   0.000,   0.015,  -0.110,    3.412,    0.932

WHOLE-SEQ,>88742,   1.65,   3.96,  303, 100.00, 11.22,  0.99,  5.94,  1.98,  2.97,  8.25,  0.66,  5.94,  4.62,  7.59,  1.98,  7.59,  4.29,  5.94,  2.97,  6.93,  5.61,  9.24,  2.64,  2.64,   7.59,   7.92,  -0.33,  15.51,   8.25,  6.42,   0.495,   0.003,   0.223,  -0.063,    4.075,    1.002
WIN21-MAX,>88742,   9.52,  14.29,   21, 100.00, 28.57,  9.52, 14.29,  9.52,  9.52, 28.57,  4.76, 14.29, 14.29, 28.57,  9.52, 19.05, 19.05, 14.29,  9.52, 19.05, 23.81, 28.57,  9.52,  9.52,  23.81,  19.05,  23.81,  33.33,  19.05, 14.00,   0.659,   0.238,   0.637,   0.093,    3.880,    1.199
WIN21-MIN,>88742,  -9.52,  -4.76,   21, 100.00,  0.00,  0.00,  0.00,  0.00,  0.00,  0.00,  0.00,  0.00,  0.00,  0.00,  0.00,  0.00,  0.00,  0.00,  0.00,  0.00,  0.00,  0.00,  0.00,  0.00,   0.00,   0.00, -19.05,   0.00,   0.00,  1.00,   0.394,   0.000,  -0.202,  -0.183,    2.715,    0.835
WIN51-MAX,>88742,   7.84,   9.80,   51, 100.00, 19.61,  3.92, 11.76,  3.92,  7.84, 15.69,  3.92, 11.76,  9.80, 15.69,  3.92, 13.73,  9.80,  9.80,  7.84, 11.76, 11.76, 15.69,  9.80,  5.88,  15.69,  15.69,  11.76,  27.45,  15.69, 11.46,   0.603,   0.118,   0.470,   0.017,    4.045,    1.124
WIN51-MIN,>88742,  -1.96,   0.00,   51, 100.00,  0.00,  0.00,  0.00,  0.00,  0.00,  0.00,  0.00,  0.00,  0.00,  0.00,  0.00,  0.00,  0.00,  0.00,  0.00,  0.00,  0.00,  0.00,  0.00,  0.00,   0.00,   1.96,  -9.80,   5.88,   0.00,  1.00,   0.447,   0.000,   0.027,  -0.123,    3.412,    0.932

WHOLE-SEQ,>88040,   1.32,   4.29,  303, 100.00, 11.22,  0.99,  6.27,  1.98,  3.63,  8.25,  0.66,  5.94,  4.29,  7.59,  1.65,  7.92,  4.62,  5.61,  2.97,  6.60,  5.28,  9.24,  2.64,  2.64,   7.26,   8.25,  -0.99,  15.51,   8.91,  5.44,   0.496,   0.010,   0.221,  -0.060,    4.074,    1.001
WIN21-MAX,>88040,   9.52,  14.29,   21, 100.00, 28.57,  9.52, 14.29,  9.52,  9.52, 28.57,  4.76, 14.29, 14.29, 28.57,  9.52, 19.05, 19.05, 14.29,  9.52, 19.05, 23.81, 28.57,  9.52,  9.52,  23.81,  19.05,  23.81,  33.33,  19.05, 14.00,   0.659,   0.238,   0.637,   0.093,    3.880,    1.220
WIN21-MIN,>88040,  -9.52,  -4.76,   21, 100.00,  0.00,  0.00,  0.00,  0.00,  0.00,  0.00,  0.00,  0.00,  0.00,  0.00,  0.00,  0.00,  0.00,  0.00,  0.00,  0.00,  0.00,  0.00,  0.00,  0.00,   0.00,   0.00, -19.05,   0.00,   0.00,  1.00,   0.394,   0.000,  -0.202,  -0.152,    2.715,    0.835
WIN51-MAX,>88040,   7.84,   9.80,   51, 100.00, 19.61,  3.92, 11.76,  3.92,  7.84, 15.69,  3.92, 11.76,  9.80, 15.69,  3.92, 15.69,  9.80,  7.84,  7.84, 11.76,  9.80, 15.69,  9.80,  5.88,  13.73,  15.69,  11.76,  25.49,  17.65, 11.46,   0.604,   0.118,   0.473,   0.017,    4.109,    1.133
WIN51-MIN,>88040,  -3.92,   0.00,   51, 100.00,  0.00,  0.00,  0.00,  0.00,  0.00,  0.00,  0.00,  0.00,  0.00,  0.00,  0.00,  0.00,  0.00,  0.00,  0.00,  0.00,  0.00,  0.00,  0.00,  0.00,   0.00,   1.96,  -9.80,   5.88,   0.00,  1.00,   0.447,   0.000,   0.044,  -0.105,    3.412,    0.932

WHOLE-SEQ,>40574,   1.65,   3.96,  303, 100.00, 11.22,  0.66,  6.27,  2.31,  3.30,  8.25,  0.99,  5.94,  4.29,  7.59,  1.98,  7.26,  4.62,  5.94,  2.64,  6.93,  5.28,  9.24,  2.64,  2.64,   6.93,   8.58,  -1.65,  15.51,   8.58,  5.21,   0.495,   0.017,   0.211,  -0.062,    4.080,    0.999
WIN21-MAX,>40574,  14.29,  14.29,   21, 100.00, 28.57,  9.52, 14.29, 14.29,  9.52, 28.57,  9.52, 14.29, 14.29, 28.57,  9.52, 19.05, 19.05, 14.29,  9.52, 19.05, 23.81, 28.57,  9.52,  9.52,  23.81,  23.81,  23.81,  33.33,  19.05, 14.00,   0.659,   0.238,   0.637,   0.093,    3.880,    1.220
WIN21-MIN,>40574,  -9.52,  -9.52,   21, 100.00,  0.00,  0.00,  0.00,  0.00,  0.00,  0.00,  0.00,  0.00,  0.00,  0.00,  0.00,  0.00,  0.00,  0.00,  0.00,  0.00,  0.00,  0.00,  0.00,  0.00,   0.00,   0.00, -23.81,   0.00,   0.00,  1.00,   0.394,   0.000,  -0.211,  -0.152,    2.715,    0.835
WIN51-MAX,>40574,   7.84,   9.80,   51, 100.00, 19.61,  3.92, 11.76,  5.88,  7.84, 15.69,  5.88, 11.76,  9.80, 15.69,  5.88, 13.73,  9.80,  9.80,  7.84, 11.76,  9.80, 15.69,  9.80,  5.88,  13.73,  15.69,  11.76,  25.49,  15.69, 11.46,   0.604,   0.118,   0.473,   0.017,    4.109,    1.122
WIN51-MIN,>40574,  -3.92,  -1.96,   51, 100.00,  0.00,  0.00,  0.00,  0.00,  0.00,  0.00,  0.00,  0.00,  0.00,  0.00,  0.00,  0.00,  0.00,  0.00,  0.00,  0.00,  0.00,  0.00,  0.00,  0.00,   0.00,   1.96,  -9.80,   5.88,   0.00,  1.00,   0.448,   0.000,   0.008,  -0.108,    3.412,    0.932

WHOLE-SEQ,>99985,   1.65,   3.96,  303, 100.00, 11.22,  0.66,  6.27,  2.31,  3.30,  8.25,  0.99,  5.94,  4.29,  7.59,  1.98,  7.26,  4.62,  5.94,  2.64,  6.93,  5.28,  9.24,  2.64,  2.64,   6.93,   8.58,  -1.65,  15.51,   8.58,  5.21,   0.495,   0.017,   0.211,  -0.062,    4.080,    0.999
WIN21-MAX,>99985,  14.29,  14.29,   21, 100.00, 28.57,  9.52, 14.29, 14.29,  9.52, 28.57,  9.52, 14.29, 14.29, 28.57,  9.52, 19.05, 19.05, 14.29,  9.52, 23.81, 23.81, 28.57,  9.52,  9.52,  23.81,  23.81,  23.81,  33.33,  19.05, 14.00,   0.659,   0.238,   0.637,   0.099,    3.880,    1.220
WIN21-MIN,>99985,  -9.52,  -9.52,   21, 100.00,  0.00,  0.00,  0.00,  0.00,  0.00,  0.00,  0.00,  0.00,  0.00,  0.00,  0.00,  0.00,  0.00,  0.00,  0.00,  0.00,  0.00,  0.00,  0.00,  0.00,   0.00,   0.00, -23.81,   0.00,   0.00,  1.00,   0.394,   0.000,  -0.211,  -0.152,    2.715,    0.828
WIN51-MAX,>99985,   7.84,   9.80,   51, 100.00, 19.61,  3.92, 11.76,  5.88,  7.84, 15.69,  5.88, 11.76,  9.80, 15.69,  5.88, 15.69,  9.80,  9.80,  7.84, 13.73, 11.76, 15.69,  9.80,  5.88,  13.73,  15.69,  11.76,  25.49,  15.69, 11.46,   0.604,   0.118,   0.473,   0.020,    4.109,    1.118
WIN51-MIN,>99985,  -3.92,  -1.96,   51, 100.00,  0.00,  0.00,  0.00,  0.00,  0.00,  0.00,  0.00,  0.00,  0.00,  0.00,  0.00,  0.00,  0.00,  0.00,  0.00,  0.00,  0.00,  0.00,  0.00,  0.00,   0.00,   1.96,  -9.80,   5.88,   0.00,  1.00,   0.448,   0.000,   0.008,  -0.110,    3.412,    0.932

WHOLE-SEQ,>84044,   1.32,   3.63,  303, 100.00, 11.22,  0.99,  5.94,  2.31,  3.63,  8.25,  0.66,  5.94,  4.29,  7.59,  1.65,  7.59,  4.62,  5.61,  2.97,  6.60,  5.94,  8.91,  2.64,  2.64,   7.26,   8.25,  -0.99,  15.51,   8.91,  5.45,   0.495,   0.010,   0.218,  -0.061,    4.083,    1.001
WIN21-MAX,>84044,   9.52,  14.29,   21, 100.00, 28.57,  9.52, 14.29, 14.29,  9.52, 28.57,  4.76, 14.29, 14.29, 28.57,  9.52, 19.05, 19.05, 14.29,  9.52, 19.05, 23.81, 28.57,  9.52,  9.52,  23.81,  23.81,  23.81,  33.33,  19.05, 14.00,   0.659,   0.238,   0.637,   0.093,    3.880,    1.220
WIN21-MIN,>84044,  -9.52,  -9.52,   21, 100.00,  0.00,  0.00,  0.00,  0.00,  0.00,  0.00,  0.00,  0.00,  0.00,  0.00,  0.00,  0.00,  0.00,  0.00,  0.00,  0.00,  0.00,  0.00,  0.00,  0.00,   0.00,   0.00, -23.81,   0.00,   0.00,  1.00,   0.380,   0.000,  -0.283,  -0.152,    2.715,    0.826
WIN51-MAX,>84044,   7.84,   9.80,   51, 100.00, 19.61,  3.92, 11.76,  5.88,  7.84, 15.69,  3.92, 11.76,  9.80, 15.69,  3.92, 15.69,  9.80,  7.84,  7.84, 11.76, 11.76, 15.69,  9.80,  5.88,  13.73,  15.69,  11.76,  25.49,  17.65, 11.46,   0.604,   0.118,   0.473,   0.017,    4.109,    1.133
WIN51-MIN,>84044,  -3.92,  -1.96,   51, 100.00,  0.00,  0.00,  0.00,  0.00,  0.00,  0.00,  0.00,  0.00,  0.00,  0.00,  0.00,  0.00,  0.00,  0.00,  0.00,  0.00,  0.00,  0.00,  0.00,  0.00,   0.00,   1.96,  -9.80,   5.88,   0.00,  1.00,   0.437,   0.000,  -0.005,  -0.110,    3.412,    0.932

WHOLE-SEQ,>104520,   1.32,   3.96,  303, 100.00, 11.22,  0.99,  6.27,  2.31,  3.30,  8.25,  0.99,  5.61,  3.96,  7.59,  1.98,  7.59,  4.62,  5.94,  2.64,  6.60,  5.94,  8.91,  2.64,  2.64,   6.60,   8.58,  -1.98,  15.18,   8.58,  5.00,   0.493,   0.020,   0.201,  -0.059,    4.090,    0.996
WIN21-MAX,>104520,   9.52,  14.29,   21, 100.00, 28.57,  9.52, 14.29, 14.29, 14.29, 28.57,  9.52, 14.29, 14.29, 28.57,  9.52, 19.05, 19.05, 14.29,  9.52, 19.05, 28.57, 28.57,  9.52,  9.52,  23.81,  23.81,  23.81,  33.33,  23.81, 14.00,   0.659,   0.238,   0.637,   0.091,    3.880,    1.199
WIN21-MIN,>104520,  -9.52,  -9.52,   21, 100.00,  0.00,  0.00,  0.00,  0.00,  0.00,  0.00,  0.00,  0.00,  0.00,  0.00,  0.00,  0.00,  0.00,  0.00,  0.00,  0.00,  0.00,  0.00,  0.00,  0.00,   0.00,   0.00, -23.81,   0.00,   0.00,  1.00,   0.380,   0.000,  -0.283,  -0.152,    2.715,    0.826
WIN51-MAX,>104520,   7.84,   9.80,   51, 100.00, 19.61,  3.92, 11.76,  5.88,  7.84, 15.69,  5.88,  9.80,  9.80, 15.69,  3.92, 15.69,  9.80,  9.80,  7.84, 11.76, 11.76, 15.69,  9.80,  5.88,  13.73,  15.69,  11.76,  25.49,  15.69, 11.46,   0.603,   0.118,   0.470,   0.016,    4.109,    1.115
WIN51-MIN,>104520,  -3.92,  -1.96,   51, 100.00,  0.00,  0.00,  0.00,  0.00,  0.00,  0.00,  0.00,  0.00,  0.00,  0.00,  0.00,  0.00,  0.00,  0.00,  0.00,  0.00,  0.00,  0.00,  0.00,  0.00,   0.00,   1.96,  -9.80,   5.88,   0.00,  1.00,   0.438,   0.000,  -0.022,  -0.108,    3.412,    0.932

WHOLE-SEQ,>38807,   1.32,   4.29,  303, 100.00, 11.22,  0.66,  6.27,  1.98,  3.30,  8.25,  0.66,  5.94,  4.29,  7.59,  2.31,  7.59,  4.62,  5.61,  2.97,  7.26,  5.28,  8.91,  2.64,  2.64,   7.26,   8.25,  -0.99,  15.51,   8.58,  5.44,   0.495,   0.010,   0.217,  -0.059,    4.074,    0.996
WIN21-MAX,>38807,   9.52,  14.29,   21, 100.00, 28.57,  9.52, 14.29,  9.52,  9.52, 28.57,  4.76, 14.29, 14.29, 28.57,  9.52, 19.05, 19.05, 14.29,  9.52, 23.81, 23.81, 28.57,  9.52,  9.52,  23.81,  19.05,  23.81,  33.33,  19.05, 14.00,   0.659,   0.238,   0.637,   0.099,    3.916,    1.199
WIN21-MIN,>38807,  -9.52,  -4.76,   21, 100.00,  0.00,  0.00,  0.00,  0.00,  0.00,  0.00,  0.00,  0.00,  0.00,  0.00,  0.00,  0.00,  0.00,  0.00,  0.00,  0.00,  0.00,  0.00,  0.00,  0.00,   0.00,   0.00, -19.05,   0.00,   0.00,  1.00,   0.380,   0.000,  -0.236,  -0.152,    2.715,    0.821
WIN51-MAX,>38807,   7.84,   9.80,   51, 100.00, 19.61,  3.92, 11.76,  3.92,  7.84, 15.69,  3.92, 11.76,  9.80, 15.69,  5.88, 13.73,  9.80,  7.84,  7.84, 13.73,  9.80, 15.69,  9.80,  5.88,  13.73,  15.69,  11.76,  25.49,  17.65, 11.46,   0.603,   0.118,   0.470,   0.020,    4.109,    1.131
WIN51-MIN,>38807,  -3.92,   0.00,   51, 100.00,  0.00,  0.00,  0.00,  0.00,  0.00,  0.00,  0.00,  0.00,  0.00,  0.00,  0.00,  0.00,  0.00,  0.00,  0.00,  0.00,  0.00,  0.00,  0.00,  0.00,   0.00,   1.96,  -9.80,   5.88,   0.00,  1.00,   0.437,   0.000,   0.015,  -0.105,    3.412,    0.932

WHOLE-SEQ,>71968,   1.65,   3.96,  303, 100.00, 11.22,  0.99,  5.94,  1.98,  3.30,  8.25,  0.66,  5.61,  4.29,  7.59,  1.98,  7.92,  4.62,  6.27,  2.64,  6.93,  5.28,  9.24,  2.64,  2.64,   6.93,   7.92,  -0.99,  14.85,   8.58,  5.43,   0.494,   0.010,   0.215,  -0.060,    4.073,    0.997
WIN21-MAX,>71968,  14.29,  14.29,   21, 100.00, 28.57,  9.52, 14.29,  9.52,  9.52, 28.57,  4.76, 14.29, 14.29, 28.57,  9.52, 19.05, 19.05, 14.29,  9.52, 19.05, 23.81, 28.57,  9.52,  9.52,  23.81,  19.05,  23.81,  33.33,  19.05, 14.00,   0.659,   0.238,   0.637,   0.093,    3.880,    1.220
WIN21-MIN,>71968,  -9.52,  -4.76,   21, 100.00,  0.00,  0.00,  0.00,  0.00,  0.00,  0.00,  0.00,  0.00,  0.00,  0.00,  0.00,  0.00,  0.00,  0.00,  0.00,  0.00,  0.00,  0.00,  0.00,  0.00,   0.00,   0.00, -19.05,   0.00,   0.00,  1.00,   0.394,   0.000,  -0.202,  -0.152,    2.715,    0.835
WIN51-MAX,>71968,   7.84,   9.80,   51, 100.00, 19.61,  3.92, 11.76,  3.92,  7.84, 15.69,  3.92, 11.76,  9.80, 15.69,  3.92, 13.73,  9.80,  9.80,  7.84, 11.76,  9.80, 15.69,  9.80,  5.88,  13.73,  15.69,  11.76,  25.49,  15.69, 11.46,   0.604,   0.118,   0.473,   0.017,    4.109,    1.124
WIN51-MIN,>71968,  -3.92,   0.00,   51, 100.00,  0.00,  0.00,  0.00,  0.00,  0.00,  0.00,  0.00,  0.00,  0.00,  0.00,  0.00,  0.00,  0.00,  0.00,  0.00,  0.00,  0.00,  0.00,  0.00,  0.00,   0.00,   1.96,  -9.80,   5.88,   0.00,  1.00,   0.446,   0.000,   0.027,  -0.105,    3.412,    0.932

WHOLE-SEQ,>19879,   1.32,   3.96,  303, 100.00, 11.22,  0.66,  5.94,  1.98,  3.63,  8.25,  0.66,  5.94,  4.29,  7.59,  1.98,  7.59,  4.29,  5.94,  2.97,  7.26,  5.61,  8.91,  2.64,  2.64,   7.26,   7.92,  -0.66,  15.18,   8.91,  5.84,   0.495,   0.007,   0.222,  -0.063,    4.071,    1.001
WIN21-MAX,>19879,   9.52,  14.29,   21, 100.00, 28.57,  9.52, 14.29,  9.52,  9.52, 28.57,  4.76, 14.29, 14.29, 28.57,  9.52, 19.05, 19.05, 14.29,  9.52, 23.81, 23.81, 28.57,  9.52,  9.52,  23.81,  19.05,  23.81,  33.33,  19.05, 14.00,   0.659,   0.238,   0.637,   0.099,    3.880,    1.220
WIN21-MIN,>19879,  -9.52,  -4.76,   21, 100.00,  0.00,  0.00,  0.00,  0.00,  0.00,  0.00,  0.00,  0.00,  0.00,  0.00,  0.00,  0.00,  0.00,  0.00,  0.00,  0.00,  0.00,  0.00,  0.00,  0.00,   0.00,   0.00, -19.05,   0.00,   0.00,  1.00,   0.380,   0.000,  -0.236,  -0.183,    2.715,    0.821
WIN51-MAX,>19879,   7.84,   9.80,   51, 100.00, 19.61,  3.92, 11.76,  3.92,  7.84, 15.69,  3.92, 11.76,  9.80, 15.69,  5.88, 13.73,  9.80,  9.80,  7.84, 13.73, 11.76, 15.69,  9.80,  5.88,  15.69,  15.69,  11.76,  27.45,  17.65, 11.46,   0.604,   0.118,   0.473,   0.020,    4.045,    1.131
WIN51-MIN,>19879,  -1.96,   0.00,   51, 100.00,  0.00,  0.00,  0.00,  0.00,  0.00,  0.00,  0.00,  0.00,  0.00,  0.00,  0.00,  0.00,  0.00,  0.00,  0.00,  0.00,  0.00,  0.00,  0.00,  0.00,   0.00,   1.96,  -9.80,   5.88,   0.00,  1.00,   0.438,   0.000,  -0.003,  -0.123,    3.412,    0.932

WHOLE-SEQ,>19217,   1.65,   4.29,  303, 100.00, 11.22,  0.66,  6.27,  1.98,  3.63,  8.25,  0.66,  5.94,  4.29,  7.59,  1.98,  7.59,  4.29,  6.27,  2.64,  6.93,  5.61,  8.91,  2.64,  2.64,   6.93,   8.25,  -1.32,  15.18,   8.91,  5.20,   0.495,   0.013,   0.213,  -0.062,    4.068,    0.999
WIN21-MAX,>19217,   9.52,  14.29,   21, 100.00, 28.57,  9.52, 14.29,  9.52, 14.29, 28.57,  4.76, 14.29, 14.29, 28.57,  9.52, 19.05, 19.05, 14.29,  9.52, 23.81, 23.81, 28.57,  9.52,  9.52,  23.81,  19.05,  23.81,  33.33,  23.81, 14.00,   0.659,   0.238,   0.637,   0.097,    3.880,    1.220
WIN21-MIN,>19217,  -9.52,  -4.76,   21, 100.00,  0.00,  0.00,  0.00,  0.00,  0.00,  0.00,  0.00,  0.00,  0.00,  0.00,  0.00,  0.00,  0.00,  0.00,  0.00,  0.00,  0.00,  0.00,  0.00,  0.00,   0.00,   0.00, -19.05,   0.00,   0.00,  1.00,   0.380,   0.000,  -0.236,  -0.183,    2.715,    0.821
WIN51-MAX,>19217,   7.84,   9.80,   51, 100.00, 19.61,  3.92, 11.76,  3.92,  7.84, 15.69,  3.92, 11.76,  9.80, 15.69,  5.88, 15.69,  9.80,  9.80,  7.84, 13.73, 11.76, 15.69,  9.80,  5.88,  15.69,  15.69,  11.76,  27.45,  15.69, 11.46,   0.604,   0.118,   0.473,   0.019,    4.045,    1.122
WIN51-MIN,>19217,  -1.96,   0.00,   51, 100.00,  0.00,  0.00,  0.00,  0.00,  0.00,  0.00,  0.00,  0.00,  0.00,  0.00,  0.00,  0.00,  0.00,  0.00,  0.00,  0.00,  0.00,  0.00,  0.00,  0.00,   0.00,   1.96,  -9.80,   5.88,   0.00,  1.00,   0.437,   0.000,  -0.003,  -0.123,    3.412,    0.930

WHOLE-SEQ,>33008,   1.65,   3.63,  303, 100.00, 11.22,  0.66,  5.94,  2.31,  3.63,  8.25,  0.66,  5.61,  4.29,  7.59,  1.98,  7.92,  4.62,  5.94,  2.64,  6.60,  5.94,  8.91,  2.64,  2.64,   6.93,   8.25,  -1.32,  15.18,   8.91,  5.22,   0.492,   0.013,   0.207,  -0.060,    4.074,    0.996
WIN21-MAX,>33008,   9.52,  14.29,   21, 100.00, 28.57,  9.52, 14.29, 14.29, 14.29, 28.57,  4.76, 14.29, 14.29, 28.57,  9.52, 19.05, 19.05, 14.29,  9.52, 19.05, 28.57, 28.57,  9.52,  9.52,  23.81,  23.81,  23.81,  33.33,  23.81, 14.00,   0.659,   0.238,   0.637,   0.091,    3.880,    1.220
WIN21-MIN,>33008,  -9.52,  -9.52,   21, 100.00,  0.00,  0.00,  0.00,  0.00,  0.00,  0.00,  0.00,  0.00,  0.00,  0.00,  0.00,  0.00,  0.00,  0.00,  0.00,  0.00,  0.00,  0.00,  0.00,  0.00,   0.00,   0.00, -23.81,   0.00,   0.00,  1.00,   0.380,   0.000,  -0.283,  -0.152,    2.715,    0.826
WIN51-MAX,>33008,   7.84,   9.80,   51, 100.00, 19.61,  3.92, 11.76,  5.88,  7.84, 15.69,  3.92,  9.80,  9.80, 15.69,  5.88, 15.69,  9.80,  9.80,  7.84, 11.76, 11.76, 15.69,  9.80,  5.88,  13.73,  15.69,  11.76,  25.49,  15.69, 11.46,   0.604,   0.118,   0.473,   0.016,    4.109,    1.104
WIN51-MIN,>33008,  -3.92,  -1.96,   51, 100.00,  0.00,  0.00,  0.00,  0.00,  0.00,  0.00,  0.00,  0.00,  0.00,  0.00,  0.00,  0.00,  0.00,  0.00,  0.00,  0.00,  0.00,  0.00,  0.00,  0.00,   0.00,   1.96,  -9.80,   5.88,   0.00,  1.00,   0.437,   0.000,  -0.024,  -0.106,    3.412,    0.932

WHOLE-SEQ,>114841,   1.32,   3.63,  303, 100.00, 11.22,  0.66,  5.94,  2.31,  3.63,  8.25,  0.66,  5.94,  4.29,  7.59,  1.98,  7.26,  4.29,  5.94,  2.97,  7.26,  5.28,  9.24,  2.64,  2.64,   7.26,   8.25,  -0.99,  15.51,   8.91,  5.45,   0.497,   0.010,   0.224,  -0.065,    4.075,    1.003
WIN21-MAX,>114841,   9.52,  14.29,   21, 100.00, 28.57,  9.52, 14.29,  9.52,  9.52, 28.57,  4.76, 14.29, 14.29, 28.57,  9.52, 19.05, 19.05, 14.29,  9.52, 23.81, 23.81, 28.57,  9.52,  9.52,  23.81,  19.05,  23.81,  33.33,  19.05, 14.00,   0.659,   0.238,   0.637,   0.099,    3.880,    1.220
WIN21-MIN,>114841,  -9.52,  -4.76,   21, 100.00,  0.00,  0.00,  0.00,  0.00,  0.00,  0.00,  0.00,  0.00,  0.00,  0.00,  0.00,  0.00,  0.00,  0.00,  0.00,  0.00,  0.00,  0.00,  0.00,  0.00,   0.00,   0.00, -19.05,   0.00,   0.00,  1.00,   0.394,   0.000,  -0.202,  -0.183,    2.715,    0.828
WIN51-MAX,>114841,   7.84,   9.80,   51, 100.00, 19.61,  3.92, 11.76,  5.88,  7.84, 15.69,  3.92, 11.76,  9.80, 15.69,  5.88, 13.73,  9.80,  9.80,  7.84, 13.73, 11.76, 15.69,  9.80,  5.88,  15.69,  15.69,   9.80,  27.45,  17.65, 11.26,   0.604,   0.098,   0.473,   0.020,    4.045,    1.133
WIN51-MIN,>114841,  -1.96,   0.00,   51, 100.00,  0.00,  0.00,  0.00,  0.00,  0.00,  0.00,  0.00,  0.00,  0.00,  0.00,  0.00,  0.00,  0.00,  0.00,  0.00,  0.00,  0.00,  0.00,  0.00,  0.00,   0.00,   1.96,  -9.80,   5.88,   0.00,  1.00,   0.448,   0.000,   0.027,  -0.123,    3.412,    0.932

WHOLE-SEQ,>59938,   1.65,   3.96,  303, 100.00, 11.22,  0.66,  6.27,  2.31,  3.63,  8.25,  0.66,  5.28,  4.29,  7.59,  2.31,  7.26,  4.62,  5.94,  2.64,  7.26,  5.28,  9.24,  2.64,  2.64,   6.93,   8.58,  -1.65,  15.51,   8.91,  5.01,   0.494,   0.017,   0.209,  -0.060,    4.077,    0.995
WIN21-MAX,>59938,   9.52,  14.29,   21, 100.00, 28.57,  9.52, 14.29,  9.52, 14.29, 28.57,  4.76, 14.29, 14.29, 28.57,  9.52, 19.05, 19.05, 14.29,  9.52, 23.81, 28.57, 28.57,  9.52,  9.52,  23.81,  19.05,  23.81,  33.33,  23.81, 14.00,   0.659,   0.238,   0.637,   0.097,    3.880,    1.220
WIN21-MIN,>59938,  -9.52,  -4.76,   21, 100.00,  0.00,  0.00,  0.00,  0.00,  0.00,  0.00,  0.00,  0.00,  0.00,  0.00,  0.00,  0.00,  0.00,  0.00,  0.00,  0.00,  0.00,  0.00,  0.00,  0.00,   0.00,   0.00, -19.05,   0.00,   0.00,  1.00,   0.394,   0.000,  -0.202,  -0.152,    2.715,    0.835
WIN51-MAX,>59938,   7.84,   9.80,   51, 100.00, 19.61,  3.92, 11.76,  5.88,  7.84, 15.69,  3.92,  9.80,  9.80, 15.69,  5.88, 11.76,  9.80,  9.80,  7.84, 13.73, 11.76, 15.69,  9.80,  5.88,  13.73,  15.69,   9.80,  25.49,  15.69, 11.26,   0.604,   0.098,   0.473,   0.019,    4.109,    1.110
WIN51-MIN,>59938,  -3.92,   0.00,   51, 100.00,  0.00,  0.00,  0.00,  0.00,  0.00,  0.00,  0.00,  0.00,  0.00,  0.00,  0.00,  0.00,  0.00,  0.00,  0.00,  0.00,  0.00,  0.00,  0.00,  0.00,   0.00,   1.96,  -9.80,   5.88,   0.00,  1.00,   0.441,   0.000,   0.012,  -0.105,    3.412,    0.932

WHOLE-SEQ,>15802,   1.65,   3.96,  303, 100.00, 11.22,  0.66,  5.94,  1.98,  3.63,  8.25,  0.66,  5.61,  4.29,  7.59,  1.98,  7.92,  4.29,  6.27,  2.64,  6.60,  5.94,  9.24,  2.64,  2.64,   6.93,   7.92,  -0.99,  14.85,   8.91,  5.43,   0.495,   0.010,   0.217,  -0.063,    4.066,    1.001
WIN21-MAX,>15802,   9.52,  14.29,   21, 100.00, 28.57,  9.52, 14.29,  9.52, 14.29, 28.57,  4.76, 14.29, 14.29, 28.57,  9.52, 19.05, 19.05, 14.29,  9.52, 19.05, 28.57, 28.57,  9.52,  9.52,  23.81,  19.05,  23.81,  33.33,  23.81, 14.00,   0.659,   0.238,   0.637,   0.091,    3.880,    1.220
WIN21-MIN,>15802,  -9.52,  -4.76,   21, 100.00,  0.00,  0.00,  0.00,  0.00,  0.00,  0.00,  0.00,  0.00,  0.00,  0.00,  0.00,  0.00,  0.00,  0.00,  0.00,  0.00,  0.00,  0.00,  0.00,  0.00,   0.00,   0.00, -19.05,   0.00,   0.00,  1.00,   0.394,   0.000,  -0.202,  -0.183,    2.715,    0.835
WIN51-MAX,>15802,   7.84,   9.80,   51, 100.00, 19.61,  3.92, 11.76,  3.92,  7.84, 15.69,  3.92,  9.80,  9.80, 15.69,  5.88, 15.69,  9.80,  9.80,  7.84, 11.76, 13.73, 15.69,  9.80,  5.88,  15.69,  15.69,  11.76,  27.45,  15.69, 11.46,   0.604,   0.118,   0.473,   0.016,    4.045,    1.119
WIN51-MIN,>15802,  -1.96,   0.00,   51, 100.00,  0.00,  0.00,  0.00,  0.00,  0.00,  0.00,  0.00,  0.00,  0.00,  0.00,  0.00,  0.00,  0.00,  0.00,  0.00,  0.00,  0.00,  0.00,  0.00,  0.00,   0.00,   1.96,  -9.80,   5.88,   0.00,  1.00,   0.444,   0.000,  -0.024,  -0.123,    3.412,    0.932

WHOLE-SEQ,>95697,   1.98,   4.29,  303, 100.00, 11.22,  0.66,  6.27,  1.98,  3.30,  8.25,  0.66,  5.94,  4.62,  7.59,  2.31,  7.59,  4.62,  5.61,  2.64,  6.93,  5.61,  8.91,  2.64,  2.64,   7.26,   8.25,  -0.99,  15.51,   8.58,  5.44,   0.495,   0.010,   0.217,  -0.060,    4.073,    0.997
WIN21-MAX,>95697,  14.29,  14.29,   21, 100.00, 28.57,  9.52, 14.29,  9.52,  9.52, 28.57,  4.76, 14.29, 14.29, 28.57,  9.52, 19.05, 19.05, 14.29,  9.52, 23.81, 23.81, 28.57,  9.52,  9.52,  23.81,  19.05,  23.81,  33.33,  19.05, 14.00,   0.659,   0.238,   0.637,   0.099,    3.916,    1.199
WIN21-MIN,>95697,  -9.52,  -4.76,   21, 100.00,  0.00,  0.00,  0.00,  0.00,  0.00,  0.00,  0.00,  0.00,  0.00,  0.00,  0.00,  0.00,  0.00,  0.00,  0.00,  0.00,  0.00,  0.00,  0.00,  0.00,   0.00,   0.00, -19.05,   0.00,   0.00,  1.00,   0.380,   0.000,  -0.236,  -0.152,    2.715,    0.821
WIN51-MAX,>95697,   7.84,   9.80,   51, 100.00, 19.61,  3.92, 11.76,  3.92,  7.84, 15.69,  3.92, 11.76,  9.80, 15.69,  5.88, 15.69,  9.80,  7.84,  7.84, 13.73, 11.76, 15.69,  9.80,  5.88,  13.73,  15.69,  11.76,  25.49,  17.65, 11.46,   0.603,   0.118,   0.470,   0.020,    4.109,    1.126
WIN51-MIN,>95697,  -3.92,   0.00,   51, 100.00,  0.00,  0.00,  0.00,  0.00,  0.00,  0.00,  0.00,  0.00,  0.00,  0.00,  0.00,  0.00,  0.00,  0.00,  0.00,  0.00,  0.00,  0.00,  0.00,  0.00,   0.00,   1.96,  -9.80,   5.88,   0.00,  1.00,   0.437,   0.000,   0.015,  -0.110,    3.412,    0.932

WHOLE-SEQ,>81966,   1.65,   3.63,  303, 100.00, 11.22,  0.66,  5.94,  2.31,  3.63,  8.25,  0.66,  5.61,  4.29,  7.59,  1.98,  7.92,  4.62,  5.94,  2.64,  6.60,  5.61,  9.24,  2.64,  2.64,   6.93,   8.25,  -1.32,  15.18,   8.91,  5.22,   0.494,   0.013,   0.212,  -0.061,    4.072,    0.998
WIN21-MAX,>81966,   9.52,  14.29,   21, 100.00, 28.57,  9.52, 14.29, 14.29, 14.29, 28.57,  4.76, 14.29, 14.29, 28.57,  9.52, 19.05, 19.05, 14.29,  9.52, 19.05, 28.57, 28.57,  9.52,  9.52,  23.81,  23.81,  23.81,  33.33,  23.81, 14.00,   0.659,   0.238,   0.637,   0.091,    3.880,    1.220
WIN21-MIN,>81966,  -9.52,  -9.52,   21, 100.00,  0.00,  0.00,  0.00,  0.00,  0.00,  0.00,  0.00,  0.00,  0.00,  0.00,  0.00,  0.00,  0.00,  0.00,  0.00,  0.00,  0.00,  0.00,  0.00,  0.00,   0.00,   0.00, -23.81,   0.00,   0.00,  1.00,   0.394,   0.000,  -0.211,  -0.152,    2.715,    0.835
WIN51-MAX,>81966,   7.84,   9.80,   51, 100.00, 19.61,  3.92, 11.76,  5.88,  7.84, 15.69,  3.92,  9.80,  9.80, 15.69,  5.88, 15.69,  9.80,  9.80,  7.84, 11.76, 11.76, 15.69,  9.80,  5.88,  13.73,  15.69,  11.76,  25.49,  15.69, 11.46,   0.604,   0.118,   0.473,   0.016,    4.109,    1.104
WIN51-MIN,>81966,  -3.92,  -1.96,   51, 100.00,  0.00,  0.00,  0.00,  0.00,  0.00,  0.00,  0.00,  0.00,  0.00,  0.00,  0.00,  0.00,  0.00,  0.00,  0.00,  0.00,  0.00,  0.00,  0.00,  0.00,   0.00,   1.96,  -9.80,   5.88,   0.00,  1.00,   0.441,   0.000,  -0.024,  -0.106,    3.412,    0.932

WHOLE-SEQ,>19359,   1.98,   4.29,  303, 100.00, 11.22,  0.66,  6.27,  1.98,  3.30,  8.25,  0.66,  5.61,  4.29,  7.59,  2.31,  7.59,  4.62,  6.27,  2.31,  6.93,  5.94,  8.91,  2.64,  2.64,   6.60,   8.25,  -1.65,  14.85,   8.58,  4.98,   0.494,   0.017,   0.207,  -0.059,    4.068,    0.995
WIN21-MAX,>19359,  14.29,  14.29,   21, 100.00, 28.57,  9.52, 14.29,  9.52, 14.29, 28.57,  4.76, 14.29, 14.29, 28.57,  9.52, 19.05, 19.05, 14.29,  9.52, 23.81, 28.57, 28.57,  9.52,  9.52,  23.81,  19.05,  23.81,  33.33,  23.81, 14.00,   0.659,   0.238,   0.637,   0.097,    3.880,    1.199
WIN21-MIN,>19359,  -9.52,  -4.76,   21, 100.00,  0.00,  0.00,  0.00,  0.00,  0.00,  0.00,  0.00,  0.00,  0.00,  0.00,  0.00,  0.00,  0.00,  0.00,  0.00,  0.00,  0.00,  0.00,  0.00,  0.00,   0.00,   0.00, -19.05,   0.00,   0.00,  1.00,   0.380,   0.000,  -0.236,  -0.152,    2.715,    0.821
WIN51-MAX,>19359,   7.84,   9.80,   51, 100.00, 19.61,  3.92, 11.76,  3.92,  7.84, 15.69,  3.92,  9.80,  9.80, 15.69,  5.88, 15.69,  9.80,  9.80,  7.84, 13.73, 13.73, 15.69,  9.80,  5.88,  13.73,  15.69,  11.76,  25.49,  15.69, 11.46,   0.603,   0.118,   0.470,   0.019,    4.109,    1.111
WIN51-MIN,>19359,  -3.92,   0.00,   51, 100.00,  0.00,  0.00,  0.00,  0.00,  0.00,  0.00,  0.00,  0.00,  0.00,  0.00,  0.00,  0.00,  0.00,  0.00,  0.00,  0.00,  0.00,  0.00,  0.00,  0.00,   0.00,   1.96,  -9.80,   5.88,   0.00,  1.00,   0.437,   0.000,  -0.024,  -0.110,    3.412,    0.930

WHOLE-SEQ,>37691,   1.65,   3.96,  303, 100.00, 11.22,  0.66,  6.27,  2.31,  3.63,  8.25,  0.99,  5.61,  4.29,  7.59,  1.98,  7.59,  4.62,  5.61,  2.64,  6.60,  5.94,  8.91,  2.64,  2.64,   6.93,   8.58,  -1.65,  15.51,   8.91,  5.21,   0.493,   0.017,   0.204,  -0.059,    4.084,    0.997
WIN21-MAX,>37691,   9.52,  14.29,   21, 100.00, 28.57,  9.52, 14.29,  9.52, 14.29, 28.57,  9.52, 14.29, 14.29, 28.57,  9.52, 19.05, 19.05, 14.29,  9.52, 19.05, 28.57, 28.57,  9.52,  9.52,  23.81,  19.05,  23.81,  33.33,  23.81, 14.00,   0.659,   0.238,   0.637,   0.091,    3.916,    1.220
WIN21-MIN,>37691,  -9.52,  -4.76,   21, 100.00,  0.00,  0.00,  0.00,  0.00,  0.00,  0.00,  0.00,  0.00,  0.00,  0.00,  0.00,  0.00,  0.00,  0.00,  0.00,  0.00,  0.00,  0.00,  0.00,  0.00,   0.00,   0.00, -19.05,   0.00,   0.00,  1.00,   0.380,   0.000,  -0.236,  -0.152,    2.715,    0.821
WIN51-MAX,>37691,   7.84,   9.80,   51, 100.00, 19.61,  3.92, 11.76,  5.88,  7.84, 15.69,  5.88,  9.80,  9.80, 15.69,  5.88, 13.73,  9.80,  7.84,  7.84, 11.76, 11.76, 15.69,  9.80,  5.88,  13.73,  15.69,   9.80,  25.49,  15.69, 11.26,   0.604,   0.098,   0.473,   0.016,    4.109,    1.110
WIN51-MIN,>37691,  -3.92,   0.00,   51, 100.00,  0.00,  0.00,  0.00,  0.00,  0.00,  0.00,  0.00,  0.00,  0.00,  0.00,  0.00,  0.00,  0.00,  0.00,  0.00,  0.00,  0.00,  0.00,  0.00,  0.00,   0.00,   1.96,  -9.80,   5.88,   0.00,  1.00,   0.437,   0.000,  -0.003,  -0.105,    3.412,    0.932

WHOLE-SEQ,>19864,   1.98,   3.96,  303, 100.00, 11.22,  0.66,  5.94,  1.98,  3.63,  8.25,  0.66,  5.94,  4.62,  7.59,  1.98,  7.59,  4.29,  5.94,  2.64,  6.93,  5.94,  8.91,  2.64,  2.64,   7.26,   7.92,  -0.66,  15.18,   8.91,  5.84,   0.496,   0.007,   0.223,  -0.063,    4.070,    1.002
WIN21-MAX,>19864,  14.29,  14.29,   21, 100.00, 28.57,  9.52, 14.29,  9.52,  9.52, 28.57,  4.76, 14.29, 14.29, 28.57,  9.52, 19.05, 19.05, 14.29,  9.52, 19.05, 23.81, 28.57,  9.52,  9.52,  23.81,  19.05,  23.81,  33.33,  19.05, 14.00,   0.659,   0.238,   0.637,   0.093,    3.880,    1.220
WIN21-MIN,>19864,  -9.52,  -4.76,   21, 100.00,  0.00,  0.00,  0.00,  0.00,  0.00,  0.00,  0.00,  0.00,  0.00,  0.00,  0.00,  0.00,  0.00,  0.00,  0.00,  0.00,  0.00,  0.00,  0.00,  0.00,   0.00,   0.00, -19.05,   0.00,   0.00,  1.00,   0.380,   0.000,  -0.236,  -0.183,    2.715,    0.821
WIN51-MAX,>19864,   7.84,   9.80,   51, 100.00, 19.61,  3.92, 11.76,  3.92,  7.84, 15.69,  3.92, 11.76,  9.80, 15.69,  5.88, 13.73,  9.80,  9.80,  7.84, 11.76, 11.76, 15.69,  9.80,  5.88,  15.69,  15.69,  11.76,  27.45,  17.65, 11.46,   0.604,   0.118,   0.473,   0.017,    4.045,    1.131
WIN51-MIN,>19864,  -1.96,   0.00,   51, 100.00,  0.00,  0.00,  0.00,  0.00,  0.00,  0.00,  0.00,  0.00,  0.00,  0.00,  0.00,  0.00,  0.00,  0.00,  0.00,  0.00,  0.00,  0.00,  0.00,  0.00,   0.00,   1.96,  -9.80,   5.88,   0.00,  1.00,   0.438,   0.000,  -0.003,  -0.123,    3.412,    0.932

WHOLE-SEQ,>6864,   0.99,   3.96,  303, 100.00, 11.22,  0.99,  6.27,  2.31,  3.63,  8.25,  0.66,  5.28,  3.96,  7.59,  1.98,  7.26,  4.62,  5.94,  2.97,  6.93,  5.94,  8.91,  2.64,  2.64,   6.93,   8.58,  -1.65,  15.51,   8.91,  5.01,   0.493,   0.017,   0.204,  -0.059,    4.086,    0.996
WIN21-MAX,>6864,   9.52,  14.29,   21, 100.00, 28.57,  9.52, 14.29, 14.29,  9.52, 28.57,  4.76, 14.29, 14.29, 28.57,  9.52, 19.05, 19.05, 14.29,  9.52, 19.05, 28.57, 28.57,  9.52,  9.52,  23.81,  23.81,  23.81,  33.33,  19.05, 14.00,   0.659,   0.238,   0.637,   0.093,    3.880,    1.220
WIN21-MIN,>6864,  -9.52,  -9.52,   21, 100.00,  0.00,  0.00,  0.00,  0.00,  0.00,  0.00,  0.00,  0.00,  0.00,  0.00,  0.00,  0.00,  0.00,  0.00,  0.00,  0.00,  0.00,  0.00,  0.00,  0.00,   0.00,   0.00, -23.81,   0.00,   0.00,  1.00,   0.380,   0.000,  -0.283,  -0.152,    2.715,    0.826
WIN51-MAX,>6864,   7.84,   9.80,   51, 100.00, 19.61,  3.92, 11.76,  5.88,  7.84, 15.69,  3.92,  9.80,  9.80, 15.69,  3.92, 13.73,  9.80,  9.80,  7.84, 11.76, 11.76, 15.69,  9.80,  5.88,  13.73,  15.69,  11.76,  25.49,  17.65, 11.46,   0.604,   0.118,   0.473,   0.017,    4.109,    1.128
WIN51-MIN,>6864,  -3.92,  -1.96,   51, 100.00,  0.00,  0.00,  0.00,  0.00,  0.00,  0.00,  0.00,  0.00,  0.00,  0.00,  0.00,  0.00,  0.00,  0.00,  0.00,  0.00,  0.00,  0.00,  0.00,  0.00,   0.00,   1.96,  -9.80,   5.88,   0.00,  1.00,   0.436,   0.000,  -0.022,  -0.105,    3.412,    0.932

WHOLE-SEQ,>24451,   0.99,   3.96,  303, 100.00, 11.22,  0.99,  6.27,  2.31,  3.63,  8.25,  0.66,  5.28,  3.96,  7.59,  1.98,  7.26,  4.62,  5.94,  2.97,  6.93,  5.94,  8.91,  2.64,  2.64,   6.93,   8.58,  -1.65,  15.51,   8.91,  5.01,   0.493,   0.017,   0.204,  -0.059,    4.086,    0.996
WIN21-MAX,>24451,   9.52,  14.29,   21, 100.00, 28.57,  9.52, 14.29, 14.29,  9.52, 28.57,  4.76, 14.29, 14.29, 28.57,  9.52, 19.05, 19.05, 14.29,  9.52, 23.81, 28.57, 28.57,  9.52,  9.52,  23.81,  23.81,  23.81,  33.33,  19.05, 14.00,   0.659,   0.238,   0.637,   0.099,    3.880,    1.220
WIN21-MIN,>24451,  -9.52,  -9.52,   21, 100.00,  0.00,  0.00,  0.00,  0.00,  0.00,  0.00,  0.00,  0.00,  0.00,  0.00,  0.00,  0.00,  0.00,  0.00,  0.00,  0.00,  0.00,  0.00,  0.00,  0.00,   0.00,   0.00, -23.81,   0.00,   0.00,  1.00,   0.380,   0.000,  -0.283,  -0.152,    2.715,    0.826
WIN51-MAX,>24451,   7.84,   9.80,   51, 100.00, 19.61,  3.92, 11.76,  5.88,  7.84, 15.69,  3.92,  9.80,  9.80, 15.69,  3.92, 15.69,  9.80,  9.80,  7.84, 13.73, 13.73, 15.69,  9.80,  5.88,  13.73,  15.69,  11.76,  25.49,  17.65, 11.46,   0.604,   0.118,   0.473,   0.020,    4.109,    1.123
WIN51-MIN,>24451,  -3.92,  -1.96,   51, 100.00,  0.00,  0.00,  0.00,  0.00,  0.00,  0.00,  0.00,  0.00,  0.00,  0.00,  0.00,  0.00,  0.00,  0.00,  0.00,  0.00,  0.00,  0.00,  0.00,  0.00,   0.00,   1.96,  -9.80,   5.88,   0.00,  1.00,   0.436,   0.000,  -0.022,  -0.110,    3.412,    0.932

WHOLE-SEQ,>90363,   1.65,   3.96,  303, 100.00, 11.22,  0.66,  6.27,  2.31,  3.30,  8.25,  0.66,  5.61,  4.29,  7.59,  2.31,  7.26,  4.62,  5.94,  2.64,  7.26,  5.28,  9.24,  2.64,  2.64,   6.93,   8.58,  -1.65,  15.51,   8.58,  5.01,   0.495,   0.017,   0.211,  -0.061,    4.074,    0.996
WIN21-MAX,>90363,   9.52,  14.29,   21, 100.00, 28.57,  9.52, 14.29,  9.52, 14.29, 28.57,  4.76, 14.29, 14.29, 28.57,  9.52, 19.05, 19.05, 14.29,  9.52, 23.81, 28.57, 28.57,  9.52,  9.52,  23.81,  19.05,  23.81,  33.33,  23.81, 14.00,   0.659,   0.238,   0.637,   0.097,    3.880,    1.199
WIN21-MIN,>90363,  -9.52,  -4.76,   21, 100.00,  0.00,  0.00,  0.00,  0.00,  0.00,  0.00,  0.00,  0.00,  0.00,  0.00,  0.00,  0.00,  0.00,  0.00,  0.00,  0.00,  0.00,  0.00,  0.00,  0.00,   0.00,   0.00, -19.05,   0.00,   0.00,  1.00,   0.394,   0.000,  -0.202,  -0.152,    2.715,    0.835
WIN51-MAX,>90363,   7.84,   9.80,   51, 100.00, 19.61,  3.92, 11.76,  5.88,  7.84, 15.69,  3.92,  9.80,  9.80, 15.69,  5.88, 11.76,  9.80,  9.80,  7.84, 13.73, 11.76, 15.69,  9.80,  5.88,  13.73,  15.69,   9.80,  25.49,  15.69, 11.26,   0.603,   0.098,   0.470,   0.019,    4.109,    1.110
WIN51-MIN,>90363,  -3.92,   0.00,   51, 100.00,  0.00,  0.00,  0.00,  0.00,  0.00,  0.00,  0.00,  0.00,  0.00,  0.00,  0.00,  0.00,  0.00,  0.00,  0.00,  0.00,  0.00,  0.00,  0.00,  0.00,   0.00,   1.96,  -9.80,   5.88,   0.00,  1.00,   0.441,   0.000,   0.012,  -0.105,    3.412,    0.932

WHOLE-SEQ,>114905,   1.65,   3.96,  303, 100.00, 11.22,  0.66,  6.27,  2.31,  3.30,  8.25,  0.66,  5.61,  4.29,  7.59,  2.31,  7.26,  4.62,  5.94,  2.64,  7.26,  5.28,  9.24,  2.64,  2.64,   6.93,   8.58,  -1.65,  15.51,   8.58,  5.01,   0.495,   0.017,   0.211,  -0.061,    4.074,    0.996
WIN21-MAX,>114905,  14.29,  14.29,   21, 100.00, 28.57,  9.52, 14.29,  9.52,  9.52, 28.57,  4.76, 14.29, 14.29, 28.57,  9.52, 19.05, 19.05, 14.29,  9.52, 23.81, 28.57, 28.57,  9.52,  9.52,  23.81,  19.05,  23.81,  33.33,  19.05, 14.00,   0.659,   0.238,   0.637,   0.099,    3.880,    1.199
WIN21-MIN,>114905,  -9.52,  -4.76,   21, 100.00,  0.00,  0.00,  0.00,  0.00,  0.00,  0.00,  0.00,  0.00,  0.00,  0.00,  0.00,  0.00,  0.00,  0.00,  0.00,  0.00,  0.00,  0.00,  0.00,  0.00,   0.00,   0.00, -19.05,   0.00,   0.00,  1.00,   0.394,   0.000,  -0.202,  -0.152,    2.715,    0.828
WIN51-MAX,>114905,   7.84,   9.80,   51, 100.00, 19.61,  3.92, 11.76,  5.88,  7.84, 15.69,  3.92,  9.80,  9.80, 15.69,  5.88, 11.76,  9.80,  9.80,  7.84, 13.73, 11.76, 15.69,  9.80,  5.88,  13.73,  15.69,   9.80,  25.49,  17.65, 10.98,   0.603,   0.098,   0.470,   0.020,    4.109,    1.124
WIN51-MIN,>114905,  -3.92,   0.00,   51, 100.00,  0.00,  0.00,  0.00,  0.00,  0.00,  0.00,  0.00,  0.00,  0.00,  0.00,  0.00,  0.00,  0.00,  0.00,  0.00,  0.00,  0.00,  0.00,  0.00,  0.00,   0.00,   1.96,  -9.80,   5.88,   0.00,  1.00,   0.441,   0.000,   0.027,  -0.105,    3.412,    0.932

WHOLE-SEQ,>113128,   1.98,   4.29,  303, 100.00, 11.55,  0.99,  6.27,  1.98,  3.30,  8.25,  0.66,  5.61,  4.29,  7.59,  1.98,  7.59,  4.62,  6.27,  2.31,  6.93,  5.61,  9.24,  2.31,  2.64,   6.60,   8.25,  -1.65,  14.85,   8.25,  4.98,   0.497,   0.017,   0.215,  -0.059,    4.063,    0.996
WIN21-MAX,>113128,  14.29,  14.29,   21, 100.00, 28.57,  9.52, 14.29,  9.52, 14.29, 28.57,  4.76, 14.29, 14.29, 28.57,  9.52, 19.05, 19.05, 14.29,  9.52, 19.05, 28.57, 28.57,  9.52,  9.52,  23.81,  19.05,  23.81,  33.33,  19.05, 14.00,   0.659,   0.238,   0.637,   0.090,    3.880,    1.199
WIN21-MIN,>113128,  -9.52,  -4.76,   21, 100.00,  0.00,  0.00,  0.00,  0.00,  0.00,  0.00,  0.00,  0.00,  0.00,  0.00,  0.00,  0.00,  0.00,  0.00,  0.00,  0.00,  0.00,  0.00,  0.00,  0.00,   0.00,   0.00, -19.05,   0.00,   0.00,  1.00,   0.397,   0.000,  -0.202,  -0.152,    2.715,    0.835
WIN51-MAX,>113128,   7.84,   9.80,   51, 100.00, 19.61,  3.92, 11.76,  3.92,  7.84, 15.69,  3.92,  9.80,  9.80, 15.69,  3.92, 13.73,  9.80,  9.80,  7.84, 11.76, 11.76, 15.69,  9.80,  5.88,  13.73,  15.69,  11.76,  25.49,  15.69, 11.46,   0.603,   0.118,   0.470,   0.016,    4.109,    1.115
WIN51-MIN,>113128,  -3.92,   0.00,   51, 100.00,  0.00,  0.00,  0.00,  0.00,  0.00,  0.00,  0.00,  0.00,  0.00,  0.00,  0.00,  0.00,  0.00,  0.00,  0.00,  0.00,  0.00,  0.00,  0.00,  0.00,   0.00,   1.96,  -9.80,   5.88,   0.00,  1.00,   0.441,   0.000,  -0.004,  -0.105,    3.412,    0.932

WHOLE-SEQ,>55517,   1.65,   4.29,  303, 100.00, 11.22,  0.66,  6.27,  1.98,  3.30,  8.25,  0.66,  5.94,  4.29,  7.59,  2.31,  7.59,  4.62,  5.94,  2.64,  7.26,  5.28,  8.91,  2.64,  2.64,   6.93,   8.25,  -1.32,  15.18,   8.58,  5.20,   0.495,   0.013,   0.214,  -0.059,    4.071,    0.995
WIN21-MAX,>55517,  14.29,  14.29,   21, 100.00, 28.57,  9.52, 14.29,  9.52,  9.52, 28.57,  4.76, 14.29, 14.29, 28.57,  9.52, 19.05, 19.05, 14.29,  9.52, 23.81, 23.81, 28.57,  9.52,  9.52,  23.81,  19.05,  23.81,  33.33,  19.05, 14.00,   0.659,   0.238,   0.637,   0.099,    3.880,    1.199
WIN21-MIN,>55517,  -9.52,  -4.76,   21, 100.00,  0.00,  0.00,  0.00,  0.00,  0.00,  0.00,  0.00,  0.00,  0.00,  0.00,  0.00,  0.00,  0.00,  0.00,  0.00,  0.00,  0.00,  0.00,  0.00,  0.00,   0.00,   0.00, -19.05,   0.00,   0.00,  1.00,   0.380,   0.000,  -0.236,  -0.152,    2.715,    0.821
WIN51-MAX,>55517,   7.84,   9.80,   51, 100.00, 19.61,  3.92, 11.76,  3.92,  7.84, 15.69,  3.92, 11.76,  9.80, 15.69,  5.88, 13.73,  9.80,  9.80,  7.84, 13.73,  9.80, 15.69,  9.80,  5.88,  13.73,  15.69,  11.76,  25.49,  17.65, 11.46,   0.603,   0.118,   0.470,   0.020,    4.109,    1.131
WIN51-MIN,>55517,  -3.92,   0.00,   51, 100.00,  0.00,  0.00,  0.00,  0.00,  0.00,  0.00,  0.00,  0.00,  0.00,  0.00,  0.00,  0.00,  0.00,  0.00,  0.00,  0.00,  0.00,  0.00,  0.00,  0.00,   0.00,   1.96,  -9.80,   5.88,   0.00,  1.00,   0.438,   0.000,  -0.003,  -0.105,    3.412,    0.932

WHOLE-SEQ,>85298,   1.65,   3.30,  303, 100.00, 11.22,  0.66,  5.94,  2.64,  3.63,  8.25,  0.66,  5.61,  4.29,  7.59,  1.98,  7.59,  4.62,  5.94,  2.64,  6.60,  5.94,  8.91,  2.64,  2.64,   6.93,   8.58,  -1.65,  15.51,   8.91,  5.03,   0.492,   0.017,   0.204,  -0.061,    4.079,    0.997
WIN21-MAX,>85298,   9.52,  14.29,   21, 100.00, 28.57,  9.52, 14.29, 14.29, 14.29, 28.57,  4.76, 14.29, 14.29, 28.57,  9.52, 19.05, 19.05, 14.29,  9.52, 19.05, 28.57, 28.57,  9.52,  9.52,  23.81,  23.81,  23.81,  33.33,  23.81, 14.00,   0.659,   0.238,   0.637,   0.091,    3.880,    1.220
WIN21-MIN,>85298,  -9.52,  -9.52,   21, 100.00,  0.00,  0.00,  0.00,  0.00,  0.00,  0.00,  0.00,  0.00,  0.00,  0.00,  0.00,  0.00,  0.00,  0.00,  0.00,  0.00,  0.00,  0.00,  0.00,  0.00,   0.00,   0.00, -23.81,   0.00,   0.00,  1.00,   0.380,   0.000,  -0.283,  -0.152,    2.715,    0.826
WIN51-MAX,>85298,   7.84,   9.80,   51, 100.00, 19.61,  3.92, 11.76,  5.88,  7.84, 15.69,  3.92,  9.80,  9.80, 15.69,  5.88, 13.73,  9.80,  9.80,  7.84, 11.76, 11.76, 15.69,  9.80,  5.88,  13.73,  15.69,   9.80,  25.49,  15.69, 11.26,   0.604,   0.098,   0.473,   0.016,    4.109,    1.106
WIN51-MIN,>85298,  -3.92,  -1.96,   51, 100.00,  0.00,  0.00,  0.00,  0.00,  0.00,  0.00,  0.00,  0.00,  0.00,  0.00,  0.00,  0.00,  0.00,  0.00,  0.00,  0.00,  0.00,  0.00,  0.00,  0.00,   0.00,   1.96,  -9.80,   5.88,   0.00,  1.00,   0.437,   0.000,  -0.011,  -0.106,    3.412,    0.932

WHOLE-SEQ,>37894,   1.32,   3.96,  303, 100.00, 11.22,  0.66,  5.94,  1.98,  3.63,  8.25,  0.66,  5.94,  4.29,  7.59,  1.98,  8.25,  4.62,  5.61,  2.97,  6.60,  5.61,  8.91,  2.64,  2.64,   7.26,   7.92,  -0.66,  15.18,   8.91,  5.84,   0.494,   0.007,   0.218,  -0.060,    4.071,    0.998
WIN21-MAX,>37894,   9.52,  14.29,   21, 100.00, 28.57,  9.52, 14.29,  9.52,  9.52, 28.57,  4.76, 14.29, 14.29, 28.57,  9.52, 19.05, 19.05, 14.29,  9.52, 19.05, 23.81, 28.57,  9.52,  9.52,  23.81,  19.05,  23.81,  33.33,  19.05, 14.00,   0.659,   0.238,   0.637,   0.093,    3.916,    1.220
WIN21-MIN,>37894,  -9.52,  -4.76,   21, 100.00,  0.00,  0.00,  0.00,  0.00,  0.00,  0.00,  0.00,  0.00,  0.00,  0.00,  0.00,  0.00,  0.00,  0.00,  0.00,  0.00,  0.00,  0.00,  0.00,  0.00,   0.00,   0.00, -19.05,   0.00,   0.00,  1.00,   0.380,   0.000,  -0.236,  -0.152,    2.715,    0.821
WIN51-MAX,>37894,   7.84,   9.80,   51, 100.00, 19.61,  3.92, 11.76,  3.92,  7.84, 15.69,  3.92, 11.76,  9.80, 15.69,  5.88, 15.69,  9.80,  7.84,  7.84, 11.76,  9.80, 15.69,  9.80,  5.88,  13.73,  15.69,  11.76,  25.49,  17.65, 11.46,   0.604,   0.118,   0.473,   0.017,    4.109,    1.126
WIN51-MIN,>37894,  -3.92,   0.00,   51, 100.00,  0.00,  0.00,  0.00,  0.00,  0.00,  0.00,  0.00,  0.00,  0.00,  0.00,  0.00,  0.00,  0.00,  0.00,  0.00,  0.00,  0.00,  0.00,  0.00,  0.00,   0.00,   1.96,  -9.80,   5.88,   0.00,  1.00,   0.437,   0.000,   0.015,  -0.105,    3.412,    0.932

WHOLE-SEQ,>111889,   1.65,   3.96,  303, 100.00, 11.22,  0.99,  5.94,  1.98,  3.30,  8.25,  0.66,  5.94,  4.29,  7.59,  1.65,  8.25,  4.62,  6.27,  2.64,  6.60,  5.28,  9.24,  2.64,  2.64,   6.93,   7.92,  -0.99,  14.85,   8.58,  5.43,   0.494,   0.010,   0.215,  -0.060,    4.066,    0.998
WIN21-MAX,>111889,  14.29,  14.29,   21, 100.00, 28.57,  9.52, 14.29,  9.52,  9.52, 28.57,  4.76, 14.29, 14.29, 28.57,  9.52, 19.05, 19.05, 14.29,  9.52, 19.05, 23.81, 28.57,  9.52,  9.52,  23.81,  19.05,  23.81,  33.33,  19.05, 14.00,   0.659,   0.238,   0.637,   0.093,    3.880,    1.220
WIN21-MIN,>111889,  -9.52,  -4.76,   21, 100.00,  0.00,  0.00,  0.00,  0.00,  0.00,  0.00,  0.00,  0.00,  0.00,  0.00,  0.00,  0.00,  0.00,  0.00,  0.00,  0.00,  0.00,  0.00,  0.00,  0.00,   0.00,   0.00, -19.05,   0.00,   0.00,  1.00,   0.394,   0.000,  -0.202,  -0.152,    2.715,    0.835
WIN51-MAX,>111889,   7.84,   9.80,   51, 100.00, 19.61,  3.92, 11.76,  3.92,  7.84, 15.69,  3.92, 11.76,  9.80, 15.69,  3.92, 15.69,  9.80,  9.80,  7.84, 11.76,  9.80, 15.69,  9.80,  5.88,  13.73,  15.69,  11.76,  25.49,  15.69, 11.46,   0.604,   0.118,   0.473,   0.017,    4.109,    1.120
WIN51-MIN,>111889,  -3.92,   0.00,   51, 100.00,  0.00,  0.00,  0.00,  0.00,  0.00,  0.00,  0.00,  0.00,  0.00,  0.00,  0.00,  0.00,  0.00,  0.00,  0.00,  0.00,  0.00,  0.00,  0.00,  0.00,   0.00,   1.96,  -9.80,   5.88,   0.00,  1.00,   0.448,   0.000,   0.011,  -0.105,    3.412,    0.932

WHOLE-SEQ,>40341,   1.32,   3.63,  303, 100.00, 11.22,  0.66,  5.94,  2.31,  3.63,  8.25,  0.66,  5.61,  4.29,  7.59,  1.98,  7.59,  4.29,  5.94,  2.97,  6.60,  5.94,  9.24,  2.64,  2.64,   7.26,   8.25,  -0.99,  15.51,   8.91,  5.45,   0.494,   0.010,   0.216,  -0.064,    4.075,    1.002
WIN21-MAX,>40341,   9.52,  14.29,   21, 100.00, 28.57,  9.52, 14.29, 14.29,  9.52, 28.57,  4.76, 14.29, 14.29, 28.57,  9.52, 19.05, 19.05, 14.29,  9.52, 19.05, 28.57, 28.57,  9.52,  9.52,  23.81,  23.81,  23.81,  33.33,  19.05, 14.00,   0.659,   0.238,   0.637,   0.093,    3.880,    1.220
WIN21-MIN,>40341,  -9.52,  -9.52,   21, 100.00,  0.00,  0.00,  0.00,  0.00,  0.00,  0.00,  0.00,  0.00,  0.00,  0.00,  0.00,  0.00,  0.00,  0.00,  0.00,  0.00,  0.00,  0.00,  0.00,  0.00,   0.00,   0.00, -23.81,   0.00,   0.00,  1.00,   0.394,   0.000,  -0.211,  -0.183,    2.715,    0.835
WIN51-MAX,>40341,   7.84,   9.80,   51, 100.00, 19.61,  3.92, 11.76,  5.88,  7.84, 15.69,  3.92,  9.80,  9.80, 15.69,  5.88, 15.69,  9.80,  9.80,  7.84, 11.76, 13.73, 15.69,  9.80,  5.88,  15.69,  15.69,  11.76,  27.45,  17.65, 11.46,   0.604,   0.118,   0.473,   0.017,    4.045,    1.119
WIN51-MIN,>40341,  -1.96,  -1.96,   51, 100.00,  0.00,  0.00,  0.00,  0.00,  0.00,  0.00,  0.00,  0.00,  0.00,  0.00,  0.00,  0.00,  0.00,  0.00,  0.00,  0.00,  0.00,  0.00,  0.00,  0.00,   0.00,   1.96,  -9.80,   5.88,   0.00,  1.00,   0.447,   0.000,   0.008,  -0.123,    3.412,    0.932

WHOLE-SEQ,>2291,   1.32,   4.29,  303, 100.00, 11.22,  0.66,  6.27,  1.98,  3.30,  8.25,  0.66,  5.94,  4.29,  7.59,  1.98,  7.26,  4.62,  5.94,  2.97,  7.26,  5.28,  9.24,  2.64,  2.64,   7.26,   8.25,  -0.99,  15.51,   8.58,  5.44,   0.495,   0.010,   0.219,  -0.061,    4.068,    0.999
WIN21-MAX,>2291,   9.52,  14.29,   21, 100.00, 28.57,  9.52, 14.29,  9.52,  9.52, 28.57,  4.76, 14.29, 14.29, 28.57,  9.52, 19.05, 19.05, 14.29,  9.52, 23.81, 23.81, 28.57,  9.52,  9.52,  23.81,  19.05,  23.81,  33.33,  19.05, 14.00,   0.659,   0.238,   0.637,   0.099,    3.880,    1.220
WIN21-MIN,>2291,  -9.52,  -4.76,   21, 100.00,  0.00,  0.00,  0.00,  0.00,  0.00,  0.00,  0.00,  0.00,  0.00,  0.00,  0.00,  0.00,  0.00,  0.00,  0.00,  0.00,  0.00,  0.00,  0.00,  0.00,   0.00,   0.00, -19.05,   0.00,   0.00,  1.00,   0.394,   0.000,  -0.202,  -0.152,    2.715,    0.828
WIN51-MAX,>2291,   7.84,   9.80,   51, 100.00, 19.61,  3.92, 11.76,  3.92,  7.84, 15.69,  3.92, 11.76,  9.80, 15.69,  5.88, 13.73,  9.80,  9.80,  7.84, 13.73, 11.76, 15.69,  9.80,  5.88,  13.73,  15.69,  11.76,  25.49,  15.69, 11.46,   0.604,   0.118,   0.473,   0.020,    4.109,    1.118
WIN51-MIN,>2291,  -3.92,   0.00,   51, 100.00,  0.00,  0.00,  0.00,  0.00,  0.00,  0.00,  0.00,  0.00,  0.00,  0.00,  0.00,  0.00,  0.00,  0.00,  0.00,  0.00,  0.00,  0.00,  0.00,  0.00,   0.00,   1.96,  -9.80,   5.88,   0.00,  1.00,   0.447,   0.000,   0.024,  -0.110,    3.412,    0.932

WHOLE-SEQ,>12048,   1.32,   4.29,  303, 100.00, 11.22,  0.66,  6.27,  1.98,  3.30,  8.25,  0.66,  5.94,  4.29,  7.59,  2.31,  7.59,  4.62,  5.61,  2.97,  6.93,  5.61,  8.91,  2.64,  2.64,   7.26,   8.25,  -0.99,  15.51,   8.58,  5.44,   0.495,   0.010,   0.217,  -0.060,    4.075,    0.997
WIN21-MAX,>12048,   9.52,  14.29,   21, 100.00, 28.57,  9.52, 14.29,  9.52,  9.52, 28.57,  4.76, 14.29, 14.29, 28.57,  9.52, 19.05, 19.05, 14.29,  9.52, 19.05, 23.81, 28.57,  9.52,  9.52,  23.81,  19.05,  23.81,  33.33,  19.05, 14.00,   0.659,   0.238,   0.637,   0.093,    3.916,    1.199
WIN21-MIN,>12048,  -9.52,  -4.76,   21, 100.00,  0.00,  0.00,  0.00,  0.00,  0.00,  0.00,  0.00,  0.00,  0.00,  0.00,  0.00,  0.00,  0.00,  0.00,  0.00,  0.00,  0.00,  0.00,  0.00,  0.00,   0.00,   0.00, -19.05,   0.00,   0.00,  1.00,   0.380,   0.000,  -0.236,  -0.152,    2.715,    0.821
WIN51-MAX,>12048,   7.84,   9.80,   51, 100.00, 19.61,  3.92, 11.76,  3.92,  7.84, 15.69,  3.92, 11.76,  9.80, 15.69,  5.88, 13.73,  9.80,  7.84,  7.84, 11.76,  9.80, 15.69,  9.80,  5.88,  13.73,  15.69,  11.76,  25.49,  17.65, 11.46,   0.603,   0.118,   0.470,   0.017,    4.109,    1.131
WIN51-MIN,>12048,  -3.92,   0.00,   51, 100.00,  0.00,  0.00,  0.00,  0.00,  0.00,  0.00,  0.00,  0.00,  0.00,  0.00,  0.00,  0.00,  0.00,  0.00,  0.00,  0.00,  0.00,  0.00,  0.00,  0.00,   0.00,   1.96,  -9.80,   5.88,   0.00,  1.00,   0.437,   0.000,   0.015,  -0.105,    3.412,    0.932

WHOLE-SEQ,>115214,   1.98,   3.96,  303, 100.00, 11.22,  0.66,  5.94,  1.98,  3.30,  8.25,  0.66,  5.61,  4.62,  7.59,  2.31,  7.59,  4.29,  5.94,  2.64,  7.26,  5.61,  9.24,  2.64,  2.64,   7.26,   7.92,  -0.66,  15.18,   8.58,  5.84,   0.495,   0.007,   0.221,  -0.062,    4.069,    0.999
WIN21-MAX,>115214,  14.29,  14.29,   21, 100.00, 28.57,  9.52, 14.29,  9.52,  9.52, 28.57,  4.76, 14.29, 14.29, 28.57,  9.52, 19.05, 19.05, 14.29,  9.52, 23.81, 28.57, 28.57,  9.52,  9.52,  23.81,  19.05,  23.81,  33.33,  19.05, 14.00,   0.659,   0.238,   0.637,   0.099,    3.880,    1.199
WIN21-MIN,>115214,  -9.52,  -4.76,   21, 100.00,  0.00,  0.00,  0.00,  0.00,  0.00,  0.00,  0.00,  0.00,  0.00,  0.00,  0.00,  0.00,  0.00,  0.00,  0.00,  0.00,  0.00,  0.00,  0.00,  0.00,   0.00,   0.00, -19.05,   0.00,   0.00,  1.00,   0.394,   0.000,  -0.202,  -0.183,    2.715,    0.828
WIN51-MAX,>115214,   7.84,   9.80,   51, 100.00, 19.61,  3.92, 11.76,  3.92,  7.84, 15.69,  3.92,  9.80,  9.80, 15.69,  5.88, 13.73,  9.80,  9.80,  7.84, 13.73, 13.73, 15.69,  9.80,  5.88,  15.69,  15.69,  11.76,  27.45,  17.65, 11.46,   0.603,   0.118,   0.470,   0.020,    4.045,    1.122
WIN51-MIN,>115214,  -1.96,   0.00,   51, 100.00,  0.00,  0.00,  0.00,  0.00,  0.00,  0.00,  0.00,  0.00,  0.00,  0.00,  0.00,  0.00,  0.00,  0.00,  0.00,  0.00,  0.00,  0.00,  0.00,  0.00,   0.00,   1.96,  -9.80,   5.88,   0.00,  1.00,   0.447,   0.000,   0.027,  -0.123,    3.412,    0.932

WHOLE-SEQ,>32586,   1.32,   3.96,  303, 100.00, 11.55,  0.99,  6.27,  2.31,  3.63,  8.25,  0.66,  5.94,  4.29,  7.59,  1.65,  6.93,  4.62,  5.61,  2.97,  6.93,  5.94,  8.91,  2.31,  2.64,   7.26,   8.58,  -1.32,  15.84,   8.58,  5.23,   0.497,   0.013,   0.221,  -0.061,    4.077,    1.000
WIN21-MAX,>32586,   9.52,  14.29,   21, 100.00, 28.57,  9.52, 14.29, 14.29,  9.52, 28.57,  4.76, 14.29, 14.29, 28.57,  9.52, 19.05, 19.05, 14.29,  9.52, 19.05, 23.81, 28.57,  9.52,  9.52,  23.81,  23.81,  23.81,  33.33,  19.05, 14.00,   0.659,   0.238,   0.637,   0.092,    3.880,    1.220
WIN21-MIN,>32586,  -9.52,  -9.52,   21, 100.00,  0.00,  0.00,  0.00,  0.00,  0.00,  0.00,  0.00,  0.00,  0.00,  0.00,  0.00,  0.00,  0.00,  0.00,  0.00,  0.00,  0.00,  0.00,  0.00,  0.00,   0.00,   0.00, -23.81,   0.00,   0.00,  1.00,   0.380,   0.000,  -0.283,  -0.152,    2.715,    0.820
WIN51-MAX,>32586,   7.84,   9.80,   51, 100.00, 19.61,  3.92, 11.76,  5.88,  7.84, 15.69,  3.92, 11.76,  9.80, 15.69,  3.92, 13.73,  9.80,  7.84,  7.84, 11.76, 11.76, 15.69,  9.80,  5.88,  13.73,  15.69,  11.76,  25.49,  17.65, 11.46,   0.604,   0.118,   0.473,   0.017,    4.109,    1.137
WIN51-MIN,>32586,  -3.92,  -1.96,   51, 100.00,  0.00,  0.00,  0.00,  0.00,  0.00,  0.00,  0.00,  0.00,  0.00,  0.00,  0.00,  0.00,  0.00,  0.00,  0.00,  0.00,  0.00,  0.00,  0.00,  0.00,   0.00,   1.96,  -9.80,   5.88,   0.00,  1.00,   0.437,   0.000,  -0.005,  -0.110,    3.412,    0.932

WHOLE-SEQ,>3262,   1.32,   3.96,  303, 100.00, 11.22,  0.66,  6.27,  2.31,  3.63,  8.25,  0.66,  5.61,  3.96,  7.59,  1.98,  7.26,  4.62,  6.27,  2.64,  6.93,  5.94,  8.91,  2.64,  2.64,   6.60,   8.58,  -1.98,  15.18,   8.91,  4.90,   0.494,   0.020,   0.204,  -0.060,    4.074,    0.997
WIN21-MAX,>3262,   9.52,  14.29,   21, 100.00, 28.57,  9.52, 14.29, 14.29, 14.29, 28.57,  4.76, 14.29, 14.29, 28.57,  9.52, 19.05, 19.05, 14.29,  9.52, 23.81, 28.57, 28.57,  9.52,  9.52,  23.81,  23.81,  23.81,  33.33,  23.81, 14.00,   0.659,   0.238,   0.637,   0.097,    3.880,    1.220
WIN21-MIN,>3262,  -9.52,  -9.52,   21, 100.00,  0.00,  0.00,  0.00,  0.00,  0.00,  0.00,  0.00,  0.00,  0.00,  0.00,  0.00,  0.00,  0.00,  0.00,  0.00,  0.00,  0.00,  0.00,  0.00,  0.00,   0.00,   0.00, -23.81,   0.00,   0.00,  1.00,   0.380,   0.000,  -0.283,  -0.152,    2.715,    0.826
WIN51-MAX,>3262,   7.84,   9.80,   51, 100.00, 19.61,  3.92, 11.76,  5.88,  7.84, 15.69,  3.92,  9.80,  9.80, 15.69,  5.88, 15.69,  9.80,  9.80,  7.84, 13.73, 13.73, 15.69,  9.80,  5.88,  13.73,  15.69,  11.76,  25.49,  15.69, 11.46,   0.604,   0.118,   0.473,   0.019,    4.109,    1.111
WIN51-MIN,>3262,  -3.92,  -1.96,   51, 100.00,  0.00,  0.00,  0.00,  0.00,  0.00,  0.00,  0.00,  0.00,  0.00,  0.00,  0.00,  0.00,  0.00,  0.00,  0.00,  0.00,  0.00,  0.00,  0.00,  0.00,   0.00,   1.96,  -9.80,   5.88,   0.00,  1.00,   0.437,   0.000,  -0.024,  -0.110,    3.412,    0.932

WHOLE-SEQ,>48055,   1.98,   4.29,  303, 100.00, 11.55,  0.66,  6.27,  1.98,  3.63,  8.25,  0.66,  5.61,  4.29,  7.59,  1.98,  7.59,  4.62,  6.27,  2.31,  6.93,  5.61,  9.24,  2.31,  2.64,   6.60,   8.25,  -1.65,  14.85,   8.58,  4.98,   0.497,   0.017,   0.216,  -0.060,    4.056,    0.996
WIN21-MAX,>48055,  14.29,  14.29,   21, 100.00, 28.57,  9.52, 14.29,  9.52, 14.29, 28.57,  4.76, 14.29, 14.29, 28.57,  9.52, 19.05, 19.05, 14.29,  9.52, 23.81, 28.57, 28.57,  9.52,  9.52,  23.81,  19.05,  23.81,  33.33,  19.05, 14.00,   0.659,   0.238,   0.637,   0.096,    3.880,    1.220
WIN21-MIN,>48055,  -9.52,  -4.76,   21, 100.00,  0.00,  0.00,  0.00,  0.00,  0.00,  0.00,  0.00,  0.00,  0.00,  0.00,  0.00,  0.00,  0.00,  0.00,  0.00,  0.00,  0.00,  0.00,  0.00,  0.00,   0.00,   0.00, -19.05,   0.00,   0.00,  1.00,   0.397,   0.000,  -0.202,  -0.152,    2.715,    0.826
WIN51-MAX,>48055,   7.84,   9.80,   51, 100.00, 19.61,  3.92, 11.76,  3.92,  7.84, 15.69,  3.92,  9.80,  9.80, 15.69,  5.88, 15.69,  9.80,  9.80,  7.84, 13.73, 13.73, 15.69,  9.80,  5.88,  13.73,  15.69,  11.76,  25.49,  15.69, 11.46,   0.604,   0.118,   0.473,   0.019,    4.109,    1.111
WIN51-MIN,>48055,  -3.92,   0.00,   51, 100.00,  0.00,  0.00,  0.00,  0.00,  0.00,  0.00,  0.00,  0.00,  0.00,  0.00,  0.00,  0.00,  0.00,  0.00,  0.00,  0.00,  0.00,  0.00,  0.00,  0.00,   0.00,   1.96,  -9.80,   5.88,   0.00,  1.00,   0.444,   0.000,  -0.024,  -0.110,    3.412,    0.932

WHOLE-SEQ,>10413,   1.32,   3.96,  303, 100.00, 11.22,  0.99,  5.94,  1.98,  3.30,  8.25,  0.66,  5.61,  4.29,  7.59,  1.65,  7.59,  4.62,  5.94,  2.97,  7.26,  5.61,  9.24,  2.64,  2.64,   7.26,   7.92,  -0.66,  15.18,   8.58,  5.84,   0.494,   0.007,   0.218,  -0.059,    4.072,    0.999
WIN21-MAX,>10413,   9.52,  14.29,   21, 100.00, 28.57,  9.52, 14.29,  9.52,  9.52, 28.57,  4.76, 14.29, 14.29, 28.57,  9.52, 19.05, 19.05, 14.29,  9.52, 23.81, 28.57, 28.57,  9.52,  9.52,  23.81,  19.05,  23.81,  33.33,  19.05, 14.00,   0.659,   0.238,   0.637,   0.099,    3.880,    1.220
WIN21-MIN,>10413,  -9.52,  -4.76,   21, 100.00,  0.00,  0.00,  0.00,  0.00,  0.00,  0.00,  0.00,  0.00,  0.00,  0.00,  0.00,  0.00,  0.00,  0.00,  0.00,  0.00,  0.00,  0.00,  0.00,  0.00,   0.00,   0.00, -19.05,   0.00,   0.00,  1.00,   0.394,   0.000,  -0.202,  -0.152,    2.715,    0.828
WIN51-MAX,>10413,   7.84,   9.80,   51, 100.00, 19.61,  3.92, 11.76,  3.92,  7.84, 15.69,  3.92,  9.80,  9.80, 15.69,  3.92, 13.73,  9.80,  9.80,  7.84, 13.73, 13.73, 15.69,  9.80,  5.88,  13.73,  15.69,  11.76,  25.49,  15.69, 11.46,   0.604,   0.118,   0.473,   0.020,    4.109,    1.115
WIN51-MIN,>10413,  -3.92,   0.00,   51, 100.00,  0.00,  0.00,  0.00,  0.00,  0.00,  0.00,  0.00,  0.00,  0.00,  0.00,  0.00,  0.00,  0.00,  0.00,  0.00,  0.00,  0.00,  0.00,  0.00,  0.00,   0.00,   1.96,  -9.80,   5.88,   0.00,  1.00,   0.447,   0.000,  -0.004,  -0.110,    3.412,    0.932

WHOLE-SEQ,>33650,   1.65,   3.63,  303, 100.00, 11.22,  0.66,  5.94,  2.31,  3.30,  8.25,  0.66,  5.61,  4.29,  7.59,  2.31,  7.59,  4.62,  5.94,  2.64,  6.93,  5.94,  8.91,  2.64,  2.64,   6.93,   8.25,  -1.32,  15.18,   8.58,  5.22,   0.493,   0.013,   0.209,  -0.060,    4.077,    0.996
WIN21-MAX,>33650,   9.52,  14.29,   21, 100.00, 28.57,  9.52, 14.29, 14.29, 14.29, 28.57,  4.76, 14.29, 14.29, 28.57,  9.52, 19.05, 19.05, 14.29,  9.52, 19.05, 28.57, 28.57,  9.52,  9.52,  23.81,  23.81,  23.81,  33.33,  23.81, 14.00,   0.659,   0.238,   0.637,   0.091,    3.880,    1.199
WIN21-MIN,>33650,  -9.52,  -9.52,   21, 100.00,  0.00,  0.00,  0.00,  0.00,  0.00,  0.00,  0.00,  0.00,  0.00,  0.00,  0.00,  0.00,  0.00,  0.00,  0.00,  0.00,  0.00,  0.00,  0.00,  0.00,   0.00,   0.00, -23.81,   0.00,   0.00,  1.00,   0.380,   0.000,  -0.283,  -0.152,    2.715,    0.826
WIN51-MAX,>33650,   7.84,   9.80,   51, 100.00, 19.61,  3.92, 11.76,  5.88,  7.84, 15.69,  3.92,  9.80,  9.80, 15.69,  5.88, 13.73,  9.80,  9.80,  7.84, 11.76, 11.76, 15.69,  9.80,  5.88,  13.73,  15.69,  11.76,  25.49,  15.69, 11.46,   0.603,   0.118,   0.470,   0.016,    4.109,    1.108
WIN51-MIN,>33650,  -3.92,  -1.96,   51, 100.00,  0.00,  0.00,  0.00,  0.00,  0.00,  0.00,  0.00,  0.00,  0.00,  0.00,  0.00,  0.00,  0.00,  0.00,  0.00,  0.00,  0.00,  0.00,  0.00,  0.00,   0.00,   1.96,  -9.80,   5.88,   0.00,  1.00,   0.437,   0.000,  -0.008,  -0.106,    3.412,    0.932

WHOLE-SEQ,>53623,   1.98,   3.96,  303, 100.00, 11.22,  0.99,  5.94,  1.98,  3.63,  8.25,  0.66,  5.61,  4.29,  7.59,  1.65,  7.92,  4.62,  6.27,  2.31,  7.26,  5.61,  8.91,  2.64,  2.64,   6.60,   7.92,  -1.32,  14.52,   8.91,  5.18,   0.494,   0.013,   0.212,  -0.057,    4.067,    0.996
WIN21-MAX,>53623,  14.29,  14.29,   21, 100.00, 28.57,  9.52, 14.29,  9.52, 14.29, 28.57,  4.76, 14.29, 14.29, 28.57,  9.52, 19.05, 19.05, 14.29,  9.52, 23.81, 28.57, 28.57,  9.52,  9.52,  23.81,  19.05,  23.81,  33.33,  23.81, 14.00,   0.659,   0.238,   0.637,   0.097,    3.880,    1.220
WIN21-MIN,>53623,  -9.52,  -4.76,   21, 100.00,  0.00,  0.00,  0.00,  0.00,  0.00,  0.00,  0.00,  0.00,  0.00,  0.00,  0.00,  0.00,  0.00,  0.00,  0.00,  0.00,  0.00,  0.00,  0.00,  0.00,   0.00,   0.00, -19.05,   0.00,   0.00,  1.00,   0.380,   0.000,  -0.236,  -0.152,    2.715,    0.821
WIN51-MAX,>53623,   7.84,   9.80,   51, 100.00, 19.61,  3.92, 11.76,  3.92,  7.84, 15.69,  3.92,  9.80,  9.80, 15.69,  3.92, 13.73,  9.80,  9.80,  7.84, 13.73, 11.76, 15.69,  9.80,  5.88,  13.73,  15.69,  11.76,  25.49,  15.69, 11.46,   0.604,   0.118,   0.473,   0.019,    4.109,    1.115
WIN51-MIN,>53623,  -3.92,   0.00,   51, 100.00,  0.00,  0.00,  0.00,  0.00,  0.00,  0.00,  0.00,  0.00,  0.00,  0.00,  0.00,  0.00,  0.00,  0.00,  0.00,  0.00,  0.00,  0.00,  0.00,  0.00,   0.00,   1.96,  -9.80,   5.88,   0.00,  1.00,   0.438,   0.000,  -0.004,  -0.105,    3.412,    0.932

WHOLE-SEQ,>46898,   1.65,   3.96,  303, 100.00, 11.22,  0.99,  5.94,  1.98,  3.30,  8.25,  0.99,  5.61,  4.29,  7.59,  1.65,  7.59,  4.62,  5.94,  2.64,  7.26,  5.61,  9.24,  2.64,  2.64,   6.93,   7.92,  -0.99,  14.85,   8.58,  5.73,   0.494,   0.010,   0.216,  -0.059,    4.077,    0.999
WIN21-MAX,>46898,  14.29,  14.29,   21, 100.00, 28.57,  9.52, 14.29,  9.52,  9.52, 28.57,  9.52, 14.29, 14.29, 28.57,  9.52, 19.05, 19.05, 14.29,  9.52, 23.81, 28.57, 28.57,  9.52,  9.52,  23.81,  19.05,  23.81,  33.33,  19.05, 14.00,   0.659,   0.238,   0.637,   0.099,    3.880,    1.220
WIN21-MIN,>46898,  -9.52,  -4.76,   21, 100.00,  0.00,  0.00,  0.00,  0.00,  0.00,  0.00,  0.00,  0.00,  0.00,  0.00,  0.00,  0.00,  0.00,  0.00,  0.00,  0.00,  0.00,  0.00,  0.00,  0.00,   0.00,   0.00, -19.05,   0.00,   0.00,  1.00,   0.394,   0.000,  -0.202,  -0.152,    2.715,    0.828
WIN51-MAX,>46898,   7.84,   9.80,   51, 100.00, 19.61,  3.92, 11.76,  3.92,  7.84, 15.69,  5.88,  9.80,  9.80, 15.69,  3.92, 13.73,  9.80,  9.80,  7.84, 13.73, 13.73, 15.69,  9.80,  5.88,  13.73,  15.69,  11.76,  25.49,  15.69, 11.46,   0.604,   0.118,   0.473,   0.020,    4.109,    1.119
WIN51-MIN,>46898,  -3.92,   0.00,   51, 100.00,  0.00,  0.00,  0.00,  0.00,  0.00,  0.00,  0.00,  0.00,  0.00,  0.00,  0.00,  0.00,  0.00,  0.00,  0.00,  0.00,  0.00,  0.00,  0.00,  0.00,   0.00,   1.96,  -9.80,   5.88,   0.00,  1.00,   0.447,   0.000,  -0.002,  -0.110,    3.412,    0.932

WHOLE-SEQ,>20335,   1.65,   4.29,  303, 100.00, 11.22,  0.66,  6.27,  1.98,  3.30,  8.25,  0.66,  5.94,  4.29,  7.59,  2.31,  7.26,  4.29,  6.27,  2.64,  7.26,  5.61,  8.91,  2.64,  2.64,   6.93,   8.25,  -1.32,  15.18,   8.58,  5.20,   0.495,   0.013,   0.215,  -0.063,    4.071,    0.998
WIN21-MAX,>20335,   9.52,  14.29,   21, 100.00, 28.57,  9.52, 14.29,  9.52, 14.29, 28.57,  4.76, 14.29, 14.29, 28.57,  9.52, 19.05, 19.05, 14.29,  9.52, 23.81, 23.81, 28.57,  9.52,  9.52,  23.81,  19.05,  23.81,  33.33,  23.81, 14.00,   0.659,   0.238,   0.637,   0.097,    3.880,    1.199
WIN21-MIN,>20335,  -9.52,  -4.76,   21, 100.00,  0.00,  0.00,  0.00,  0.00,  0.00,  0.00,  0.00,  0.00,  0.00,  0.00,  0.00,  0.00,  0.00,  0.00,  0.00,  0.00,  0.00,  0.00,  0.00,  0.00,   0.00,   0.00, -19.05,   0.00,   0.00,  1.00,   0.380,   0.000,  -0.236,  -0.183,    2.715,    0.821
WIN51-MAX,>20335,   7.84,   9.80,   51, 100.00, 19.61,  3.92, 11.76,  3.92,  7.84, 15.69,  3.92, 11.76,  9.80, 15.69,  5.88, 13.73,  9.80,  9.80,  7.84, 13.73, 11.76, 15.69,  9.80,  5.88,  15.69,  15.69,  11.76,  27.45,  15.69, 11.46,   0.603,   0.118,   0.470,   0.019,    4.045,    1.122
WIN51-MIN,>20335,  -1.96,   0.00,   51, 100.00,  0.00,  0.00,  0.00,  0.00,  0.00,  0.00,  0.00,  0.00,  0.00,  0.00,  0.00,  0.00,  0.00,  0.00,  0.00,  0.00,  0.00,  0.00,  0.00,  0.00,   0.00,   1.96,  -9.80,   5.88,   0.00,  1.00,   0.438,   0.000,  -0.003,  -0.123,    3.412,    0.932

WHOLE-SEQ,>86485,   1.65,   3.96,  303, 100.00, 11.22,  0.66,  6.27,  2.31,  3.30,  8.25,  0.66,  5.94,  4.29,  7.59,  2.31,  7.26,  4.62,  5.94,  2.64,  7.26,  5.28,  8.91,  2.64,  2.64,   6.93,   8.58,  -1.65,  15.51,   8.58,  5.01,   0.495,   0.017,   0.211,  -0.061,    4.077,    0.996
WIN21-MAX,>86485,   9.52,  14.29,   21, 100.00, 28.57,  9.52, 14.29, 14.29, 14.29, 28.57,  4.76, 14.29, 14.29, 28.57,  9.52, 19.05, 19.05, 14.29,  9.52, 23.81, 23.81, 28.57,  9.52,  9.52,  23.81,  23.81,  23.81,  33.33,  23.81, 14.00,   0.659,   0.238,   0.637,   0.097,    3.880,    1.199
WIN21-MIN,>86485,  -9.52,  -9.52,   21, 100.00,  0.00,  0.00,  0.00,  0.00,  0.00,  0.00,  0.00,  0.00,  0.00,  0.00,  0.00,  0.00,  0.00,  0.00,  0.00,  0.00,  0.00,  0.00,  0.00,  0.00,   0.00,   0.00, -23.81,   0.00,   0.00,  1.00,   0.380,   0.000,  -0.283,  -0.152,    2.715,    0.826
WIN51-MAX,>86485,   7.84,   9.80,   51, 100.00, 19.61,  3.92, 11.76,  5.88,  7.84, 15.69,  3.92, 11.76,  9.80, 15.69,  5.88, 13.73,  9.80,  9.80,  7.84, 13.73,  9.80, 15.69,  9.80,  5.88,  13.73,  15.69,  11.76,  25.49,  15.69, 11.46,   0.603,   0.118,   0.470,   0.019,    4.109,    1.118
WIN51-MIN,>86485,  -3.92,  -1.96,   51, 100.00,  0.00,  0.00,  0.00,  0.00,  0.00,  0.00,  0.00,  0.00,  0.00,  0.00,  0.00,  0.00,  0.00,  0.00,  0.00,  0.00,  0.00,  0.00,  0.00,  0.00,   0.00,   1.96,  -9.80,   5.88,   0.00,  1.00,   0.437,   0.000,  -0.005,  -0.106,    3.412,    0.932

WHOLE-SEQ,>34626,   1.32,   3.96,  303, 100.00, 11.55,  0.66,  5.94,  1.98,  3.63,  8.25,  0.66,  5.61,  4.29,  7.59,  1.98,  7.92,  4.62,  5.61,  2.97,  6.60,  5.94,  9.24,  2.31,  2.64,   7.26,   7.92,  -0.66,  15.18,   8.58,  5.84,   0.496,   0.007,   0.224,  -0.060,    4.063,    0.999
WIN21-MAX,>34626,   9.52,  14.29,   21, 100.00, 28.57,  9.52, 14.29,  9.52,  9.52, 28.57,  4.76, 14.29, 14.29, 28.57,  9.52, 19.05, 19.05, 14.29,  9.52, 19.05, 28.57, 28.57,  9.52,  9.52,  23.81,  19.05,  23.81,  33.33,  19.05, 14.00,   0.659,   0.238,   0.637,   0.092,    3.880,    1.220
WIN21-MIN,>34626,  -9.52,  -4.76,   21, 100.00,  0.00,  0.00,  0.00,  0.00,  0.00,  0.00,  0.00,  0.00,  0.00,  0.00,  0.00,  0.00,  0.00,  0.00,  0.00,  0.00,  0.00,  0.00,  0.00,  0.00,   0.00,   0.00, -19.05,   0.00,   0.00,  1.00,   0.394,   0.000,  -0.202,  -0.152,    2.715,    0.820
WIN51-MAX,>34626,   7.84,   9.80,   51, 100.00, 19.61,  3.92, 11.76,  3.92,  7.84, 15.69,  3.92,  9.80,  9.80, 15.69,  5.88, 15.69,  9.80,  7.84,  7.84, 11.76, 13.73, 15.69,  9.80,  5.88,  13.73,  15.69,  11.76,  25.49,  17.65, 11.46,   0.604,   0.118,   0.473,   0.017,    4.109,    1.117
WIN51-MIN,>34626,  -3.92,   0.00,   51, 100.00,  0.00,  0.00,  0.00,  0.00,  0.00,  0.00,  0.00,  0.00,  0.00,  0.00,  0.00,  0.00,  0.00,  0.00,  0.00,  0.00,  0.00,  0.00,  0.00,  0.00,   0.00,   1.96,  -9.80,   5.88,   0.00,  1.00,   0.447,   0.000,   0.014,  -0.110,    3.412,    0.932

WHOLE-SEQ,>93708,   1.98,   3.96,  303, 100.00, 11.22,  0.99,  5.94,  1.98,  3.63,  8.25,  0.66,  5.61,  4.62,  7.59,  1.98,  7.92,  4.62,  5.61,  2.64,  6.60,  5.94,  8.91,  2.64,  2.64,   7.26,   7.92,  -0.66,  15.18,   8.91,  5.84,   0.495,   0.007,   0.220,  -0.059,    4.080,    0.998
WIN21-MAX,>93708,  14.29,  14.29,   21, 100.00, 28.57,  9.52, 14.29,  9.52,  9.52, 28.57,  4.76, 14.29, 14.29, 28.57,  9.52, 19.05, 19.05, 14.29,  9.52, 19.05, 28.57, 28.57,  9.52,  9.52,  23.81,  19.05,  23.81,  33.33,  19.05, 14.00,   0.659,   0.238,   0.637,   0.093,    3.916,    1.220
WIN21-MIN,>93708,  -9.52,  -4.76,   21, 100.00,  0.00,  0.00,  0.00,  0.00,  0.00,  0.00,  0.00,  0.00,  0.00,  0.00,  0.00,  0.00,  0.00,  0.00,  0.00,  0.00,  0.00,  0.00,  0.00,  0.00,   0.00,   0.00, -19.05,   0.00,   0.00,  1.00,   0.380,   0.000,  -0.236,  -0.152,    2.715,    0.821
WIN51-MAX,>93708,   7.84,   9.80,   51, 100.00, 19.61,  3.92, 11.76,  3.92,  7.84, 15.69,  3.92,  9.80,  9.80, 15.69,  5.88, 15.69,  9.80,  7.84,  7.84, 11.76, 13.73, 15.69,  9.80,  5.88,  13.73,  15.69,  11.76,  25.49,  17.65, 11.46,   0.604,   0.118,   0.473,   0.017,    4.109,    1.123
WIN51-MIN,>93708,  -3.92,   0.00,   51, 100.00,  0.00,  0.00,  0.00,  0.00,  0.00,  0.00,  0.00,  0.00,  0.00,  0.00,  0.00,  0.00,  0.00,  0.00,  0.00,  0.00,  0.00,  0.00,  0.00,  0.00,   0.00,   1.96,  -9.80,   5.88,   0.00,  1.00,   0.437,   0.000,   0.015,  -0.110,    3.412,    0.927

WHOLE-SEQ,>31588,   1.32,   3.96,  303, 100.00, 11.22,  0.99,  6.27,  2.31,  3.63,  8.25,  0.66,  5.61,  4.29,  7.59,  1.65,  6.93,  4.62,  5.61,  2.97,  7.26,  5.61,  9.24,  2.64,  2.64,   7.26,   8.58,  -1.32,  15.84,   8.91,  5.23,   0.496,   0.013,   0.217,  -0.061,    4.081,    1.001
WIN21-MAX,>31588,   9.52,  14.29,   21, 100.00, 28.57,  9.52, 14.29, 14.29,  9.52, 28.57,  4.76, 14.29, 14.29, 28.57,  9.52, 19.05, 19.05, 14.29,  9.52, 23.81, 28.57, 28.57,  9.52,  9.52,  23.81,  23.81,  23.81,  33.33,  19.05, 14.00,   0.659,   0.238,   0.637,   0.099,    3.880,    1.220
WIN21-MIN,>31588,  -9.52,  -9.52,   21, 100.00,  0.00,  0.00,  0.00,  0.00,  0.00,  0.00,  0.00,  0.00,  0.00,  0.00,  0.00,  0.00,  0.00,  0.00,  0.00,  0.00,  0.00,  0.00,  0.00,  0.00,   0.00,   0.00, -23.81,   0.00,   0.00,  1.00,   0.394,   0.000,  -0.211,  -0.152,    2.715,    0.828
WIN51-MAX,>31588,   7.84,   9.80,   51, 100.00, 19.61,  3.92, 11.76,  5.88,  7.84, 15.69,  3.92,  9.80,  9.80, 15.69,  3.92, 13.73,  9.80,  7.84,  7.84, 13.73, 13.73, 15.69,  9.80,  5.88,  13.73,  15.69,  11.76,  25.49,  17.65, 11.46,   0.604,   0.118,   0.473,   0.020,    4.109,    1.128
WIN51-MIN,>31588,  -3.92,  -1.96,   51, 100.00,  0.00,  0.00,  0.00,  0.00,  0.00,  0.00,  0.00,  0.00,  0.00,  0.00,  0.00,  0.00,  0.00,  0.00,  0.00,  0.00,  0.00,  0.00,  0.00,  0.00,   0.00,   1.96,  -9.80,   5.88,   0.00,  1.00,   0.447,   0.000,   0.025,  -0.110,    3.412,    0.932

WHOLE-SEQ,>52419,   1.65,   4.29,  303, 100.00, 11.22,  0.99,  6.27,  1.98,  2.97,  8.25,  0.66,  5.94,  4.29,  7.59,  1.98,  7.59,  4.62,  6.27,  2.64,  6.93,  5.61,  8.91,  2.64,  2.64,   6.93,   8.25,  -1.32,  15.18,   8.25,  5.20,   0.493,   0.013,   0.209,  -0.059,    4.073,    0.995
WIN21-MAX,>52419,  14.29,  14.29,   21, 100.00, 28.57,  9.52, 14.29,  9.52,  9.52, 28.57,  4.76, 14.29, 14.29, 28.57,  9.52, 19.05, 19.05, 14.29,  9.52, 23.81, 23.81, 28.57,  9.52,  9.52,  23.81,  19.05,  23.81,  33.33,  19.05, 14.00,   0.659,   0.238,   0.637,   0.099,    3.880,    1.199
WIN21-MIN,>52419,  -9.52,  -4.76,   21, 100.00,  0.00,  0.00,  0.00,  0.00,  0.00,  0.00,  0.00,  0.00,  0.00,  0.00,  0.00,  0.00,  0.00,  0.00,  0.00,  0.00,  0.00,  0.00,  0.00,  0.00,   0.00,   0.00, -19.05,   0.00,   0.00,  1.00,   0.380,   0.000,  -0.236,  -0.152,    2.715,    0.821
WIN51-MAX,>52419,   7.84,   9.80,   51, 100.00, 19.61,  3.92, 11.76,  3.92,  7.84, 15.69,  3.92, 11.76,  9.80, 15.69,  3.92, 15.69,  9.80,  9.80,  7.84, 13.73, 11.76, 15.69,  9.80,  5.88,  13.73,  15.69,  11.76,  25.49,  15.69, 11.46,   0.603,   0.118,   0.470,   0.020,    4.109,    1.120
WIN51-MIN,>52419,  -3.92,   0.00,   51, 100.00,  0.00,  0.00,  0.00,  0.00,  0.00,  0.00,  0.00,  0.00,  0.00,  0.00,  0.00,  0.00,  0.00,  0.00,  0.00,  0.00,  0.00,  0.00,  0.00,  0.00,   0.00,   1.96,  -9.80,   5.88,   0.00,  1.00,   0.438,   0.000,  -0.003,  -0.110,    3.412,    0.932

WHOLE-SEQ,>16170,   1.65,   3.96,  303, 100.00, 11.22,  0.66,  6.27,  2.31,  3.30,  8.25,  0.66,  5.94,  4.29,  7.59,  1.98,  7.26,  4.62,  6.27,  2.64,  6.93,  5.28,  9.24,  2.64,  2.64,   6.93,   8.58,  -1.65,  15.51,   8.58,  5.01,   0.495,   0.017,   0.211,  -0.063,    4.070,    0.998
WIN21-MAX,>16170,  14.29,  14.29,   21, 100.00, 28.57,  9.52, 14.29,  9.52,  9.52, 28.57,  4.76, 14.29, 14.29, 28.57,  9.52, 19.05, 19.05, 14.29,  9.52, 19.05, 23.81, 28.57,  9.52,  9.52,  23.81,  19.05,  23.81,  33.33,  19.05, 14.00,   0.659,   0.238,   0.637,   0.093,    3.880,    1.220
WIN21-MIN,>16170,  -9.52,  -4.76,   21, 100.00,  0.00,  0.00,  0.00,  0.00,  0.00,  0.00,  0.00,  0.00,  0.00,  0.00,  0.00,  0.00,  0.00,  0.00,  0.00,  0.00,  0.00,  0.00,  0.00,  0.00,   0.00,   0.00, -19.05,   0.00,   0.00,  1.00,   0.394,   0.000,  -0.202,  -0.152,    2.715,    0.835
WIN51-MAX,>16170,   7.84,   9.80,   51, 100.00, 19.61,  3.92, 11.76,  5.88,  7.84, 15.69,  3.92, 11.76,  9.80, 15.69,  5.88, 11.76,  9.80,  9.80,  7.84, 11.76,  9.80, 15.69,  9.80,  5.88,  13.73,  15.69,   9.80,  25.49,  15.69, 10.98,   0.604,   0.098,   0.473,   0.017,    4.109,    1.120
WIN51-MIN,>16170,  -3.92,   0.00,   51, 100.00,  0.00,  0.00,  0.00,  0.00,  0.00,  0.00,  0.00,  0.00,  0.00,  0.00,  0.00,  0.00,  0.00,  0.00,  0.00,  0.00,  0.00,  0.00,  0.00,  0.00,   0.00,   1.96,  -9.80,   5.88,   0.00,  1.00,   0.448,   0.000,   0.027,  -0.107,    3.412,    0.932

WHOLE-SEQ,>37181,   1.65,   3.96,  303, 100.00, 11.22,  0.99,  5.94,  1.98,  3.63,  8.25,  0.99,  5.61,  4.29,  7.59,  1.65,  7.59,  4.62,  5.61,  2.64,  7.26,  5.94,  8.91,  2.64,  2.64,   6.93,   7.92,  -0.99,  14.85,   8.91,  5.73,   0.495,   0.010,   0.217,  -0.057,    4.082,    0.999
WIN21-MAX,>37181,   9.52,  14.29,   21, 100.00, 28.57,  9.52, 14.29,  9.52, 14.29, 28.57,  9.52, 14.29, 14.29, 28.57,  9.52, 19.05, 19.05, 14.29,  9.52, 23.81, 28.57, 28.57,  9.52,  9.52,  23.81,  19.05,  23.81,  33.33,  23.81, 14.00,   0.659,   0.238,   0.637,   0.097,    3.916,    1.220
WIN21-MIN,>37181,  -9.52,  -4.76,   21, 100.00,  0.00,  0.00,  0.00,  0.00,  0.00,  0.00,  0.00,  0.00,  0.00,  0.00,  0.00,  0.00,  0.00,  0.00,  0.00,  0.00,  0.00,  0.00,  0.00,  0.00,   0.00,   0.00, -19.05,   0.00,   0.00,  1.00,   0.380,   0.000,  -0.236,  -0.152,    2.715,    0.821
WIN51-MAX,>37181,   7.84,   9.80,   51, 100.00, 19.61,  3.92, 11.76,  3.92,  7.84, 15.69,  5.88,  9.80,  9.80, 15.69,  3.92, 13.73,  9.80,  7.84,  7.84, 13.73, 13.73, 15.69,  9.80,  5.88,  13.73,  15.69,  11.76,  25.49,  15.69, 11.46,   0.604,   0.118,   0.473,   0.019,    4.109,    1.119
WIN51-MIN,>37181,  -3.92,   0.00,   51, 100.00,  0.00,  0.00,  0.00,  0.00,  0.00,  0.00,  0.00,  0.00,  0.00,  0.00,  0.00,  0.00,  0.00,  0.00,  0.00,  0.00,  0.00,  0.00,  0.00,  0.00,   0.00,   1.96,  -9.80,   5.88,   0.00,  1.00,   0.437,   0.000,  -0.002,  -0.110,    3.412,    0.932

WHOLE-SEQ,>38670,   1.32,   3.96,  303, 100.00, 11.22,  0.66,  6.27,  2.31,  3.30,  8.25,  0.66,  5.94,  4.29,  7.59,  2.31,  7.26,  4.62,  5.61,  2.97,  6.93,  5.61,  8.91,  2.64,  2.64,   7.26,   8.58,  -1.32,  15.84,   8.58,  5.23,   0.495,   0.013,   0.213,  -0.061,    4.081,    0.997
WIN21-MAX,>38670,   9.52,  14.29,   21, 100.00, 28.57,  9.52, 14.29,  9.52,  9.52, 28.57,  4.76, 14.29, 14.29, 28.57,  9.52, 19.05, 19.05, 14.29,  9.52, 19.05, 23.81, 28.57,  9.52,  9.52,  23.81,  19.05,  23.81,  33.33,  19.05, 14.00,   0.659,   0.238,   0.637,   0.093,    3.916,    1.199
WIN21-MIN,>38670,  -9.52,  -4.76,   21, 100.00,  0.00,  0.00,  0.00,  0.00,  0.00,  0.00,  0.00,  0.00,  0.00,  0.00,  0.00,  0.00,  0.00,  0.00,  0.00,  0.00,  0.00,  0.00,  0.00,  0.00,   0.00,   0.00, -19.05,   0.00,   0.00,  1.00,   0.380,   0.000,  -0.236,  -0.152,    2.715,    0.821
WIN51-MAX,>38670,   7.84,   9.80,   51, 100.00, 19.61,  3.92, 11.76,  5.88,  7.84, 15.69,  3.92, 11.76,  9.80, 15.69,  5.88, 11.76,  9.80,  7.84,  7.84, 11.76,  9.80, 15.69,  9.80,  5.88,  13.73,  15.69,   9.80,  25.49,  17.65, 11.26,   0.603,   0.098,   0.470,   0.017,    4.109,    1.133
WIN51-MIN,>38670,  -3.92,   0.00,   51, 100.00,  0.00,  0.00,  0.00,  0.00,  0.00,  0.00,  0.00,  0.00,  0.00,  0.00,  0.00,  0.00,  0.00,  0.00,  0.00,  0.00,  0.00,  0.00,  0.00,  0.00,   0.00,   1.96,  -9.80,   5.88,   0.00,  1.00,   0.437,   0.000,   0.015,  -0.107,    3.412,    0.932

WHOLE-SEQ,>99233,   1.65,   3.96,  303, 100.00, 11.22,  0.99,  6.27,  2.31,  2.97,  8.25,  0.66,  5.61,  4.29,  7.59,  1.98,  7.26,  4.62,  6.27,  2.64,  6.93,  5.61,  9.24,  2.64,  2.64,   6.93,   8.58,  -1.65,  15.51,   8.25,  5.01,   0.493,   0.017,   0.205,  -0.060,    4.077,    0.996
WIN21-MAX,>99233,  14.29,  14.29,   21, 100.00, 28.57,  9.52, 14.29, 14.29,  9.52, 28.57,  4.76, 14.29, 14.29, 28.57,  9.52, 19.05, 19.05, 14.29,  9.52, 23.81, 28.57, 28.57,  9.52,  9.52,  23.81,  23.81,  23.81,  33.33,  19.05, 14.00,   0.659,   0.238,   0.637,   0.099,    3.880,    1.199
WIN21-MIN,>99233,  -9.52,  -9.52,   21, 100.00,  0.00,  0.00,  0.00,  0.00,  0.00,  0.00,  0.00,  0.00,  0.00,  0.00,  0.00,  0.00,  0.00,  0.00,  0.00,  0.00,  0.00,  0.00,  0.00,  0.00,   0.00,   0.00, -23.81,   0.00,   0.00,  1.00,   0.394,   0.000,  -0.211,  -0.152,    2.715,    0.828
WIN51-MAX,>99233,   7.84,   9.80,   51, 100.00, 19.61,  3.92, 11.76,  5.88,  7.84, 15.69,  3.92,  9.80,  9.80, 15.69,  3.92, 15.69,  9.80,  9.80,  7.84, 13.73, 13.73, 15.69,  9.80,  5.88,  13.73,  15.69,  11.76,  25.49,  15.69, 11.46,   0.603,   0.118,   0.470,   0.020,    4.109,    1.111
WIN51-MIN,>99233,  -3.92,  -1.96,   51, 100.00,  0.00,  0.00,  0.00,  0.00,  0.00,  0.00,  0.00,  0.00,  0.00,  0.00,  0.00,  0.00,  0.00,  0.00,  0.00,  0.00,  0.00,  0.00,  0.00,  0.00,   0.00,   1.96,  -9.80,   5.88,   0.00,  1.00,   0.444,   0.000,  -0.021,  -0.110,    3.412,    0.932

WHOLE-SEQ,>44869,   1.32,   3.30,  303, 100.00, 11.22,  0.66,  5.94,  2.64,  3.63,  8.25,  0.66,  5.61,  3.96,  7.59,  1.98,  7.26,  4.62,  6.27,  2.64,  7.26,  5.61,  8.91,  2.64,  2.64,   6.60,   8.58,  -1.98,  15.18,   8.91,  4.91,   0.494,   0.020,   0.204,  -0.061,    4.077,    0.996
WIN21-MAX,>44869,   9.52,  14.29,   21, 100.00, 28.57,  9.52, 14.29, 14.29, 14.29, 28.57,  4.76, 14.29, 14.29, 28.57,  9.52, 19.05, 19.05, 14.29,  9.52, 23.81, 28.57, 28.57,  9.52,  9.52,  23.81,  23.81,  23.81,  33.33,  23.81, 14.00,   0.659,   0.238,   0.637,   0.097,    3.880,    1.220
WIN21-MIN,>44869,  -9.52,  -9.52,   21, 100.00,  0.00,  0.00,  0.00,  0.00,  0.00,  0.00,  0.00,  0.00,  0.00,  0.00,  0.00,  0.00,  0.00,  0.00,  0.00,  0.00,  0.00,  0.00,  0.00,  0.00,   0.00,   0.00, -23.81,   0.00,   0.00,  1.00,   0.380,   0.000,  -0.283,  -0.152,    2.715,    0.826
WIN51-MAX,>44869,   7.84,   9.80,   51, 100.00, 19.61,  3.92, 11.76,  5.88,  7.84, 15.69,  3.92,  9.80,  9.80, 15.69,  5.88, 13.73,  9.80,  9.80,  7.84, 13.73, 11.76, 15.69,  9.80,  5.88,  13.73,  15.69,   9.80,  25.49,  15.69, 11.26,   0.604,   0.098,   0.473,   0.019,    4.109,    1.110
WIN51-MIN,>44869,  -3.92,  -1.96,   51, 100.00,  0.00,  0.00,  0.00,  0.00,  0.00,  0.00,  0.00,  0.00,  0.00,  0.00,  0.00,  0.00,  0.00,  0.00,  0.00,  0.00,  0.00,  0.00,  0.00,  0.00,   0.00,   1.96,  -9.80,   5.88,   0.00,  1.00,   0.438,   0.000,  -0.022,  -0.108,    3.412,    0.932

WHOLE-SEQ,>3967,   1.65,   4.29,  303, 100.00, 11.22,  0.66,  6.27,  1.98,  3.30,  8.25,  0.66,  5.94,  4.29,  7.59,  1.98,  7.59,  4.62,  6.27,  2.64,  6.93,  5.28,  9.24,  2.64,  2.64,   6.93,   8.25,  -1.32,  15.18,   8.58,  5.20,   0.495,   0.013,   0.214,  -0.061,    4.065,    0.998
WIN21-MAX,>3967,  14.29,  14.29,   21, 100.00, 28.57,  9.52, 14.29,  9.52,  9.52, 28.57,  4.76, 14.29, 14.29, 28.57,  9.52, 19.05, 19.05, 14.29,  9.52, 19.05, 23.81, 28.57,  9.52,  9.52,  23.81,  19.05,  23.81,  33.33,  19.05, 14.00,   0.659,   0.238,   0.637,   0.093,    3.880,    1.220
WIN21-MIN,>3967,  -9.52,  -4.76,   21, 100.00,  0.00,  0.00,  0.00,  0.00,  0.00,  0.00,  0.00,  0.00,  0.00,  0.00,  0.00,  0.00,  0.00,  0.00,  0.00,  0.00,  0.00,  0.00,  0.00,  0.00,   0.00,   0.00, -19.05,   0.00,   0.00,  1.00,   0.394,   0.000,  -0.202,  -0.152,    2.715,    0.835
WIN51-MAX,>3967,   7.84,   9.80,   51, 100.00, 19.61,  3.92, 11.76,  3.92,  7.84, 15.69,  3.92, 11.76,  9.80, 15.69,  5.88, 13.73,  9.80,  9.80,  7.84, 11.76,  9.80, 15.69,  9.80,  5.88,  13.73,  15.69,  11.76,  25.49,  15.69, 11.46,   0.604,   0.118,   0.473,   0.017,    4.109,    1.118
WIN51-MIN,>3967,  -3.92,   0.00,   51, 100.00,  0.00,  0.00,  0.00,  0.00,  0.00,  0.00,  0.00,  0.00,  0.00,  0.00,  0.00,  0.00,  0.00,  0.00,  0.00,  0.00,  0.00,  0.00,  0.00,  0.00,   0.00,   1.96,  -9.80,   5.88,   0.00,  1.00,   0.448,   0.000,   0.024,  -0.105,    3.412,    0.932

SUMS, for this set of seqs, overall K minus R and D minus E percentages =  1.548  3.979

SUMS, for this set of seqs, overall K R D E percentages = 4.2550 2.7071 6.1097 2.1312
